dataset,n_records,dim,query_id,k,selectivity,strategy,base_nprobe,nprobe_used,returned_count,recall_at_k,latency_ms,t_centers_ms,t_fetch_pl_ms,t_bf_pl_ms,t_merge_ms,centers,candidates_before_filter,candidates_after_filter,filter_shape,max_factor,epsilon
sift1m,50000,128,0,10,0.001000,adaptive,8,64,1,0.100000,3.009,0.224,2.694,0.016,0.004,64,2163,1,bernoulli,8.0000,0.001000
sift1m,50000,128,0,10,0.001000,adaptive,16,128,2,0.200000,4.897,0.208,4.535,0.028,0.005,128,4218,2,bernoulli,8.0000,0.001000
sift1m,50000,128,0,10,0.001000,adaptive,32,256,3,0.300000,9.652,0.252,9.098,0.058,0.005,256,8552,3,bernoulli,8.0000,0.001000
sift1m,50000,128,0,10,0.001000,adaptive,64,512,8,0.600000,19.607,0.470,18.475,0.162,0.014,512,16964,11,bernoulli,8.0000,0.001000
sift1m,50000,128,0,10,0.010000,adaptive,8,64,10,0.500000,2.810,0.216,2.489,0.021,0.015,64,2163,14,bernoulli,8.0000,0.001000
sift1m,50000,128,0,10,0.010000,adaptive,16,128,10,0.700000,4.527,0.184,4.181,0.035,0.005,128,4218,27,bernoulli,8.0000,0.001000
sift1m,50000,128,0,10,0.010000,adaptive,32,256,10,1.000000,9.524,0.234,8.921,0.078,0.017,256,8552,71,bernoulli,8.0000,0.001000
sift1m,50000,128,0,10,0.010000,adaptive,64,512,10,1.000000,19.064,0.553,17.850,0.145,0.019,512,16964,136,bernoulli,8.0000,0.001000
sift1m,50000,128,0,10,0.050000,adaptive,8,64,10,0.900000,2.905,0.239,2.537,0.044,0.007,64,2163,86,bernoulli,8.0000,0.001000
sift1m,50000,128,0,10,0.050000,adaptive,16,128,10,1.000000,4.624,0.167,4.232,0.055,0.015,128,4218,185,bernoulli,8.0000,0.001000
sift1m,50000,128,0,10,0.050000,adaptive,32,256,10,1.000000,9.451,0.308,8.698,0.119,0.018,256,8552,384,bernoulli,8.0000,0.001000
sift1m,50000,128,0,10,0.050000,adaptive,64,512,10,1.000000,19.891,0.442,18.543,0.235,0.043,512,16964,800,bernoulli,8.0000,0.001000
sift1m,50000,128,0,10,0.100000,adaptive,8,64,10,1.000000,2.733,0.225,2.396,0.016,0.009,64,2163,200,bernoulli,8.0000,0.001000
sift1m,50000,128,0,10,0.100000,adaptive,16,128,10,1.000000,4.990,0.166,4.604,0.032,0.014,128,4218,404,bernoulli,8.0000,0.001000
sift1m,50000,128,0,10,0.100000,adaptive,32,256,10,1.000000,9.736,0.350,8.968,0.063,0.021,256,8552,836,bernoulli,8.0000,0.001000
sift1m,50000,128,0,10,0.100000,adaptive,64,512,10,1.000000,19.269,0.495,17.911,0.125,0.042,512,16964,1633,bernoulli,8.0000,0.001000
sift1m,50000,128,0,10,0.500000,adaptive,8,16,10,1.000000,1.051,0.221,0.775,0.017,0.004,16,614,302,bernoulli,8.0000,0.001000
sift1m,50000,128,0,10,0.500000,adaptive,16,32,10,1.000000,1.438,0.104,1.236,0.029,0.004,32,1143,555,bernoulli,8.0000,0.001000
sift1m,50000,128,0,10,0.500000,adaptive,32,64,10,1.000000,2.550,0.102,2.269,0.054,0.007,64,2163,1059,bernoulli,8.0000,0.001000
sift1m,50000,128,0,10,0.500000,adaptive,64,128,10,1.000000,5.158,0.133,4.664,0.109,0.018,128,4218,2083,bernoulli,8.0000,0.001000
sift1m,50000,128,0,10,1.000000,adaptive,8,8,10,0.500000,0.694,0.199,0.464,0.011,0.003,8,281,281,bernoulli,8.0000,0.001000
sift1m,50000,128,0,10,1.000000,adaptive,16,16,10,1.000000,0.915,0.105,0.758,0.021,0.002,16,614,614,bernoulli,8.0000,0.001000
sift1m,50000,128,0,10,1.000000,adaptive,32,32,10,1.000000,1.484,0.114,1.276,0.040,0.003,32,1143,1143,bernoulli,8.0000,0.001000
sift1m,50000,128,0,10,1.000000,adaptive,64,64,10,1.000000,2.674,0.105,2.386,0.078,0.011,64,2163,2163,bernoulli,8.0000,0.001000
sift1m,50000,128,1,10,0.001000,adaptive,8,64,0,0.000000,2.666,0.176,2.407,0.014,0.002,64,2242,0,bernoulli,8.0000,0.001000
sift1m,50000,128,1,10,0.001000,adaptive,16,128,4,0.400000,5.115,0.147,4.799,0.028,0.005,128,4382,4,bernoulli,8.0000,0.001000
sift1m,50000,128,1,10,0.001000,adaptive,32,256,4,0.400000,10.243,0.302,9.562,0.108,0.011,256,8693,5,bernoulli,8.0000,0.001000
sift1m,50000,128,1,10,0.001000,adaptive,64,512,4,0.400000,29.452,0.555,27.648,0.147,0.013,512,17213,7,bernoulli,8.0000,0.001000
sift1m,50000,128,1,10,0.010000,adaptive,8,64,10,0.600000,7.913,0.988,6.733,0.042,0.006,64,2242,17,bernoulli,8.0000,0.001000
sift1m,50000,128,1,10,0.010000,adaptive,16,128,10,0.700000,15.091,0.594,14.135,0.079,0.008,128,4382,32,bernoulli,8.0000,0.001000
sift1m,50000,128,1,10,0.010000,adaptive,32,256,10,0.900000,21.448,0.393,20.415,0.133,0.012,256,8693,61,bernoulli,8.0000,0.001000
sift1m,50000,128,1,10,0.010000,adaptive,64,512,10,1.000000,24.284,0.745,22.739,0.159,0.021,512,17213,131,bernoulli,8.0000,0.001000
sift1m,50000,128,1,10,0.050000,adaptive,8,64,10,1.000000,2.732,0.227,2.382,0.031,0.006,64,2242,129,bernoulli,8.0000,0.001000
sift1m,50000,128,1,10,0.050000,adaptive,16,128,10,1.000000,5.174,0.139,4.782,0.068,0.016,128,4382,260,bernoulli,8.0000,0.001000
sift1m,50000,128,1,10,0.050000,adaptive,32,256,10,1.000000,10.451,0.328,9.575,0.130,0.027,256,8693,534,bernoulli,8.0000,0.001000
sift1m,50000,128,1,10,0.050000,adaptive,64,512,10,1.000000,20.179,0.525,18.665,0.267,0.049,512,17213,1018,bernoulli,8.0000,0.001000
sift1m,50000,128,1,10,0.100000,adaptive,8,64,10,1.000000,2.966,0.225,2.627,0.017,0.008,64,2242,222,bernoulli,8.0000,0.001000
sift1m,50000,128,1,10,0.100000,adaptive,16,128,10,1.000000,5.101,0.158,4.706,0.034,0.018,128,4382,464,bernoulli,8.0000,0.001000
sift1m,50000,128,1,10,0.100000,adaptive,32,256,10,1.000000,10.712,0.294,9.943,0.068,0.026,256,8693,883,bernoulli,8.0000,0.001000
sift1m,50000,128,1,10,0.100000,adaptive,64,512,10,1.000000,19.659,0.569,18.207,0.131,0.050,512,17213,1730,bernoulli,8.0000,0.001000
sift1m,50000,128,1,10,0.500000,adaptive,8,16,10,1.000000,0.916,0.167,0.701,0.015,0.003,16,547,260,bernoulli,8.0000,0.001000
sift1m,50000,128,1,10,0.500000,adaptive,16,32,10,1.000000,1.450,0.094,1.265,0.029,0.004,32,1136,556,bernoulli,8.0000,0.001000
sift1m,50000,128,1,10,0.500000,adaptive,32,64,10,1.000000,2.681,0.105,2.392,0.056,0.007,64,2242,1085,bernoulli,8.0000,0.001000
sift1m,50000,128,1,10,0.500000,adaptive,64,128,10,1.000000,5.469,0.174,4.882,0.109,0.017,128,4382,2154,bernoulli,8.0000,0.001000
sift1m,50000,128,1,10,1.000000,adaptive,8,8,10,0.900000,0.623,0.200,0.381,0.010,0.003,8,252,252,bernoulli,8.0000,0.001000
sift1m,50000,128,1,10,1.000000,adaptive,16,16,10,0.900000,0.793,0.100,0.639,0.021,0.003,16,547,547,bernoulli,8.0000,0.001000
sift1m,50000,128,1,10,1.000000,adaptive,32,32,10,1.000000,1.543,0.107,1.332,0.042,0.005,32,1136,1136,bernoulli,8.0000,0.001000
sift1m,50000,128,1,10,1.000000,adaptive,64,64,10,1.000000,2.664,0.102,2.350,0.096,0.006,64,2242,2242,bernoulli,8.0000,0.001000
sift1m,50000,128,2,10,0.001000,adaptive,8,64,0,0.000000,2.451,0.186,2.190,0.013,0.001,64,2166,0,bernoulli,8.0000,0.001000
sift1m,50000,128,2,10,0.001000,adaptive,16,128,0,0.000000,4.989,0.127,4.710,0.028,0.003,128,4279,0,bernoulli,8.0000,0.001000
sift1m,50000,128,2,10,0.001000,adaptive,32,256,4,0.300000,9.278,0.228,8.754,0.055,0.007,256,8505,4,bernoulli,8.0000,0.001000
sift1m,50000,128,2,10,0.001000,adaptive,64,512,5,0.400000,18.971,0.565,17.827,0.111,0.010,512,16947,8,bernoulli,8.0000,0.001000
sift1m,50000,128,2,10,0.010000,adaptive,8,64,10,0.700000,2.682,0.225,2.352,0.023,0.005,64,2166,20,bernoulli,8.0000,0.001000
sift1m,50000,128,2,10,0.010000,adaptive,16,128,10,0.800000,4.805,0.147,4.470,0.054,0.007,128,4279,45,bernoulli,8.0000,0.001000
sift1m,50000,128,2,10,0.010000,adaptive,32,256,10,1.000000,9.556,0.228,8.959,0.102,0.011,256,8505,91,bernoulli,8.0000,0.001000
sift1m,50000,128,2,10,0.010000,adaptive,64,512,10,1.000000,19.392,0.475,18.060,0.278,0.025,512,16947,161,bernoulli,8.0000,0.001000
sift1m,50000,128,2,10,0.050000,adaptive,8,64,10,0.900000,2.581,0.193,2.271,0.034,0.006,64,2166,97,bernoulli,8.0000,0.001000
sift1m,50000,128,2,10,0.050000,adaptive,16,128,10,1.000000,4.610,0.134,4.259,0.057,0.010,128,4279,205,bernoulli,8.0000,0.001000
sift1m,50000,128,2,10,0.050000,adaptive,32,256,10,1.000000,10.005,0.231,9.314,0.116,0.018,256,8505,417,bernoulli,8.0000,0.001000
sift1m,50000,128,2,10,0.050000,adaptive,64,512,10,1.000000,20.645,0.518,19.148,0.242,0.043,512,16947,843,bernoulli,8.0000,0.001000
sift1m,50000,128,2,10,0.100000,adaptive,8,64,10,1.000000,2.614,0.243,2.257,0.016,0.009,64,2166,194,bernoulli,8.0000,0.001000
sift1m,50000,128,2,10,0.100000,adaptive,16,128,10,1.000000,4.747,0.191,4.348,0.030,0.012,128,4279,399,bernoulli,8.0000,0.001000
sift1m,50000,128,2,10,0.100000,adaptive,32,256,10,1.000000,10.045,0.233,9.348,0.063,0.029,256,8505,815,bernoulli,8.0000,0.001000
sift1m,50000,128,2,10,0.100000,adaptive,64,512,10,1.000000,19.505,0.580,18.044,0.130,0.062,512,16947,1597,bernoulli,8.0000,0.001000
sift1m,50000,128,2,10,0.500000,adaptive,8,16,10,1.000000,0.925,0.185,0.690,0.014,0.005,16,489,228,bernoulli,8.0000,0.001000
sift1m,50000,128,2,10,0.500000,adaptive,16,32,10,1.000000,1.497,0.144,1.258,0.028,0.005,32,1044,514,bernoulli,8.0000,0.001000
sift1m,50000,128,2,10,0.500000,adaptive,32,64,10,1.000000,2.497,0.109,2.213,0.054,0.006,64,2166,1068,bernoulli,8.0000,0.001000
sift1m,50000,128,2,10,0.500000,adaptive,64,128,10,1.000000,4.789,0.126,4.320,0.109,0.013,128,4279,2120,bernoulli,8.0000,0.001000
sift1m,50000,128,2,10,1.000000,adaptive,8,8,10,1.000000,0.615,0.198,0.389,0.011,0.003,8,257,257,bernoulli,8.0000,0.001000
sift1m,50000,128,2,10,1.000000,adaptive,16,16,10,1.000000,0.716,0.085,0.581,0.020,0.003,16,489,489,bernoulli,8.0000,0.001000
sift1m,50000,128,2,10,1.000000,adaptive,32,32,10,1.000000,1.383,0.100,1.189,0.041,0.004,32,1044,1044,bernoulli,8.0000,0.001000
sift1m,50000,128,2,10,1.000000,adaptive,64,64,10,1.000000,2.649,0.136,2.327,0.082,0.007,64,2166,2166,bernoulli,8.0000,0.001000
sift1m,50000,128,3,10,0.001000,adaptive,8,64,0,0.000000,2.673,0.212,2.366,0.014,0.002,64,2173,0,bernoulli,8.0000,0.001000
sift1m,50000,128,3,10,0.001000,adaptive,16,128,1,0.100000,4.988,0.142,4.647,0.027,0.003,128,4354,1,bernoulli,8.0000,0.001000
sift1m,50000,128,3,10,0.001000,adaptive,32,256,3,0.300000,9.889,0.278,9.228,0.058,0.011,256,8477,4,bernoulli,8.0000,0.001000
sift1m,50000,128,3,10,0.001000,adaptive,64,512,6,0.600000,19.483,0.572,18.117,0.108,0.010,512,16945,9,bernoulli,8.0000,0.001000
sift1m,50000,128,3,10,0.010000,adaptive,8,64,10,0.900000,2.493,0.177,2.227,0.020,0.005,64,2173,30,bernoulli,8.0000,0.001000
sift1m,50000,128,3,10,0.010000,adaptive,16,128,10,1.000000,5.100,0.136,4.777,0.044,0.010,128,4354,61,bernoulli,8.0000,0.001000
sift1m,50000,128,3,10,0.010000,adaptive,32,256,10,1.000000,9.700,0.257,9.079,0.086,0.016,256,8477,99,bernoulli,8.0000,0.001000
sift1m,50000,128,3,10,0.010000,adaptive,64,512,10,1.000000,19.744,0.468,18.520,0.191,0.032,512,16945,191,bernoulli,8.0000,0.001000
sift1m,50000,128,3,10,0.050000,adaptive,8,64,10,1.000000,2.815,0.202,2.479,0.031,0.008,64,2173,110,bernoulli,8.0000,0.001000
sift1m,50000,128,3,10,0.050000,adaptive,16,128,10,1.000000,5.230,0.160,4.832,0.058,0.015,128,4354,211,bernoulli,8.0000,0.001000
sift1m,50000,128,3,10,0.050000,adaptive,32,256,10,1.000000,9.941,0.338,9.155,0.123,0.021,256,8477,413,bernoulli,8.0000,0.001000
sift1m,50000,128,3,10,0.050000,adaptive,64,512,10,1.000000,20.290,0.497,18.858,0.228,0.035,512,16945,818,bernoulli,8.0000,0.001000
sift1m,50000,128,3,10,0.100000,adaptive,8,64,10,1.000000,2.670,0.210,2.355,0.014,0.007,64,2173,172,bernoulli,8.0000,0.001000
sift1m,50000,128,3,10,0.100000,adaptive,16,128,10,1.000000,5.030,0.142,4.659,0.030,0.017,128,4354,370,bernoulli,8.0000,0.001000
sift1m,50000,128,3,10,0.100000,adaptive,32,256,10,1.000000,9.466,0.227,8.832,0.059,0.024,256,8477,780,bernoulli,8.0000,0.001000
sift1m,50000,128,3,10,0.100000,adaptive,64,512,10,1.000000,19.851,0.497,18.452,0.128,0.058,512,16945,1609,bernoulli,8.0000,0.001000
sift1m,50000,128,3,10,0.500000,adaptive,8,16,10,1.000000,1.008,0.169,0.783,0.015,0.004,16,561,253,bernoulli,8.0000,0.001000
sift1m,50000,128,3,10,0.500000,adaptive,16,32,10,1.000000,1.429,0.101,1.241,0.025,0.005,32,1085,490,bernoulli,8.0000,0.001000
sift1m,50000,128,3,10,0.500000,adaptive,32,64,10,1.000000,2.668,0.100,2.396,0.052,0.008,64,2173,1019,bernoulli,8.0000,0.001000
sift1m,50000,128,3,10,0.500000,adaptive,64,128,10,1.000000,5.329,0.139,4.819,0.111,0.013,128,4354,2064,bernoulli,8.0000,0.001000
sift1m,50000,128,3,10,1.000000,adaptive,8,8,10,1.000000,0.619,0.183,0.407,0.011,0.002,8,296,296,bernoulli,8.0000,0.001000
sift1m,50000,128,3,10,1.000000,adaptive,16,16,10,1.000000,0.732,0.070,0.598,0.020,0.003,16,561,561,bernoulli,8.0000,0.001000
sift1m,50000,128,3,10,1.000000,adaptive,32,32,10,1.000000,1.318,0.069,1.162,0.040,0.005,32,1085,1085,bernoulli,8.0000,0.001000
sift1m,50000,128,3,10,1.000000,adaptive,64,64,10,1.000000,2.583,0.084,2.327,0.080,0.007,64,2173,2173,bernoulli,8.0000,0.001000
sift1m,50000,128,4,10,0.001000,adaptive,8,64,3,0.300000,2.979,0.252,2.593,0.038,0.004,64,2145,3,bernoulli,8.0000,0.001000
sift1m,50000,128,4,10,0.001000,adaptive,16,128,5,0.500000,5.030,0.187,4.632,0.029,0.005,128,4316,8,bernoulli,8.0000,0.001000
sift1m,50000,128,4,10,0.001000,adaptive,32,256,6,0.600000,10.275,0.388,9.467,0.060,0.009,256,8699,12,bernoulli,8.0000,0.001000
sift1m,50000,128,4,10,0.001000,adaptive,64,512,10,1.000000,19.718,0.455,18.391,0.163,0.013,512,16965,23,bernoulli,8.0000,0.001000
sift1m,50000,128,4,10,0.010000,adaptive,8,64,9,0.300000,2.558,0.184,2.287,0.018,0.004,64,2145,9,bernoulli,8.0000,0.001000
sift1m,50000,128,4,10,0.010000,adaptive,16,128,10,0.500000,4.691,0.151,4.378,0.035,0.008,128,4316,26,bernoulli,8.0000,0.001000
sift1m,50000,128,4,10,0.010000,adaptive,32,256,10,1.000000,9.564,0.237,8.992,0.073,0.011,256,8699,64,bernoulli,8.0000,0.001000
sift1m,50000,128,4,10,0.010000,adaptive,64,512,10,1.000000,18.702,0.470,17.585,0.145,0.019,512,16965,127,bernoulli,8.0000,0.001000
sift1m,50000,128,4,10,0.050000,adaptive,8,64,10,1.000000,2.539,0.221,2.191,0.029,0.007,64,2145,102,bernoulli,8.0000,0.001000
sift1m,50000,128,4,10,0.050000,adaptive,16,128,10,1.000000,4.901,0.138,4.520,0.058,0.011,128,4316,198,bernoulli,8.0000,0.001000
sift1m,50000,128,4,10,0.050000,adaptive,32,256,10,1.000000,10.656,0.257,9.926,0.119,0.024,256,8699,420,bernoulli,8.0000,0.001000
sift1m,50000,128,4,10,0.050000,adaptive,64,512,10,1.000000,19.997,0.584,18.503,0.229,0.037,512,16965,835,bernoulli,8.0000,0.001000
sift1m,50000,128,4,10,0.100000,adaptive,8,64,10,0.900000,2.729,0.228,2.392,0.016,0.007,64,2145,194,bernoulli,8.0000,0.001000
sift1m,50000,128,4,10,0.100000,adaptive,16,128,10,0.900000,5.188,0.148,4.809,0.031,0.018,128,4316,405,bernoulli,8.0000,0.001000
sift1m,50000,128,4,10,0.100000,adaptive,32,256,10,1.000000,10.986,0.378,10.140,0.067,0.023,256,8699,860,bernoulli,8.0000,0.001000
sift1m,50000,128,4,10,0.100000,adaptive,64,512,10,1.000000,19.894,0.554,18.444,0.130,0.046,512,16965,1673,bernoulli,8.0000,0.001000
sift1m,50000,128,4,10,0.500000,adaptive,8,16,10,1.000000,0.867,0.163,0.658,0.015,0.003,16,512,260,bernoulli,8.0000,0.001000
sift1m,50000,128,4,10,0.500000,adaptive,16,32,10,1.000000,1.312,0.096,1.128,0.028,0.007,32,1079,557,bernoulli,8.0000,0.001000
sift1m,50000,128,4,10,0.500000,adaptive,32,64,10,1.000000,2.557,0.100,2.279,0.055,0.011,64,2145,1067,bernoulli,8.0000,0.001000
sift1m,50000,128,4,10,0.500000,adaptive,64,128,10,1.000000,5.155,0.152,4.659,0.112,0.012,128,4316,2169,bernoulli,8.0000,0.001000
sift1m,50000,128,4,10,1.000000,adaptive,8,8,10,0.500000,0.453,0.126,0.297,0.010,0.002,8,259,259,bernoulli,8.0000,0.001000
sift1m,50000,128,4,10,1.000000,adaptive,16,16,10,0.900000,0.640,0.082,0.514,0.019,0.003,16,512,512,bernoulli,8.0000,0.001000
sift1m,50000,128,4,10,1.000000,adaptive,32,32,10,1.000000,1.294,0.083,1.105,0.038,0.004,32,1079,1079,bernoulli,8.0000,0.001000
sift1m,50000,128,4,10,1.000000,adaptive,64,64,10,1.000000,2.417,0.091,2.125,0.076,0.007,64,2145,2145,bernoulli,8.0000,0.001000
sift1m,50000,128,5,10,0.001000,adaptive,8,64,4,0.400000,3.007,0.230,2.690,0.015,0.009,64,2211,5,bernoulli,8.0000,0.001000
sift1m,50000,128,5,10,0.001000,adaptive,16,128,6,0.600000,5.075,0.248,4.675,0.031,0.005,128,4329,9,bernoulli,8.0000,0.001000
sift1m,50000,128,5,10,0.001000,adaptive,32,256,7,0.700000,10.192,0.269,9.606,0.065,0.007,256,8741,11,bernoulli,8.0000,0.001000
sift1m,50000,128,5,10,0.001000,adaptive,64,512,7,0.700000,19.488,0.626,18.257,0.110,0.014,512,17061,17,bernoulli,8.0000,0.001000
sift1m,50000,128,5,10,0.010000,adaptive,8,64,10,0.500000,2.633,0.208,2.339,0.019,0.004,64,2211,26,bernoulli,8.0000,0.001000
sift1m,50000,128,5,10,0.010000,adaptive,16,128,10,0.800000,5.090,0.150,4.736,0.066,0.011,128,4329,51,bernoulli,8.0000,0.001000
sift1m,50000,128,5,10,0.010000,adaptive,32,256,10,0.800000,10.298,0.354,9.597,0.082,0.015,256,8741,121,bernoulli,8.0000,0.001000
sift1m,50000,128,5,10,0.010000,adaptive,64,512,10,1.000000,19.403,0.673,17.946,0.269,0.025,512,17061,213,bernoulli,8.0000,0.001000
sift1m,50000,128,5,10,0.050000,adaptive,8,64,10,0.900000,2.656,0.251,2.287,0.030,0.007,64,2211,111,bernoulli,8.0000,0.001000
sift1m,50000,128,5,10,0.050000,adaptive,16,128,10,1.000000,4.764,0.165,4.379,0.058,0.010,128,4329,227,bernoulli,8.0000,0.001000
sift1m,50000,128,5,10,0.050000,adaptive,32,256,10,1.000000,10.297,0.239,9.511,0.187,0.018,256,8741,452,bernoulli,8.0000,0.001000
sift1m,50000,128,5,10,0.050000,adaptive,64,512,10,1.000000,19.279,0.488,17.839,0.260,0.041,512,17061,871,bernoulli,8.0000,0.001000
sift1m,50000,128,5,10,0.100000,adaptive,8,64,10,1.000000,2.875,0.239,2.520,0.017,0.010,64,2211,204,bernoulli,8.0000,0.001000
sift1m,50000,128,5,10,0.100000,adaptive,16,128,10,1.000000,4.986,0.170,4.604,0.032,0.012,128,4329,407,bernoulli,8.0000,0.001000
sift1m,50000,128,5,10,0.100000,adaptive,32,256,10,1.000000,10.394,0.248,9.695,0.064,0.023,256,8741,826,bernoulli,8.0000,0.001000
sift1m,50000,128,5,10,0.100000,adaptive,64,512,10,1.000000,19.316,0.632,17.803,0.143,0.042,512,17061,1644,bernoulli,8.0000,0.001000
sift1m,50000,128,5,10,0.500000,adaptive,8,16,10,1.000000,0.952,0.221,0.684,0.015,0.003,16,525,271,bernoulli,8.0000,0.001000
sift1m,50000,128,5,10,0.500000,adaptive,16,32,10,1.000000,1.384,0.098,1.200,0.028,0.004,32,1089,553,bernoulli,8.0000,0.001000
sift1m,50000,128,5,10,0.500000,adaptive,32,64,10,1.000000,3.283,0.114,2.948,0.059,0.010,64,2211,1115,bernoulli,8.0000,0.001000
sift1m,50000,128,5,10,0.500000,adaptive,64,128,10,1.000000,5.591,0.236,4.970,0.112,0.013,128,4329,2117,bernoulli,8.0000,0.001000
sift1m,50000,128,5,10,1.000000,adaptive,8,8,10,0.700000,0.663,0.210,0.419,0.011,0.002,8,281,281,bernoulli,8.0000,0.001000
sift1m,50000,128,5,10,1.000000,adaptive,16,16,10,0.900000,0.719,0.092,0.585,0.019,0.002,16,525,525,bernoulli,8.0000,0.001000
sift1m,50000,128,5,10,1.000000,adaptive,32,32,10,0.900000,1.325,0.084,1.152,0.039,0.004,32,1089,1089,bernoulli,8.0000,0.001000
sift1m,50000,128,5,10,1.000000,adaptive,64,64,10,1.000000,2.667,0.096,2.394,0.080,0.006,64,2211,2211,bernoulli,8.0000,0.001000
sift1m,50000,128,6,10,0.001000,adaptive,8,64,4,0.400000,2.498,0.179,2.234,0.014,0.002,64,2192,6,bernoulli,8.0000,0.001000
sift1m,50000,128,6,10,0.001000,adaptive,16,128,4,0.400000,4.705,0.143,4.396,0.026,0.006,128,4329,7,bernoulli,8.0000,0.001000
sift1m,50000,128,6,10,0.001000,adaptive,32,256,6,0.600000,9.792,0.248,9.202,0.054,0.008,256,8539,13,bernoulli,8.0000,0.001000
sift1m,50000,128,6,10,0.001000,adaptive,64,512,8,0.800000,19.621,0.589,18.334,0.128,0.017,512,17316,21,bernoulli,8.0000,0.001000
sift1m,50000,128,6,10,0.010000,adaptive,8,64,10,0.600000,2.866,0.245,2.524,0.020,0.006,64,2192,23,bernoulli,8.0000,0.001000
sift1m,50000,128,6,10,0.010000,adaptive,16,128,10,0.700000,4.908,0.248,4.473,0.037,0.009,128,4329,43,bernoulli,8.0000,0.001000
sift1m,50000,128,6,10,0.010000,adaptive,32,256,10,0.900000,9.338,0.383,8.622,0.073,0.012,256,8539,79,bernoulli,8.0000,0.001000
sift1m,50000,128,6,10,0.010000,adaptive,64,512,10,1.000000,20.514,0.618,19.175,0.168,0.020,512,17316,166,bernoulli,8.0000,0.001000
sift1m,50000,128,6,10,0.050000,adaptive,8,64,10,0.900000,2.649,0.235,2.297,0.030,0.006,64,2192,107,bernoulli,8.0000,0.001000
sift1m,50000,128,6,10,0.050000,adaptive,16,128,10,1.000000,4.873,0.163,4.486,0.058,0.010,128,4329,227,bernoulli,8.0000,0.001000
sift1m,50000,128,6,10,0.050000,adaptive,32,256,10,1.000000,10.556,0.241,9.833,0.127,0.025,256,8539,462,bernoulli,8.0000,0.001000
sift1m,50000,128,6,10,0.050000,adaptive,64,512,10,1.000000,20.172,0.594,18.659,0.238,0.036,512,17316,897,bernoulli,8.0000,0.001000
sift1m,50000,128,6,10,0.100000,adaptive,8,64,10,1.000000,2.569,0.219,2.245,0.016,0.006,64,2192,198,bernoulli,8.0000,0.001000
sift1m,50000,128,6,10,0.100000,adaptive,16,128,10,1.000000,5.385,0.146,5.014,0.032,0.013,128,4329,400,bernoulli,8.0000,0.001000
sift1m,50000,128,6,10,0.100000,adaptive,32,256,10,1.000000,9.900,0.238,9.232,0.060,0.029,256,8539,790,bernoulli,8.0000,0.001000
sift1m,50000,128,6,10,0.100000,adaptive,64,512,10,1.000000,19.483,0.477,18.168,0.125,0.046,512,17316,1615,bernoulli,8.0000,0.001000
sift1m,50000,128,6,10,0.500000,adaptive,8,16,10,1.000000,0.847,0.182,0.620,0.014,0.003,16,528,252,bernoulli,8.0000,0.001000
sift1m,50000,128,6,10,0.500000,adaptive,16,32,10,1.000000,1.326,0.097,1.142,0.028,0.003,32,1093,537,bernoulli,8.0000,0.001000
sift1m,50000,128,6,10,0.500000,adaptive,32,64,10,1.000000,2.923,0.102,2.593,0.055,0.012,64,2192,1058,bernoulli,8.0000,0.001000
sift1m,50000,128,6,10,0.500000,adaptive,64,128,10,1.000000,5.167,0.244,4.505,0.111,0.011,128,4329,2130,bernoulli,8.0000,0.001000
sift1m,50000,128,6,10,1.000000,adaptive,8,8,10,0.800000,0.620,0.229,0.363,0.011,0.003,8,263,263,bernoulli,8.0000,0.001000
sift1m,50000,128,6,10,1.000000,adaptive,16,16,10,1.000000,0.730,0.096,0.589,0.019,0.003,16,528,528,bernoulli,8.0000,0.001000
sift1m,50000,128,6,10,1.000000,adaptive,32,32,10,1.000000,1.402,0.097,1.154,0.056,0.005,32,1093,1093,bernoulli,8.0000,0.001000
sift1m,50000,128,6,10,1.000000,adaptive,64,64,10,1.000000,2.534,0.133,2.200,0.078,0.006,64,2192,2192,bernoulli,8.0000,0.001000
sift1m,50000,128,7,10,0.001000,adaptive,8,64,3,0.300000,2.818,0.169,2.548,0.015,0.004,64,2282,3,bernoulli,8.0000,0.001000
sift1m,50000,128,7,10,0.001000,adaptive,16,128,3,0.300000,5.616,0.194,5.222,0.038,0.005,128,4523,4,bernoulli,8.0000,0.001000
sift1m,50000,128,7,10,0.001000,adaptive,32,256,5,0.500000,9.877,0.255,9.255,0.055,0.006,256,8947,10,bernoulli,8.0000,0.001000
sift1m,50000,128,7,10,0.001000,adaptive,64,512,9,0.900000,20.154,0.440,18.896,0.202,0.013,512,17266,20,bernoulli,8.0000,0.001000
sift1m,50000,128,7,10,0.010000,adaptive,8,64,10,0.800000,2.837,0.197,2.550,0.021,0.005,64,2282,23,bernoulli,8.0000,0.001000
sift1m,50000,128,7,10,0.010000,adaptive,16,128,10,0.900000,5.251,0.130,4.935,0.042,0.009,128,4523,54,bernoulli,8.0000,0.001000
sift1m,50000,128,7,10,0.010000,adaptive,32,256,10,1.000000,9.883,0.274,9.252,0.083,0.016,256,8947,100,bernoulli,8.0000,0.001000
sift1m,50000,128,7,10,0.010000,adaptive,64,512,10,1.000000,19.368,0.477,18.174,0.162,0.022,512,17266,171,bernoulli,8.0000,0.001000
sift1m,50000,128,7,10,0.050000,adaptive,8,64,10,0.900000,2.753,0.168,2.469,0.029,0.009,64,2282,96,bernoulli,8.0000,0.001000
sift1m,50000,128,7,10,0.050000,adaptive,16,128,10,1.000000,5.219,0.130,4.845,0.059,0.019,128,4523,209,bernoulli,8.0000,0.001000
sift1m,50000,128,7,10,0.050000,adaptive,32,256,10,1.000000,10.714,0.318,9.928,0.127,0.021,256,8947,423,bernoulli,8.0000,0.001000
sift1m,50000,128,7,10,0.050000,adaptive,64,512,10,1.000000,19.907,0.540,18.452,0.242,0.034,512,17266,861,bernoulli,8.0000,0.001000
sift1m,50000,128,7,10,0.100000,adaptive,8,64,10,1.000000,3.101,0.172,2.793,0.017,0.010,64,2282,207,bernoulli,8.0000,0.001000
sift1m,50000,128,7,10,0.100000,adaptive,16,128,10,1.000000,4.974,0.129,4.632,0.031,0.012,128,4523,414,bernoulli,8.0000,0.001000
sift1m,50000,128,7,10,0.100000,adaptive,32,256,10,1.000000,10.247,0.216,9.573,0.065,0.022,256,8947,844,bernoulli,8.0000,0.001000
sift1m,50000,128,7,10,0.100000,adaptive,64,512,10,1.000000,19.391,0.443,18.086,0.127,0.039,512,17266,1672,bernoulli,8.0000,0.001000
sift1m,50000,128,7,10,0.500000,adaptive,8,16,10,1.000000,1.040,0.152,0.831,0.015,0.006,16,543,255,bernoulli,8.0000,0.001000
sift1m,50000,128,7,10,0.500000,adaptive,16,32,10,1.000000,1.558,0.131,1.314,0.029,0.005,32,1132,536,bernoulli,8.0000,0.001000
sift1m,50000,128,7,10,0.500000,adaptive,32,64,10,1.000000,2.857,0.106,2.541,0.059,0.012,64,2282,1123,bernoulli,8.0000,0.001000
sift1m,50000,128,7,10,0.500000,adaptive,64,128,10,1.000000,5.524,0.142,4.996,0.121,0.015,128,4523,2251,bernoulli,8.0000,0.001000
sift1m,50000,128,7,10,1.000000,adaptive,8,8,10,1.000000,0.525,0.152,0.348,0.010,0.003,8,242,242,bernoulli,8.0000,0.001000
sift1m,50000,128,7,10,1.000000,adaptive,16,16,10,1.000000,0.690,0.063,0.584,0.019,0.003,16,543,543,bernoulli,8.0000,0.001000
sift1m,50000,128,7,10,1.000000,adaptive,32,32,10,1.000000,1.314,0.062,1.166,0.040,0.004,32,1132,1132,bernoulli,8.0000,0.001000
sift1m,50000,128,7,10,1.000000,adaptive,64,64,10,1.000000,2.643,0.075,2.392,0.081,0.007,64,2282,2282,bernoulli,8.0000,0.001000
sift1m,50000,128,8,10,0.001000,adaptive,8,64,0,0.000000,3.045,0.258,2.684,0.016,0.003,64,2204,0,bernoulli,8.0000,0.001000
sift1m,50000,128,8,10,0.001000,adaptive,16,128,1,0.100000,5.377,0.266,4.904,0.028,0.008,128,4330,1,bernoulli,8.0000,0.001000
sift1m,50000,128,8,10,0.001000,adaptive,32,256,2,0.200000,10.259,0.314,9.549,0.069,0.005,256,8556,3,bernoulli,8.0000,0.001000
sift1m,50000,128,8,10,0.001000,adaptive,64,512,5,0.500000,20.963,0.500,19.630,0.166,0.012,512,16984,7,bernoulli,8.0000,0.001000
sift1m,50000,128,8,10,0.010000,adaptive,8,64,10,0.700000,3.023,0.308,2.614,0.026,0.005,64,2204,23,bernoulli,8.0000,0.001000
sift1m,50000,128,8,10,0.010000,adaptive,16,128,10,0.700000,4.890,0.218,4.496,0.040,0.007,128,4330,43,bernoulli,8.0000,0.001000
sift1m,50000,128,8,10,0.010000,adaptive,32,256,10,1.000000,10.370,0.272,9.703,0.092,0.017,256,8556,97,bernoulli,8.0000,0.001000
sift1m,50000,128,8,10,0.010000,adaptive,64,512,10,1.000000,19.630,0.626,18.206,0.213,0.027,512,16984,194,bernoulli,8.0000,0.001000
sift1m,50000,128,8,10,0.050000,adaptive,8,64,10,0.900000,2.874,0.243,2.504,0.031,0.008,64,2204,110,bernoulli,8.0000,0.001000
sift1m,50000,128,8,10,0.050000,adaptive,16,128,10,1.000000,5.480,0.204,5.000,0.086,0.017,128,4330,232,bernoulli,8.0000,0.001000
sift1m,50000,128,8,10,0.050000,adaptive,32,256,10,1.000000,10.025,0.379,9.173,0.117,0.022,256,8556,442,bernoulli,8.0000,0.001000
sift1m,50000,128,8,10,0.050000,adaptive,64,512,10,1.000000,19.744,0.632,18.191,0.237,0.040,512,16984,880,bernoulli,8.0000,0.001000
sift1m,50000,128,8,10,0.100000,adaptive,8,64,10,1.000000,2.816,0.255,2.447,0.018,0.008,64,2204,231,bernoulli,8.0000,0.001000
sift1m,50000,128,8,10,0.100000,adaptive,16,128,10,1.000000,4.809,0.171,4.411,0.034,0.015,128,4330,469,bernoulli,8.0000,0.001000
sift1m,50000,128,8,10,0.100000,adaptive,32,256,10,1.000000,9.659,0.359,8.871,0.067,0.021,256,8556,911,bernoulli,8.0000,0.001000
sift1m,50000,128,8,10,0.100000,adaptive,64,512,10,1.000000,19.470,0.479,18.051,0.133,0.042,512,16984,1759,bernoulli,8.0000,0.001000
sift1m,50000,128,8,10,0.500000,adaptive,8,16,10,1.000000,1.028,0.238,0.739,0.015,0.004,16,573,282,bernoulli,8.0000,0.001000
sift1m,50000,128,8,10,0.500000,adaptive,16,32,10,1.000000,1.414,0.114,1.211,0.028,0.004,32,1140,562,bernoulli,8.0000,0.001000
sift1m,50000,128,8,10,0.500000,adaptive,32,64,10,1.000000,3.349,0.107,2.944,0.061,0.008,64,2204,1061,bernoulli,8.0000,0.001000
sift1m,50000,128,8,10,0.500000,adaptive,64,128,10,1.000000,5.366,0.259,4.731,0.116,0.011,128,4330,2134,bernoulli,8.0000,0.001000
sift1m,50000,128,8,10,1.000000,adaptive,8,8,10,0.900000,0.686,0.225,0.424,0.012,0.002,8,296,296,bernoulli,8.0000,0.001000
sift1m,50000,128,8,10,1.000000,adaptive,16,16,10,0.900000,0.809,0.097,0.662,0.021,0.003,16,573,573,bernoulli,8.0000,0.001000
sift1m,50000,128,8,10,1.000000,adaptive,32,32,10,1.000000,1.501,0.092,1.305,0.045,0.006,32,1140,1140,bernoulli,8.0000,0.001000
sift1m,50000,128,8,10,1.000000,adaptive,64,64,10,1.000000,2.733,0.146,2.401,0.081,0.007,64,2204,2204,bernoulli,8.0000,0.001000
sift1m,50000,128,9,10,0.001000,adaptive,8,64,2,0.200000,2.506,0.171,2.248,0.014,0.002,64,2191,3,bernoulli,8.0000,0.001000
sift1m,50000,128,9,10,0.001000,adaptive,16,128,4,0.300000,5.208,0.143,4.884,0.028,0.006,128,4234,5,bernoulli,8.0000,0.001000
sift1m,50000,128,9,10,0.001000,adaptive,32,256,5,0.400000,9.954,0.313,9.286,0.056,0.012,256,8599,8,bernoulli,8.0000,0.001000
sift1m,50000,128,9,10,0.001000,adaptive,64,512,8,0.600000,19.543,0.642,18.182,0.119,0.012,512,16748,15,bernoulli,8.0000,0.001000
sift1m,50000,128,9,10,0.010000,adaptive,8,64,10,0.800000,2.592,0.178,2.326,0.019,0.005,64,2191,24,bernoulli,8.0000,0.001000
sift1m,50000,128,9,10,0.010000,adaptive,16,128,10,0.900000,4.753,0.187,4.402,0.037,0.006,128,4234,50,bernoulli,8.0000,0.001000
sift1m,50000,128,9,10,0.010000,adaptive,32,256,10,0.900000,9.761,0.242,9.184,0.075,0.012,256,8599,87,bernoulli,8.0000,0.001000
sift1m,50000,128,9,10,0.010000,adaptive,64,512,10,1.000000,19.125,0.560,17.876,0.178,0.019,512,16748,148,bernoulli,8.0000,0.001000
sift1m,50000,128,9,10,0.050000,adaptive,8,64,10,1.000000,2.894,0.289,2.483,0.031,0.008,64,2191,110,bernoulli,8.0000,0.001000
sift1m,50000,128,9,10,0.050000,adaptive,16,128,10,1.000000,4.693,0.183,4.293,0.056,0.014,128,4234,220,bernoulli,8.0000,0.001000
sift1m,50000,128,9,10,0.050000,adaptive,32,256,10,1.000000,10.335,0.231,9.647,0.117,0.027,256,8599,434,bernoulli,8.0000,0.001000
sift1m,50000,128,9,10,0.050000,adaptive,64,512,10,1.000000,19.959,0.626,18.358,0.291,0.041,512,16748,850,bernoulli,8.0000,0.001000
sift1m,50000,128,9,10,0.100000,adaptive,8,64,10,1.000000,2.954,0.213,2.610,0.017,0.013,64,2191,209,bernoulli,8.0000,0.001000
sift1m,50000,128,9,10,0.100000,adaptive,16,128,10,1.000000,4.842,0.242,4.388,0.031,0.014,128,4234,406,bernoulli,8.0000,0.001000
sift1m,50000,128,9,10,0.100000,adaptive,32,256,10,1.000000,9.554,0.276,8.829,0.076,0.027,256,8599,840,bernoulli,8.0000,0.001000
sift1m,50000,128,9,10,0.100000,adaptive,64,512,10,1.000000,19.044,0.553,17.653,0.125,0.042,512,16748,1569,bernoulli,8.0000,0.001000
sift1m,50000,128,9,10,0.500000,adaptive,8,16,10,1.000000,0.929,0.205,0.674,0.016,0.003,16,552,279,bernoulli,8.0000,0.001000
sift1m,50000,128,9,10,0.500000,adaptive,16,32,10,1.000000,1.376,0.097,1.188,0.028,0.004,32,1091,532,bernoulli,8.0000,0.001000
sift1m,50000,128,9,10,0.500000,adaptive,32,64,10,1.000000,2.595,0.111,2.308,0.054,0.008,64,2191,1051,bernoulli,8.0000,0.001000
sift1m,50000,128,9,10,0.500000,adaptive,64,128,10,1.000000,5.226,0.153,4.699,0.112,0.014,128,4234,2067,bernoulli,8.0000,0.001000
sift1m,50000,128,9,10,1.000000,adaptive,8,8,10,0.800000,0.743,0.245,0.459,0.012,0.003,8,299,299,bernoulli,8.0000,0.001000
sift1m,50000,128,9,10,1.000000,adaptive,16,16,10,0.900000,0.806,0.155,0.600,0.020,0.003,16,552,552,bernoulli,8.0000,0.001000
sift1m,50000,128,9,10,1.000000,adaptive,32,32,10,1.000000,1.380,0.097,1.187,0.040,0.005,32,1091,1091,bernoulli,8.0000,0.001000
sift1m,50000,128,9,10,1.000000,adaptive,64,64,10,1.000000,2.514,0.100,2.240,0.077,0.007,64,2191,2191,bernoulli,8.0000,0.001000
sift1m,50000,128,10,10,0.001000,adaptive,8,64,2,0.100000,2.737,0.242,2.381,0.015,0.002,64,2289,2,bernoulli,8.0000,0.001000
sift1m,50000,128,10,10,0.001000,adaptive,16,128,5,0.400000,6.154,0.159,5.750,0.029,0.006,128,4502,5,bernoulli,8.0000,0.001000
sift1m,50000,128,10,10,0.001000,adaptive,32,256,7,0.500000,10.833,0.499,9.886,0.058,0.006,256,8826,7,bernoulli,8.0000,0.001000
sift1m,50000,128,10,10,0.001000,adaptive,64,512,10,0.700000,20.615,0.500,19.171,0.175,0.017,512,17400,16,bernoulli,8.0000,0.001000
sift1m,50000,128,10,10,0.010000,adaptive,8,64,10,0.700000,2.885,0.226,2.561,0.020,0.005,64,2289,28,bernoulli,8.0000,0.001000
sift1m,50000,128,10,10,0.010000,adaptive,16,128,10,0.900000,5.237,0.177,4.881,0.039,0.007,128,4502,51,bernoulli,8.0000,0.001000
sift1m,50000,128,10,10,0.010000,adaptive,32,256,10,1.000000,10.276,0.321,9.549,0.097,0.015,256,8826,89,bernoulli,8.0000,0.001000
sift1m,50000,128,10,10,0.010000,adaptive,64,512,10,1.000000,19.346,0.526,18.144,0.149,0.023,512,17400,182,bernoulli,8.0000,0.001000
sift1m,50000,128,10,10,0.050000,adaptive,8,64,10,0.900000,3.078,0.262,2.687,0.033,0.010,64,2289,134,bernoulli,8.0000,0.001000
sift1m,50000,128,10,10,0.050000,adaptive,16,128,10,1.000000,5.358,0.245,4.882,0.062,0.011,128,4502,244,bernoulli,8.0000,0.001000
sift1m,50000,128,10,10,0.050000,adaptive,32,256,10,1.000000,10.275,0.294,9.527,0.117,0.020,256,8826,442,bernoulli,8.0000,0.001000
sift1m,50000,128,10,10,0.050000,adaptive,64,512,10,1.000000,19.975,0.587,18.492,0.232,0.033,512,17400,849,bernoulli,8.0000,0.001000
sift1m,50000,128,10,10,0.100000,adaptive,8,64,10,1.000000,3.140,0.227,2.780,0.019,0.010,64,2289,240,bernoulli,8.0000,0.001000
sift1m,50000,128,10,10,0.100000,adaptive,16,128,10,1.000000,5.287,0.266,4.780,0.035,0.015,128,4502,471,bernoulli,8.0000,0.001000
sift1m,50000,128,10,10,0.100000,adaptive,32,256,10,1.000000,10.493,0.284,9.678,0.070,0.030,256,8826,921,bernoulli,8.0000,0.001000
sift1m,50000,128,10,10,0.100000,adaptive,64,512,10,1.000000,19.902,0.605,18.432,0.138,0.050,512,17400,1772,bernoulli,8.0000,0.001000
sift1m,50000,128,10,10,0.500000,adaptive,8,16,10,1.000000,0.845,0.245,0.555,0.014,0.003,16,525,270,bernoulli,8.0000,0.001000
sift1m,50000,128,10,10,0.500000,adaptive,16,32,10,1.000000,1.375,0.113,1.171,0.030,0.004,32,1121,578,bernoulli,8.0000,0.001000
sift1m,50000,128,10,10,0.500000,adaptive,32,64,10,1.000000,2.662,0.116,2.371,0.057,0.006,64,2289,1143,bernoulli,8.0000,0.001000
sift1m,50000,128,10,10,0.500000,adaptive,64,128,10,1.000000,5.555,0.148,4.998,0.117,0.018,128,4502,2316,bernoulli,8.0000,0.001000
sift1m,50000,128,10,10,1.000000,adaptive,8,8,10,0.900000,0.614,0.204,0.382,0.011,0.002,8,282,282,bernoulli,8.0000,0.001000
sift1m,50000,128,10,10,1.000000,adaptive,16,16,10,0.900000,0.697,0.103,0.552,0.019,0.003,16,525,525,bernoulli,8.0000,0.001000
sift1m,50000,128,10,10,1.000000,adaptive,32,32,10,1.000000,1.428,0.095,1.243,0.039,0.004,32,1121,1121,bernoulli,8.0000,0.001000
sift1m,50000,128,10,10,1.000000,adaptive,64,64,10,1.000000,2.775,0.114,2.484,0.083,0.008,64,2289,2289,bernoulli,8.0000,0.001000
sift1m,50000,128,11,10,0.001000,adaptive,8,64,0,0.000000,2.591,0.219,2.263,0.013,0.002,64,2223,0,bernoulli,8.0000,0.001000
sift1m,50000,128,11,10,0.001000,adaptive,16,128,0,0.000000,4.746,0.144,4.400,0.027,0.003,128,4336,0,bernoulli,8.0000,0.001000
sift1m,50000,128,11,10,0.001000,adaptive,32,256,5,0.400000,10.112,0.244,9.449,0.056,0.006,256,8872,8,bernoulli,8.0000,0.001000
sift1m,50000,128,11,10,0.001000,adaptive,64,512,8,0.700000,19.994,0.542,18.626,0.117,0.012,512,17590,17,bernoulli,8.0000,0.001000
sift1m,50000,128,11,10,0.010000,adaptive,8,64,10,0.800000,2.783,0.243,2.444,0.026,0.005,64,2223,26,bernoulli,8.0000,0.001000
sift1m,50000,128,11,10,0.010000,adaptive,16,128,10,0.800000,5.143,0.167,4.773,0.052,0.009,128,4336,53,bernoulli,8.0000,0.001000
sift1m,50000,128,11,10,0.010000,adaptive,32,256,10,0.900000,9.506,0.288,8.855,0.082,0.011,256,8872,98,bernoulli,8.0000,0.001000
sift1m,50000,128,11,10,0.010000,adaptive,64,512,10,1.000000,20.395,0.470,19.121,0.255,0.026,512,17590,171,bernoulli,8.0000,0.001000
sift1m,50000,128,11,10,0.050000,adaptive,8,64,10,1.000000,3.284,0.170,2.966,0.036,0.009,64,2223,98,bernoulli,8.0000,0.001000
sift1m,50000,128,11,10,0.050000,adaptive,16,128,10,1.000000,5.793,0.240,5.300,0.061,0.012,128,4336,201,bernoulli,8.0000,0.001000
sift1m,50000,128,11,10,0.050000,adaptive,32,256,10,1.000000,10.280,0.311,9.499,0.121,0.020,256,8872,440,bernoulli,8.0000,0.001000
sift1m,50000,128,11,10,0.050000,adaptive,64,512,10,1.000000,20.780,0.531,19.289,0.246,0.042,512,17590,839,bernoulli,8.0000,0.001000
sift1m,50000,128,11,10,0.100000,adaptive,8,64,10,1.000000,3.115,0.237,2.742,0.019,0.016,64,2223,234,bernoulli,8.0000,0.001000
sift1m,50000,128,11,10,0.100000,adaptive,16,128,10,1.000000,5.115,0.241,4.650,0.034,0.017,128,4336,419,bernoulli,8.0000,0.001000
sift1m,50000,128,11,10,0.100000,adaptive,32,256,10,1.000000,10.155,0.285,9.398,0.079,0.025,256,8872,888,bernoulli,8.0000,0.001000
sift1m,50000,128,11,10,0.100000,adaptive,64,512,10,1.000000,20.247,0.489,18.857,0.134,0.043,512,17590,1782,bernoulli,8.0000,0.001000
sift1m,50000,128,11,10,0.500000,adaptive,8,16,10,1.000000,0.978,0.207,0.721,0.015,0.003,16,590,278,bernoulli,8.0000,0.001000
sift1m,50000,128,11,10,0.500000,adaptive,16,32,10,1.000000,1.448,0.104,1.250,0.029,0.004,32,1159,564,bernoulli,8.0000,0.001000
sift1m,50000,128,11,10,0.500000,adaptive,32,64,10,1.000000,2.615,0.112,2.330,0.055,0.007,64,2223,1104,bernoulli,8.0000,0.001000
sift1m,50000,128,11,10,0.500000,adaptive,64,128,10,1.000000,4.912,0.138,4.438,0.110,0.011,128,4336,2184,bernoulli,8.0000,0.001000
sift1m,50000,128,11,10,1.000000,adaptive,8,8,10,0.800000,0.591,0.157,0.396,0.011,0.003,8,277,277,bernoulli,8.0000,0.001000
sift1m,50000,128,11,10,1.000000,adaptive,16,16,10,1.000000,0.800,0.096,0.658,0.020,0.003,16,590,590,bernoulli,8.0000,0.001000
sift1m,50000,128,11,10,1.000000,adaptive,32,32,10,1.000000,1.444,0.082,1.270,0.039,0.004,32,1159,1159,bernoulli,8.0000,0.001000
sift1m,50000,128,11,10,1.000000,adaptive,64,64,10,1.000000,2.617,0.127,2.276,0.080,0.011,64,2223,2223,bernoulli,8.0000,0.001000
sift1m,50000,128,12,10,0.001000,adaptive,8,64,2,0.200000,2.741,0.211,2.410,0.023,0.009,64,2173,2,bernoulli,8.0000,0.001000
sift1m,50000,128,12,10,0.001000,adaptive,16,128,4,0.400000,5.205,0.225,4.769,0.028,0.004,128,4420,5,bernoulli,8.0000,0.001000
sift1m,50000,128,12,10,0.001000,adaptive,32,256,8,0.600000,10.252,0.251,9.530,0.089,0.010,256,8710,13,bernoulli,8.0000,0.001000
sift1m,50000,128,12,10,0.001000,adaptive,64,512,10,0.800000,19.211,0.459,17.935,0.118,0.012,512,17118,24,bernoulli,8.0000,0.001000
sift1m,50000,128,12,10,0.010000,adaptive,8,64,10,0.700000,2.432,0.177,2.169,0.019,0.005,64,2173,28,bernoulli,8.0000,0.001000
sift1m,50000,128,12,10,0.010000,adaptive,16,128,10,1.000000,5.559,0.139,5.198,0.079,0.013,128,4420,47,bernoulli,8.0000,0.001000
sift1m,50000,128,12,10,0.010000,adaptive,32,256,10,1.000000,10.348,0.357,9.616,0.087,0.035,256,8710,84,bernoulli,8.0000,0.001000
sift1m,50000,128,12,10,0.010000,adaptive,64,512,10,1.000000,19.181,0.465,18.047,0.152,0.019,512,17118,159,bernoulli,8.0000,0.001000
sift1m,50000,128,12,10,0.050000,adaptive,8,64,10,0.900000,2.498,0.181,2.204,0.029,0.006,64,2173,114,bernoulli,8.0000,0.001000
sift1m,50000,128,12,10,0.050000,adaptive,16,128,10,1.000000,5.415,0.144,5.023,0.063,0.020,128,4420,227,bernoulli,8.0000,0.001000
sift1m,50000,128,12,10,0.050000,adaptive,32,256,10,1.000000,10.378,0.337,9.562,0.133,0.023,256,8710,445,bernoulli,8.0000,0.001000
sift1m,50000,128,12,10,0.050000,adaptive,64,512,10,1.000000,19.849,0.436,18.505,0.239,0.043,512,17118,873,bernoulli,8.0000,0.001000
sift1m,50000,128,12,10,0.100000,adaptive,8,64,10,0.900000,2.768,0.256,2.399,0.015,0.009,64,2173,178,bernoulli,8.0000,0.001000
sift1m,50000,128,12,10,0.100000,adaptive,16,128,10,1.000000,5.432,0.178,5.008,0.033,0.015,128,4420,414,bernoulli,8.0000,0.001000
sift1m,50000,128,12,10,0.100000,adaptive,32,256,10,1.000000,9.926,0.340,9.166,0.064,0.025,256,8710,762,bernoulli,8.0000,0.001000
sift1m,50000,128,12,10,0.100000,adaptive,64,512,10,1.000000,19.217,0.469,17.870,0.122,0.058,512,17118,1581,bernoulli,8.0000,0.001000
sift1m,50000,128,12,10,0.500000,adaptive,8,16,10,0.900000,0.993,0.207,0.733,0.016,0.004,16,542,272,bernoulli,8.0000,0.001000
sift1m,50000,128,12,10,0.500000,adaptive,16,32,10,1.000000,1.390,0.098,1.201,0.028,0.004,32,1107,567,bernoulli,8.0000,0.001000
sift1m,50000,128,12,10,0.500000,adaptive,32,64,10,1.000000,2.757,0.113,2.436,0.058,0.007,64,2173,1113,bernoulli,8.0000,0.001000
sift1m,50000,128,12,10,0.500000,adaptive,64,128,10,1.000000,5.088,0.163,4.573,0.114,0.011,128,4420,2222,bernoulli,8.0000,0.001000
sift1m,50000,128,12,10,1.000000,adaptive,8,8,10,0.600000,0.693,0.291,0.374,0.011,0.003,8,273,273,bernoulli,8.0000,0.001000
sift1m,50000,128,12,10,1.000000,adaptive,16,16,10,0.900000,0.708,0.098,0.568,0.019,0.002,16,542,542,bernoulli,8.0000,0.001000
sift1m,50000,128,12,10,1.000000,adaptive,32,32,10,0.900000,1.333,0.082,1.165,0.039,0.004,32,1107,1107,bernoulli,8.0000,0.001000
sift1m,50000,128,12,10,1.000000,adaptive,64,64,10,0.900000,2.455,0.094,2.196,0.078,0.006,64,2173,2173,bernoulli,8.0000,0.001000
sift1m,50000,128,13,10,0.001000,adaptive,8,64,1,0.100000,2.545,0.160,2.268,0.014,0.002,64,2190,6,bernoulli,8.0000,0.001000
sift1m,50000,128,13,10,0.001000,adaptive,16,128,3,0.300000,5.249,0.137,4.843,0.027,0.007,128,4264,8,bernoulli,8.0000,0.001000
sift1m,50000,128,13,10,0.001000,adaptive,32,256,5,0.500000,9.634,0.239,8.920,0.064,0.006,256,8595,13,bernoulli,8.0000,0.001000
sift1m,50000,128,13,10,0.001000,adaptive,64,512,9,0.700000,19.828,0.453,18.384,0.159,0.017,512,17117,20,bernoulli,8.0000,0.001000
sift1m,50000,128,13,10,0.010000,adaptive,8,64,10,0.500000,2.684,0.195,2.397,0.021,0.005,64,2190,15,bernoulli,8.0000,0.001000
sift1m,50000,128,13,10,0.010000,adaptive,16,128,10,0.800000,5.061,0.159,4.717,0.041,0.009,128,4264,37,bernoulli,8.0000,0.001000
sift1m,50000,128,13,10,0.010000,adaptive,32,256,10,1.000000,10.118,0.352,9.385,0.084,0.016,256,8595,91,bernoulli,8.0000,0.001000
sift1m,50000,128,13,10,0.010000,adaptive,64,512,10,1.000000,19.950,0.610,18.629,0.165,0.032,512,17117,184,bernoulli,8.0000,0.001000
sift1m,50000,128,13,10,0.050000,adaptive,8,64,10,1.000000,2.639,0.232,2.295,0.029,0.007,64,2190,105,bernoulli,8.0000,0.001000
sift1m,50000,128,13,10,0.050000,adaptive,16,128,10,1.000000,4.841,0.161,4.463,0.055,0.010,128,4264,185,bernoulli,8.0000,0.001000
sift1m,50000,128,13,10,0.050000,adaptive,32,256,10,1.000000,10.010,0.234,9.333,0.120,0.022,256,8595,396,bernoulli,8.0000,0.001000
sift1m,50000,128,13,10,0.050000,adaptive,64,512,10,1.000000,18.980,0.501,17.517,0.279,0.036,512,17117,800,bernoulli,8.0000,0.001000
sift1m,50000,128,13,10,0.100000,adaptive,8,64,10,1.000000,2.617,0.226,2.285,0.016,0.007,64,2190,201,bernoulli,8.0000,0.001000
sift1m,50000,128,13,10,0.100000,adaptive,16,128,10,1.000000,5.323,0.148,4.918,0.031,0.019,128,4264,401,bernoulli,8.0000,0.001000
sift1m,50000,128,13,10,0.100000,adaptive,32,256,10,1.000000,10.394,0.323,9.620,0.066,0.025,256,8595,833,bernoulli,8.0000,0.001000
sift1m,50000,128,13,10,0.100000,adaptive,64,512,10,1.000000,20.358,0.526,18.904,0.132,0.046,512,17117,1689,bernoulli,8.0000,0.001000
sift1m,50000,128,13,10,0.500000,adaptive,8,16,10,1.000000,0.907,0.205,0.654,0.016,0.004,16,548,292,bernoulli,8.0000,0.001000
sift1m,50000,128,13,10,0.500000,adaptive,16,32,10,1.000000,1.367,0.095,1.183,0.029,0.004,32,1127,565,bernoulli,8.0000,0.001000
sift1m,50000,128,13,10,0.500000,adaptive,32,64,10,1.000000,3.145,0.103,2.789,0.061,0.010,64,2190,1105,bernoulli,8.0000,0.001000
sift1m,50000,128,13,10,0.500000,adaptive,64,128,10,1.000000,5.102,0.223,4.502,0.113,0.013,128,4264,2142,bernoulli,8.0000,0.001000
sift1m,50000,128,13,10,1.000000,adaptive,8,8,10,1.000000,0.666,0.187,0.449,0.012,0.002,8,341,341,bernoulli,8.0000,0.001000
sift1m,50000,128,13,10,1.000000,adaptive,16,16,10,1.000000,0.726,0.081,0.597,0.020,0.003,16,548,548,bernoulli,8.0000,0.001000
sift1m,50000,128,13,10,1.000000,adaptive,32,32,10,1.000000,1.390,0.105,1.190,0.040,0.005,32,1127,1127,bernoulli,8.0000,0.001000
sift1m,50000,128,13,10,1.000000,adaptive,64,64,10,1.000000,2.618,0.106,2.330,0.079,0.007,64,2190,2190,bernoulli,8.0000,0.001000
sift1m,50000,128,14,10,0.001000,adaptive,8,64,2,0.200000,2.799,0.229,2.465,0.019,0.004,64,2196,2,bernoulli,8.0000,0.001000
sift1m,50000,128,14,10,0.001000,adaptive,16,128,2,0.200000,5.258,0.225,4.830,0.028,0.006,128,4369,4,bernoulli,8.0000,0.001000
sift1m,50000,128,14,10,0.001000,adaptive,32,256,5,0.400000,10.572,0.277,9.864,0.085,0.008,256,8769,9,bernoulli,8.0000,0.001000
sift1m,50000,128,14,10,0.001000,adaptive,64,512,7,0.500000,20.065,0.517,18.718,0.165,0.015,512,17354,17,bernoulli,8.0000,0.001000
sift1m,50000,128,14,10,0.010000,adaptive,8,64,10,0.500000,2.925,0.251,2.579,0.020,0.006,64,2196,25,bernoulli,8.0000,0.001000
sift1m,50000,128,14,10,0.010000,adaptive,16,128,10,0.800000,5.059,0.202,4.673,0.047,0.010,128,4369,50,bernoulli,8.0000,0.001000
sift1m,50000,128,14,10,0.010000,adaptive,32,256,10,1.000000,10.178,0.272,9.557,0.076,0.013,256,8769,91,bernoulli,8.0000,0.001000
sift1m,50000,128,14,10,0.010000,adaptive,64,512,10,1.000000,21.881,0.520,20.624,0.155,0.023,512,17354,171,bernoulli,8.0000,0.001000
sift1m,50000,128,14,10,0.050000,adaptive,8,64,10,0.900000,3.320,0.255,2.916,0.035,0.011,64,2196,154,bernoulli,8.0000,0.001000
sift1m,50000,128,14,10,0.050000,adaptive,16,128,10,1.000000,5.398,0.276,4.877,0.063,0.015,128,4369,276,bernoulli,8.0000,0.001000
sift1m,50000,128,14,10,0.050000,adaptive,32,256,10,1.000000,10.950,0.425,10.020,0.126,0.028,256,8769,504,bernoulli,8.0000,0.001000
sift1m,50000,128,14,10,0.050000,adaptive,64,512,10,1.000000,22.084,0.705,20.350,0.256,0.041,512,17354,943,bernoulli,8.0000,0.001000
sift1m,50000,128,14,10,0.100000,adaptive,8,64,10,0.900000,2.779,0.269,2.399,0.016,0.009,64,2196,196,bernoulli,8.0000,0.001000
sift1m,50000,128,14,10,0.100000,adaptive,16,128,10,0.900000,5.055,0.166,4.664,0.030,0.019,128,4369,368,bernoulli,8.0000,0.001000
sift1m,50000,128,14,10,0.100000,adaptive,32,256,10,1.000000,10.190,0.358,9.400,0.064,0.026,256,8769,798,bernoulli,8.0000,0.001000
sift1m,50000,128,14,10,0.100000,adaptive,64,512,10,1.000000,20.728,0.584,19.219,0.133,0.051,512,17354,1637,bernoulli,8.0000,0.001000
sift1m,50000,128,14,10,0.500000,adaptive,8,16,10,0.700000,0.922,0.226,0.647,0.015,0.004,16,542,267,bernoulli,8.0000,0.001000
sift1m,50000,128,14,10,0.500000,adaptive,16,32,10,0.900000,1.321,0.109,1.126,0.028,0.004,32,1097,557,bernoulli,8.0000,0.001000
sift1m,50000,128,14,10,0.500000,adaptive,32,64,10,1.000000,2.571,0.109,2.270,0.073,0.007,64,2196,1087,bernoulli,8.0000,0.001000
sift1m,50000,128,14,10,0.500000,adaptive,64,128,10,1.000000,5.690,0.140,5.148,0.115,0.015,128,4369,2160,bernoulli,8.0000,0.001000
sift1m,50000,128,14,10,1.000000,adaptive,8,8,10,0.900000,0.513,0.187,0.301,0.010,0.002,8,249,249,bernoulli,8.0000,0.001000
sift1m,50000,128,14,10,1.000000,adaptive,16,16,10,1.000000,0.689,0.076,0.569,0.019,0.002,16,542,542,bernoulli,8.0000,0.001000
sift1m,50000,128,14,10,1.000000,adaptive,32,32,10,1.000000,1.611,0.083,1.361,0.042,0.007,32,1097,1097,bernoulli,8.0000,0.001000
sift1m,50000,128,14,10,1.000000,adaptive,64,64,10,1.000000,2.546,0.100,2.273,0.078,0.007,64,2196,2196,bernoulli,8.0000,0.001000
sift1m,50000,128,15,10,0.001000,adaptive,8,64,1,0.100000,2.531,0.194,2.262,0.014,0.002,64,2199,2,bernoulli,8.0000,0.001000
sift1m,50000,128,15,10,0.001000,adaptive,16,128,5,0.400000,5.159,0.139,4.864,0.028,0.005,128,4407,7,bernoulli,8.0000,0.001000
sift1m,50000,128,15,10,0.001000,adaptive,32,256,6,0.500000,10.291,0.269,9.717,0.058,0.007,256,8862,13,bernoulli,8.0000,0.001000
sift1m,50000,128,15,10,0.001000,adaptive,64,512,8,0.600000,20.374,0.482,19.283,0.116,0.017,512,17483,21,bernoulli,8.0000,0.001000
sift1m,50000,128,15,10,0.010000,adaptive,8,64,10,0.700000,2.745,0.254,2.392,0.021,0.005,64,2199,30,bernoulli,8.0000,0.001000
sift1m,50000,128,15,10,0.010000,adaptive,16,128,10,1.000000,4.986,0.157,4.656,0.041,0.007,128,4407,55,bernoulli,8.0000,0.001000
sift1m,50000,128,15,10,0.010000,adaptive,32,256,10,1.000000,10.229,0.240,9.631,0.082,0.017,256,8862,101,bernoulli,8.0000,0.001000
sift1m,50000,128,15,10,0.010000,adaptive,64,512,10,1.000000,19.481,0.649,18.106,0.175,0.028,512,17483,181,bernoulli,8.0000,0.001000
sift1m,50000,128,15,10,0.050000,adaptive,8,64,10,1.000000,2.966,0.214,2.615,0.032,0.007,64,2199,111,bernoulli,8.0000,0.001000
sift1m,50000,128,15,10,0.050000,adaptive,16,128,10,1.000000,4.802,0.138,4.435,0.060,0.011,128,4407,229,bernoulli,8.0000,0.001000
sift1m,50000,128,15,10,0.050000,adaptive,32,256,10,1.000000,10.176,0.241,9.459,0.124,0.021,256,8862,494,bernoulli,8.0000,0.001000
sift1m,50000,128,15,10,0.050000,adaptive,64,512,10,1.000000,20.826,0.599,19.268,0.248,0.034,512,17483,921,bernoulli,8.0000,0.001000
sift1m,50000,128,15,10,0.100000,adaptive,8,64,10,0.900000,2.949,0.212,2.610,0.017,0.013,64,2199,220,bernoulli,8.0000,0.001000
sift1m,50000,128,15,10,0.100000,adaptive,16,128,10,1.000000,5.228,0.212,4.787,0.039,0.014,128,4407,465,bernoulli,8.0000,0.001000
sift1m,50000,128,15,10,0.100000,adaptive,32,256,10,1.000000,10.248,0.281,9.523,0.075,0.025,256,8862,906,bernoulli,8.0000,0.001000
sift1m,50000,128,15,10,0.100000,adaptive,64,512,10,1.000000,20.477,0.494,19.082,0.139,0.043,512,17483,1811,bernoulli,8.0000,0.001000
sift1m,50000,128,15,10,0.500000,adaptive,8,16,10,0.800000,0.986,0.191,0.731,0.015,0.003,16,587,274,bernoulli,8.0000,0.001000
sift1m,50000,128,15,10,0.500000,adaptive,16,32,10,1.000000,1.797,0.122,1.551,0.030,0.005,32,1136,538,bernoulli,8.0000,0.001000
sift1m,50000,128,15,10,0.500000,adaptive,32,64,10,1.000000,2.708,0.222,2.297,0.055,0.010,64,2199,1076,bernoulli,8.0000,0.001000
sift1m,50000,128,15,10,0.500000,adaptive,64,128,10,1.000000,5.311,0.165,4.757,0.114,0.013,128,4407,2145,bernoulli,8.0000,0.001000
sift1m,50000,128,15,10,1.000000,adaptive,8,8,10,0.800000,0.625,0.188,0.408,0.012,0.003,8,289,289,bernoulli,8.0000,0.001000
sift1m,50000,128,15,10,1.000000,adaptive,16,16,10,0.900000,0.751,0.083,0.621,0.021,0.003,16,587,587,bernoulli,8.0000,0.001000
sift1m,50000,128,15,10,1.000000,adaptive,32,32,10,1.000000,1.362,0.082,1.190,0.041,0.004,32,1136,1136,bernoulli,8.0000,0.001000
sift1m,50000,128,15,10,1.000000,adaptive,64,64,10,1.000000,2.802,0.093,2.493,0.080,0.013,64,2199,2199,bernoulli,8.0000,0.001000
sift1m,50000,128,16,10,0.001000,adaptive,8,64,1,0.100000,2.914,0.210,2.594,0.038,0.003,64,2268,2,bernoulli,8.0000,0.001000
sift1m,50000,128,16,10,0.001000,adaptive,16,128,2,0.200000,5.156,0.139,4.820,0.066,0.003,128,4467,3,bernoulli,8.0000,0.001000
sift1m,50000,128,16,10,0.001000,adaptive,32,256,3,0.300000,10.423,0.230,9.802,0.121,0.008,256,8877,9,bernoulli,8.0000,0.001000
sift1m,50000,128,16,10,0.001000,adaptive,64,512,5,0.500000,20.300,0.554,19.079,0.124,0.019,512,17477,16,bernoulli,8.0000,0.001000
sift1m,50000,128,16,10,0.010000,adaptive,8,64,10,0.700000,2.743,0.225,2.432,0.019,0.004,64,2268,22,bernoulli,8.0000,0.001000
sift1m,50000,128,16,10,0.010000,adaptive,16,128,10,0.900000,5.203,0.143,4.879,0.039,0.015,128,4467,56,bernoulli,8.0000,0.001000
sift1m,50000,128,16,10,0.010000,adaptive,32,256,10,1.000000,10.555,0.307,9.841,0.119,0.013,256,8877,103,bernoulli,8.0000,0.001000
sift1m,50000,128,16,10,0.010000,adaptive,64,512,10,1.000000,19.809,0.497,18.600,0.166,0.030,512,17477,198,bernoulli,8.0000,0.001000
sift1m,50000,128,16,10,0.050000,adaptive,8,64,10,1.000000,2.834,0.240,2.463,0.042,0.008,64,2268,113,bernoulli,8.0000,0.001000
sift1m,50000,128,16,10,0.050000,adaptive,16,128,10,1.000000,5.237,0.153,4.826,0.064,0.019,128,4467,216,bernoulli,8.0000,0.001000
sift1m,50000,128,16,10,0.050000,adaptive,32,256,10,1.000000,10.289,0.291,9.494,0.139,0.020,256,8877,450,bernoulli,8.0000,0.001000
sift1m,50000,128,16,10,0.050000,adaptive,64,512,10,1.000000,19.793,0.466,18.398,0.245,0.034,512,17477,890,bernoulli,8.0000,0.001000
sift1m,50000,128,16,10,0.100000,adaptive,8,64,10,1.000000,2.901,0.229,2.529,0.017,0.012,64,2268,203,bernoulli,8.0000,0.001000
sift1m,50000,128,16,10,0.100000,adaptive,16,128,10,1.000000,5.046,0.194,4.636,0.032,0.012,128,4467,430,bernoulli,8.0000,0.001000
sift1m,50000,128,16,10,0.100000,adaptive,32,256,10,1.000000,11.104,0.249,10.375,0.069,0.047,256,8877,891,bernoulli,8.0000,0.001000
sift1m,50000,128,16,10,0.100000,adaptive,64,512,10,1.000000,20.202,0.603,18.698,0.173,0.048,512,17477,1777,bernoulli,8.0000,0.001000
sift1m,50000,128,16,10,0.500000,adaptive,8,16,10,0.900000,0.700,0.119,0.532,0.015,0.003,16,529,268,bernoulli,8.0000,0.001000
sift1m,50000,128,16,10,0.500000,adaptive,16,32,10,1.000000,1.293,0.087,1.117,0.028,0.004,32,1133,571,bernoulli,8.0000,0.001000
sift1m,50000,128,16,10,0.500000,adaptive,32,64,10,1.000000,2.577,0.093,2.287,0.056,0.006,64,2268,1112,bernoulli,8.0000,0.001000
sift1m,50000,128,16,10,0.500000,adaptive,64,128,10,1.000000,5.345,0.120,4.830,0.131,0.020,128,4467,2221,bernoulli,8.0000,0.001000
sift1m,50000,128,16,10,1.000000,adaptive,8,8,10,0.600000,0.566,0.193,0.349,0.009,0.002,8,248,248,bernoulli,8.0000,0.001000
sift1m,50000,128,16,10,1.000000,adaptive,16,16,10,0.900000,0.690,0.080,0.569,0.019,0.002,16,529,529,bernoulli,8.0000,0.001000
sift1m,50000,128,16,10,1.000000,adaptive,32,32,10,1.000000,1.345,0.071,1.191,0.038,0.004,32,1133,1133,bernoulli,8.0000,0.001000
sift1m,50000,128,16,10,1.000000,adaptive,64,64,10,1.000000,2.614,0.085,2.366,0.077,0.007,64,2268,2268,bernoulli,8.0000,0.001000
sift1m,50000,128,17,10,0.001000,adaptive,8,64,0,0.000000,2.994,0.151,2.734,0.015,0.003,64,2282,0,bernoulli,8.0000,0.001000
sift1m,50000,128,17,10,0.001000,adaptive,16,128,0,0.000000,4.896,0.137,4.552,0.027,0.002,128,4475,0,bernoulli,8.0000,0.001000
sift1m,50000,128,17,10,0.001000,adaptive,32,256,0,0.000000,10.310,0.234,9.635,0.081,0.009,256,8736,0,bernoulli,8.0000,0.001000
sift1m,50000,128,17,10,0.001000,adaptive,64,512,5,0.500000,19.785,0.583,18.306,0.160,0.010,512,17136,7,bernoulli,8.0000,0.001000
sift1m,50000,128,17,10,0.010000,adaptive,8,64,10,0.700000,2.712,0.224,2.395,0.020,0.005,64,2282,35,bernoulli,8.0000,0.001000
sift1m,50000,128,17,10,0.010000,adaptive,16,128,10,0.900000,4.930,0.142,4.608,0.039,0.008,128,4475,58,bernoulli,8.0000,0.001000
sift1m,50000,128,17,10,0.010000,adaptive,32,256,10,1.000000,9.348,0.221,8.771,0.088,0.013,256,8736,104,bernoulli,8.0000,0.001000
sift1m,50000,128,17,10,0.010000,adaptive,64,512,10,1.000000,19.576,0.454,18.422,0.150,0.031,512,17136,183,bernoulli,8.0000,0.001000
sift1m,50000,128,17,10,0.050000,adaptive,8,64,10,1.000000,2.966,0.255,2.580,0.033,0.011,64,2282,125,bernoulli,8.0000,0.001000
sift1m,50000,128,17,10,0.050000,adaptive,16,128,10,1.000000,5.191,0.182,4.761,0.064,0.020,128,4475,236,bernoulli,8.0000,0.001000
sift1m,50000,128,17,10,0.050000,adaptive,32,256,10,1.000000,10.059,0.343,9.232,0.144,0.025,256,8736,439,bernoulli,8.0000,0.001000
sift1m,50000,128,17,10,0.050000,adaptive,64,512,10,1.000000,19.452,0.585,17.968,0.234,0.046,512,17136,852,bernoulli,8.0000,0.001000
sift1m,50000,128,17,10,0.100000,adaptive,8,64,10,0.900000,3.007,0.272,2.611,0.020,0.010,64,2282,256,bernoulli,8.0000,0.001000
sift1m,50000,128,17,10,0.100000,adaptive,16,128,10,1.000000,5.496,0.153,5.098,0.037,0.020,128,4475,477,bernoulli,8.0000,0.001000
sift1m,50000,128,17,10,0.100000,adaptive,32,256,10,1.000000,10.247,0.398,9.394,0.068,0.030,256,8736,895,bernoulli,8.0000,0.001000
sift1m,50000,128,17,10,0.100000,adaptive,64,512,10,1.000000,20.563,0.641,18.993,0.134,0.054,512,17136,1746,bernoulli,8.0000,0.001000
sift1m,50000,128,17,10,0.500000,adaptive,8,16,10,1.000000,0.934,0.203,0.683,0.014,0.003,16,543,250,bernoulli,8.0000,0.001000
sift1m,50000,128,17,10,0.500000,adaptive,16,32,10,1.000000,1.384,0.105,1.190,0.028,0.004,32,1104,531,bernoulli,8.0000,0.001000
sift1m,50000,128,17,10,0.500000,adaptive,32,64,10,1.000000,2.781,0.106,2.439,0.058,0.009,64,2282,1089,bernoulli,8.0000,0.001000
sift1m,50000,128,17,10,0.500000,adaptive,64,128,10,1.000000,5.491,0.218,4.860,0.129,0.011,128,4475,2154,bernoulli,8.0000,0.001000
sift1m,50000,128,17,10,1.000000,adaptive,8,8,10,0.800000,0.601,0.198,0.375,0.011,0.003,8,273,273,bernoulli,8.0000,0.001000
sift1m,50000,128,17,10,1.000000,adaptive,16,16,10,0.900000,0.704,0.086,0.574,0.020,0.002,16,543,543,bernoulli,8.0000,0.001000
sift1m,50000,128,17,10,1.000000,adaptive,32,32,10,1.000000,1.602,0.080,1.395,0.043,0.006,32,1104,1104,bernoulli,8.0000,0.001000
sift1m,50000,128,17,10,1.000000,adaptive,64,64,10,1.000000,2.858,0.204,2.436,0.084,0.010,64,2282,2282,bernoulli,8.0000,0.001000
sift1m,50000,128,18,10,0.001000,adaptive,8,64,1,0.100000,2.547,0.244,2.214,0.013,0.002,64,2030,1,bernoulli,8.0000,0.001000
sift1m,50000,128,18,10,0.001000,adaptive,16,128,2,0.200000,4.709,0.169,4.343,0.043,0.004,128,4203,2,bernoulli,8.0000,0.001000
sift1m,50000,128,18,10,0.001000,adaptive,32,256,2,0.200000,9.242,0.300,8.594,0.054,0.004,256,8530,2,bernoulli,8.0000,0.001000
sift1m,50000,128,18,10,0.001000,adaptive,64,512,7,0.700000,19.802,0.475,18.509,0.206,0.015,512,17173,7,bernoulli,8.0000,0.001000
sift1m,50000,128,18,10,0.010000,adaptive,8,64,10,0.800000,2.496,0.223,2.181,0.018,0.008,64,2030,19,bernoulli,8.0000,0.001000
sift1m,50000,128,18,10,0.010000,adaptive,16,128,10,0.900000,4.989,0.183,4.635,0.037,0.010,128,4203,57,bernoulli,8.0000,0.001000
sift1m,50000,128,18,10,0.010000,adaptive,32,256,10,1.000000,9.698,0.342,9.020,0.074,0.013,256,8530,115,bernoulli,8.0000,0.001000
sift1m,50000,128,18,10,0.010000,adaptive,64,512,10,1.000000,19.412,0.525,18.183,0.150,0.030,512,17173,224,bernoulli,8.0000,0.001000
sift1m,50000,128,18,10,0.050000,adaptive,8,64,10,0.900000,2.625,0.305,2.200,0.028,0.009,64,2030,89,bernoulli,8.0000,0.001000
sift1m,50000,128,18,10,0.050000,adaptive,16,128,10,1.000000,4.744,0.205,4.328,0.056,0.010,128,4203,199,bernoulli,8.0000,0.001000
sift1m,50000,128,18,10,0.050000,adaptive,32,256,10,1.000000,10.108,0.247,9.403,0.117,0.026,256,8530,412,bernoulli,8.0000,0.001000
sift1m,50000,128,18,10,0.050000,adaptive,64,512,10,1.000000,19.645,0.620,18.107,0.255,0.036,512,17173,864,bernoulli,8.0000,0.001000
sift1m,50000,128,18,10,0.100000,adaptive,8,64,10,1.000000,2.578,0.193,2.271,0.016,0.009,64,2030,180,bernoulli,8.0000,0.001000
sift1m,50000,128,18,10,0.100000,adaptive,16,128,10,1.000000,4.668,0.209,4.255,0.030,0.011,128,4203,389,bernoulli,8.0000,0.001000
sift1m,50000,128,18,10,0.100000,adaptive,32,256,10,1.000000,10.255,0.247,9.557,0.063,0.029,256,8530,809,bernoulli,8.0000,0.001000
sift1m,50000,128,18,10,0.100000,adaptive,64,512,10,1.000000,20.146,0.604,18.661,0.130,0.049,512,17173,1662,bernoulli,8.0000,0.001000
sift1m,50000,128,18,10,0.500000,adaptive,8,16,10,0.800000,0.999,0.226,0.696,0.017,0.004,16,574,304,bernoulli,8.0000,0.001000
sift1m,50000,128,18,10,0.500000,adaptive,16,32,10,0.900000,1.345,0.146,1.096,0.027,0.004,32,1075,562,bernoulli,8.0000,0.001000
sift1m,50000,128,18,10,0.500000,adaptive,32,64,10,1.000000,2.339,0.111,2.027,0.051,0.006,64,2030,1032,bernoulli,8.0000,0.001000
sift1m,50000,128,18,10,0.500000,adaptive,64,128,10,1.000000,4.657,0.133,4.195,0.105,0.010,128,4203,2115,bernoulli,8.0000,0.001000
sift1m,50000,128,18,10,1.000000,adaptive,8,8,10,0.700000,0.648,0.242,0.379,0.010,0.002,8,263,263,bernoulli,8.0000,0.001000
sift1m,50000,128,18,10,1.000000,adaptive,16,16,10,0.800000,0.751,0.084,0.620,0.021,0.003,16,574,574,bernoulli,8.0000,0.001000
sift1m,50000,128,18,10,1.000000,adaptive,32,32,10,0.900000,1.295,0.078,1.132,0.039,0.004,32,1075,1075,bernoulli,8.0000,0.001000
sift1m,50000,128,18,10,1.000000,adaptive,64,64,10,1.000000,2.300,0.091,2.052,0.072,0.006,64,2030,2030,bernoulli,8.0000,0.001000
sift1m,50000,128,19,10,0.001000,adaptive,8,64,1,0.100000,3.060,0.207,2.747,0.015,0.008,64,2189,1,bernoulli,8.0000,0.001000
sift1m,50000,128,19,10,0.001000,adaptive,16,128,2,0.200000,5.460,0.221,5.049,0.029,0.004,128,4292,4,bernoulli,8.0000,0.001000
sift1m,50000,128,19,10,0.001000,adaptive,32,256,4,0.400000,9.810,0.249,9.072,0.178,0.011,256,8595,8,bernoulli,8.0000,0.001000
sift1m,50000,128,19,10,0.001000,adaptive,64,512,10,0.900000,19.973,0.640,18.590,0.120,0.013,512,17161,21,bernoulli,8.0000,0.001000
sift1m,50000,128,19,10,0.010000,adaptive,8,64,10,0.500000,2.680,0.226,2.361,0.019,0.005,64,2189,18,bernoulli,8.0000,0.001000
sift1m,50000,128,19,10,0.010000,adaptive,16,128,10,0.700000,4.903,0.203,4.524,0.038,0.007,128,4292,35,bernoulli,8.0000,0.001000
sift1m,50000,128,19,10,0.010000,adaptive,32,256,10,1.000000,9.675,0.265,9.059,0.076,0.013,256,8595,78,bernoulli,8.0000,0.001000
sift1m,50000,128,19,10,0.010000,adaptive,64,512,10,1.000000,20.801,0.547,19.511,0.156,0.023,512,17161,163,bernoulli,8.0000,0.001000
sift1m,50000,128,19,10,0.050000,adaptive,8,64,10,1.000000,2.807,0.219,2.459,0.031,0.014,64,2189,122,bernoulli,8.0000,0.001000
sift1m,50000,128,19,10,0.050000,adaptive,16,128,10,1.000000,5.295,0.210,4.828,0.077,0.014,128,4292,221,bernoulli,8.0000,0.001000
sift1m,50000,128,19,10,0.050000,adaptive,32,256,10,1.000000,9.807,0.262,9.055,0.141,0.020,256,8595,409,bernoulli,8.0000,0.001000
sift1m,50000,128,19,10,0.050000,adaptive,64,512,10,1.000000,19.996,0.463,18.604,0.232,0.043,512,17161,804,bernoulli,8.0000,0.001000
sift1m,50000,128,19,10,0.100000,adaptive,8,64,10,1.000000,2.807,0.240,2.434,0.020,0.010,64,2189,224,bernoulli,8.0000,0.001000
sift1m,50000,128,19,10,0.100000,adaptive,16,128,10,1.000000,4.884,0.162,4.515,0.032,0.012,128,4292,447,bernoulli,8.0000,0.001000
sift1m,50000,128,19,10,0.100000,adaptive,32,256,10,1.000000,9.974,0.259,9.266,0.069,0.028,256,8595,911,bernoulli,8.0000,0.001000
sift1m,50000,128,19,10,0.100000,adaptive,64,512,10,1.000000,19.984,0.574,18.506,0.148,0.049,512,17161,1733,bernoulli,8.0000,0.001000
sift1m,50000,128,19,10,0.500000,adaptive,8,16,10,1.000000,0.846,0.191,0.602,0.015,0.004,16,564,279,bernoulli,8.0000,0.001000
sift1m,50000,128,19,10,0.500000,adaptive,16,32,10,1.000000,1.354,0.101,1.158,0.030,0.004,32,1135,591,bernoulli,8.0000,0.001000
sift1m,50000,128,19,10,0.500000,adaptive,32,64,10,1.000000,2.542,0.100,2.270,0.056,0.007,64,2189,1121,bernoulli,8.0000,0.001000
sift1m,50000,128,19,10,0.500000,adaptive,64,128,10,1.000000,5.217,0.141,4.709,0.115,0.017,128,4292,2197,bernoulli,8.0000,0.001000
sift1m,50000,128,19,10,1.000000,adaptive,8,8,10,1.000000,0.631,0.192,0.410,0.011,0.003,8,305,305,bernoulli,8.0000,0.001000
sift1m,50000,128,19,10,1.000000,adaptive,16,16,10,1.000000,0.708,0.081,0.582,0.020,0.003,16,564,564,bernoulli,8.0000,0.001000
sift1m,50000,128,19,10,1.000000,adaptive,32,32,10,1.000000,1.488,0.087,1.295,0.042,0.005,32,1135,1135,bernoulli,8.0000,0.001000
sift1m,50000,128,19,10,1.000000,adaptive,64,64,10,1.000000,3.104,0.164,2.709,0.084,0.009,64,2189,2189,bernoulli,8.0000,0.001000
sift1m,50000,128,20,10,0.001000,adaptive,8,64,6,0.600000,2.801,0.194,2.523,0.017,0.005,64,2124,15,bernoulli,8.0000,0.001000
sift1m,50000,128,20,10,0.001000,adaptive,16,128,7,0.700000,4.916,0.213,4.556,0.027,0.005,128,4429,19,bernoulli,8.0000,0.001000
sift1m,50000,128,20,10,0.001000,adaptive,32,256,8,0.800000,9.932,0.220,9.410,0.061,0.008,256,8702,25,bernoulli,8.0000,0.001000
sift1m,50000,128,20,10,0.001000,adaptive,64,512,10,1.000000,19.703,0.445,18.645,0.113,0.023,512,17183,39,bernoulli,8.0000,0.001000
sift1m,50000,128,20,10,0.010000,adaptive,8,64,10,0.900000,2.793,0.172,2.517,0.020,0.006,64,2124,17,bernoulli,8.0000,0.001000
sift1m,50000,128,20,10,0.010000,adaptive,16,128,10,1.000000,5.413,0.220,5.013,0.040,0.009,128,4429,44,bernoulli,8.0000,0.001000
sift1m,50000,128,20,10,0.010000,adaptive,32,256,10,1.000000,9.614,0.267,9.003,0.075,0.013,256,8702,93,bernoulli,8.0000,0.001000
sift1m,50000,128,20,10,0.010000,adaptive,64,512,10,1.000000,20.662,0.450,19.493,0.174,0.032,512,17183,181,bernoulli,8.0000,0.001000
sift1m,50000,128,20,10,0.050000,adaptive,8,64,10,1.000000,2.597,0.198,2.274,0.031,0.009,64,2124,115,bernoulli,8.0000,0.001000
sift1m,50000,128,20,10,0.050000,adaptive,16,128,10,1.000000,4.878,0.186,4.466,0.058,0.011,128,4429,221,bernoulli,8.0000,0.001000
sift1m,50000,128,20,10,0.050000,adaptive,32,256,10,1.000000,10.359,0.234,9.642,0.126,0.028,256,8702,472,bernoulli,8.0000,0.001000
sift1m,50000,128,20,10,0.050000,adaptive,64,512,10,1.000000,20.069,0.553,18.557,0.247,0.052,512,17183,946,bernoulli,8.0000,0.001000
sift1m,50000,128,20,10,0.100000,adaptive,8,64,10,1.000000,2.812,0.208,2.469,0.017,0.013,64,2124,217,bernoulli,8.0000,0.001000
sift1m,50000,128,20,10,0.100000,adaptive,16,128,10,1.000000,5.204,0.165,4.800,0.034,0.016,128,4429,467,bernoulli,8.0000,0.001000
sift1m,50000,128,20,10,0.100000,adaptive,32,256,10,1.000000,9.982,0.230,9.290,0.072,0.029,256,8702,950,bernoulli,8.0000,0.001000
sift1m,50000,128,20,10,0.100000,adaptive,64,512,10,1.000000,19.538,0.584,18.073,0.132,0.052,512,17183,1802,bernoulli,8.0000,0.001000
sift1m,50000,128,20,10,0.500000,adaptive,8,16,10,1.000000,0.926,0.153,0.721,0.016,0.003,16,608,307,bernoulli,8.0000,0.001000
sift1m,50000,128,20,10,0.500000,adaptive,16,32,10,1.000000,1.188,0.077,1.027,0.025,0.007,32,1008,488,bernoulli,8.0000,0.001000
sift1m,50000,128,20,10,0.500000,adaptive,32,64,10,1.000000,2.454,0.081,2.193,0.057,0.008,64,2124,1054,bernoulli,8.0000,0.001000
sift1m,50000,128,20,10,0.500000,adaptive,64,128,10,1.000000,5.241,0.127,4.729,0.118,0.014,128,4429,2232,bernoulli,8.0000,0.001000
sift1m,50000,128,20,10,1.000000,adaptive,8,8,10,1.000000,0.599,0.138,0.431,0.012,0.002,8,309,309,bernoulli,8.0000,0.001000
sift1m,50000,128,20,10,1.000000,adaptive,16,16,10,1.000000,0.753,0.065,0.640,0.022,0.003,16,608,608,bernoulli,8.0000,0.001000
sift1m,50000,128,20,10,1.000000,adaptive,32,32,10,1.000000,1.259,0.061,1.103,0.039,0.011,32,1008,1008,bernoulli,8.0000,0.001000
sift1m,50000,128,20,10,1.000000,adaptive,64,64,10,1.000000,2.818,0.140,2.449,0.081,0.006,64,2124,2124,bernoulli,8.0000,0.001000
sift1m,50000,128,21,10,0.001000,adaptive,8,64,3,0.300000,3.012,0.223,2.699,0.014,0.003,64,2281,5,bernoulli,8.0000,0.001000
sift1m,50000,128,21,10,0.001000,adaptive,16,128,3,0.300000,5.485,0.216,5.092,0.029,0.005,128,4525,7,bernoulli,8.0000,0.001000
sift1m,50000,128,21,10,0.001000,adaptive,32,256,6,0.600000,10.557,0.334,9.881,0.061,0.008,256,9061,16,bernoulli,8.0000,0.001000
sift1m,50000,128,21,10,0.001000,adaptive,64,512,10,0.800000,20.175,0.584,18.898,0.141,0.012,512,17370,24,bernoulli,8.0000,0.001000
sift1m,50000,128,21,10,0.010000,adaptive,8,64,10,0.600000,2.594,0.226,2.278,0.021,0.004,64,2281,21,bernoulli,8.0000,0.001000
sift1m,50000,128,21,10,0.010000,adaptive,16,128,10,0.900000,5.391,0.179,5.021,0.043,0.009,128,4525,38,bernoulli,8.0000,0.001000
sift1m,50000,128,21,10,0.010000,adaptive,32,256,10,1.000000,10.894,0.349,10.159,0.091,0.016,256,9061,85,bernoulli,8.0000,0.001000
sift1m,50000,128,21,10,0.010000,adaptive,64,512,10,1.000000,19.892,0.562,18.576,0.213,0.022,512,17370,191,bernoulli,8.0000,0.001000
sift1m,50000,128,21,10,0.050000,adaptive,8,64,10,1.000000,2.638,0.207,2.313,0.030,0.007,64,2281,103,bernoulli,8.0000,0.001000
sift1m,50000,128,21,10,0.050000,adaptive,16,128,10,1.000000,5.288,0.148,4.888,0.060,0.021,128,4525,196,bernoulli,8.0000,0.001000
sift1m,50000,128,21,10,0.050000,adaptive,32,256,10,1.000000,10.820,0.353,9.991,0.122,0.023,256,9061,406,bernoulli,8.0000,0.001000
sift1m,50000,128,21,10,0.050000,adaptive,64,512,10,1.000000,20.180,0.588,18.659,0.263,0.042,512,17370,775,bernoulli,8.0000,0.001000
sift1m,50000,128,21,10,0.100000,adaptive,8,64,10,1.000000,2.756,0.260,2.376,0.024,0.009,64,2281,216,bernoulli,8.0000,0.001000
sift1m,50000,128,21,10,0.100000,adaptive,16,128,10,1.000000,5.118,0.147,4.757,0.032,0.014,128,4525,430,bernoulli,8.0000,0.001000
sift1m,50000,128,21,10,0.100000,adaptive,32,256,10,1.000000,10.678,0.256,9.965,0.065,0.027,256,9061,871,bernoulli,8.0000,0.001000
sift1m,50000,128,21,10,0.100000,adaptive,64,512,10,1.000000,19.469,0.569,18.033,0.130,0.050,512,17370,1683,bernoulli,8.0000,0.001000
sift1m,50000,128,21,10,0.500000,adaptive,8,16,10,1.000000,1.026,0.236,0.705,0.016,0.004,16,585,292,bernoulli,8.0000,0.001000
sift1m,50000,128,21,10,0.500000,adaptive,16,32,10,1.000000,1.388,0.095,1.163,0.029,0.005,32,1160,592,bernoulli,8.0000,0.001000
sift1m,50000,128,21,10,0.500000,adaptive,32,64,10,1.000000,2.621,0.096,2.330,0.056,0.008,64,2281,1136,bernoulli,8.0000,0.001000
sift1m,50000,128,21,10,0.500000,adaptive,64,128,10,1.000000,5.184,0.127,4.686,0.114,0.014,128,4525,2246,bernoulli,8.0000,0.001000
sift1m,50000,128,21,10,1.000000,adaptive,8,8,10,1.000000,0.704,0.210,0.441,0.012,0.003,8,288,288,bernoulli,8.0000,0.001000
sift1m,50000,128,21,10,1.000000,adaptive,16,16,10,1.000000,0.767,0.092,0.626,0.021,0.003,16,585,585,bernoulli,8.0000,0.001000
sift1m,50000,128,21,10,1.000000,adaptive,32,32,10,1.000000,1.339,0.079,1.168,0.041,0.005,32,1160,1160,bernoulli,8.0000,0.001000
sift1m,50000,128,21,10,1.000000,adaptive,64,64,10,1.000000,2.566,0.089,2.300,0.081,0.007,64,2281,2281,bernoulli,8.0000,0.001000
sift1m,50000,128,22,10,0.001000,adaptive,8,64,1,0.100000,2.494,0.152,2.262,0.014,0.002,64,2177,1,bernoulli,8.0000,0.001000
sift1m,50000,128,22,10,0.001000,adaptive,16,128,3,0.300000,4.870,0.130,4.578,0.027,0.004,128,4342,3,bernoulli,8.0000,0.001000
sift1m,50000,128,22,10,0.001000,adaptive,32,256,3,0.300000,9.549,0.288,8.948,0.054,0.005,256,8606,6,bernoulli,8.0000,0.001000
sift1m,50000,128,22,10,0.001000,adaptive,64,512,7,0.700000,19.271,0.475,18.148,0.113,0.018,512,16961,12,bernoulli,8.0000,0.001000
sift1m,50000,128,22,10,0.010000,adaptive,8,64,10,0.900000,2.751,0.221,2.437,0.021,0.005,64,2177,29,bernoulli,8.0000,0.001000
sift1m,50000,128,22,10,0.010000,adaptive,16,128,10,1.000000,4.867,0.182,4.509,0.041,0.007,128,4342,54,bernoulli,8.0000,0.001000
sift1m,50000,128,22,10,0.010000,adaptive,32,256,10,1.000000,9.518,0.240,8.931,0.080,0.014,256,8606,101,bernoulli,8.0000,0.001000
sift1m,50000,128,22,10,0.010000,adaptive,64,512,10,1.000000,19.510,0.534,18.199,0.232,0.022,512,16961,211,bernoulli,8.0000,0.001000
sift1m,50000,128,22,10,0.050000,adaptive,8,64,10,1.000000,2.599,0.168,2.312,0.031,0.007,64,2177,135,bernoulli,8.0000,0.001000
sift1m,50000,128,22,10,0.050000,adaptive,16,128,10,1.000000,5.054,0.135,4.628,0.077,0.019,128,4342,252,bernoulli,8.0000,0.001000
sift1m,50000,128,22,10,0.050000,adaptive,32,256,10,1.000000,10.172,0.311,9.372,0.129,0.021,256,8606,486,bernoulli,8.0000,0.001000
sift1m,50000,128,22,10,0.050000,adaptive,64,512,10,1.000000,19.779,0.603,18.228,0.239,0.053,512,16961,906,bernoulli,8.0000,0.001000
sift1m,50000,128,22,10,0.100000,adaptive,8,64,10,1.000000,2.782,0.227,2.441,0.017,0.010,64,2177,238,bernoulli,8.0000,0.001000
sift1m,50000,128,22,10,0.100000,adaptive,16,128,10,1.000000,4.985,0.148,4.605,0.035,0.017,128,4342,473,bernoulli,8.0000,0.001000
sift1m,50000,128,22,10,0.100000,adaptive,32,256,10,1.000000,9.850,0.239,9.136,0.067,0.033,256,8606,934,bernoulli,8.0000,0.001000
sift1m,50000,128,22,10,0.100000,adaptive,64,512,10,1.000000,19.963,0.580,18.459,0.131,0.054,512,16961,1826,bernoulli,8.0000,0.001000
sift1m,50000,128,22,10,0.500000,adaptive,8,16,10,1.000000,1.251,0.217,0.967,0.018,0.005,16,626,310,bernoulli,8.0000,0.001000
sift1m,50000,128,22,10,0.500000,adaptive,16,32,10,1.000000,1.337,0.115,1.124,0.030,0.005,32,1142,565,bernoulli,8.0000,0.001000
sift1m,50000,128,22,10,0.500000,adaptive,32,64,10,1.000000,2.415,0.109,2.134,0.053,0.007,64,2177,1039,bernoulli,8.0000,0.001000
sift1m,50000,128,22,10,0.500000,adaptive,64,128,10,1.000000,5.706,0.126,5.148,0.114,0.015,128,4342,2106,bernoulli,8.0000,0.001000
sift1m,50000,128,22,10,1.000000,adaptive,8,8,10,0.900000,0.585,0.196,0.362,0.010,0.002,8,286,286,bernoulli,8.0000,0.001000
sift1m,50000,128,22,10,1.000000,adaptive,16,16,10,1.000000,0.794,0.075,0.670,0.020,0.003,16,626,626,bernoulli,8.0000,0.001000
sift1m,50000,128,22,10,1.000000,adaptive,32,32,10,1.000000,1.820,0.118,1.562,0.044,0.006,32,1142,1142,bernoulli,8.0000,0.001000
sift1m,50000,128,22,10,1.000000,adaptive,64,64,10,1.000000,2.836,0.180,2.459,0.081,0.009,64,2177,2177,bernoulli,8.0000,0.001000
sift1m,50000,128,23,10,0.001000,adaptive,8,64,2,0.200000,2.668,0.192,2.370,0.014,0.002,64,2233,3,bernoulli,8.0000,0.001000
sift1m,50000,128,23,10,0.001000,adaptive,16,128,2,0.200000,5.097,0.139,4.769,0.029,0.004,128,4440,3,bernoulli,8.0000,0.001000
sift1m,50000,128,23,10,0.001000,adaptive,32,256,4,0.400000,10.001,0.245,9.368,0.067,0.011,256,8676,5,bernoulli,8.0000,0.001000
sift1m,50000,128,23,10,0.001000,adaptive,64,512,8,0.700000,18.986,0.568,17.584,0.198,0.011,512,17095,12,bernoulli,8.0000,0.001000
sift1m,50000,128,23,10,0.010000,adaptive,8,64,10,0.400000,2.859,0.151,2.615,0.020,0.007,64,2233,13,bernoulli,8.0000,0.001000
sift1m,50000,128,23,10,0.010000,adaptive,16,128,10,0.800000,4.815,0.137,4.511,0.037,0.005,128,4440,26,bernoulli,8.0000,0.001000
sift1m,50000,128,23,10,0.010000,adaptive,32,256,10,1.000000,9.800,0.221,9.230,0.076,0.010,256,8676,64,bernoulli,8.0000,0.001000
sift1m,50000,128,23,10,0.010000,adaptive,64,512,10,1.000000,19.296,0.527,18.093,0.158,0.019,512,17095,137,bernoulli,8.0000,0.001000
sift1m,50000,128,23,10,0.050000,adaptive,8,64,10,1.000000,2.792,0.188,2.474,0.031,0.016,64,2233,114,bernoulli,8.0000,0.001000
sift1m,50000,128,23,10,0.050000,adaptive,16,128,10,1.000000,5.484,0.228,5.007,0.070,0.011,128,4440,218,bernoulli,8.0000,0.001000
sift1m,50000,128,23,10,0.050000,adaptive,32,256,10,1.000000,10.074,0.268,9.332,0.116,0.021,256,8676,428,bernoulli,8.0000,0.001000
sift1m,50000,128,23,10,0.050000,adaptive,64,512,10,1.000000,19.247,0.627,17.637,0.311,0.038,512,17095,846,bernoulli,8.0000,0.001000
sift1m,50000,128,23,10,0.100000,adaptive,8,64,10,0.900000,2.676,0.182,2.387,0.017,0.007,64,2233,239,bernoulli,8.0000,0.001000
sift1m,50000,128,23,10,0.100000,adaptive,16,128,10,1.000000,5.113,0.130,4.765,0.033,0.013,128,4440,437,bernoulli,8.0000,0.001000
sift1m,50000,128,23,10,0.100000,adaptive,32,256,10,1.000000,10.227,0.253,9.526,0.066,0.028,256,8676,866,bernoulli,8.0000,0.001000
sift1m,50000,128,23,10,0.100000,adaptive,64,512,10,1.000000,19.341,0.582,17.915,0.134,0.048,512,17095,1679,bernoulli,8.0000,0.001000
sift1m,50000,128,23,10,0.500000,adaptive,8,16,10,0.800000,1.113,0.207,0.837,0.018,0.004,16,609,317,bernoulli,8.0000,0.001000
sift1m,50000,128,23,10,0.500000,adaptive,16,32,10,1.000000,1.518,0.133,1.275,0.031,0.004,32,1200,620,bernoulli,8.0000,0.001000
sift1m,50000,128,23,10,0.500000,adaptive,32,64,10,1.000000,2.724,0.115,2.425,0.058,0.007,64,2233,1146,bernoulli,8.0000,0.001000
sift1m,50000,128,23,10,0.500000,adaptive,64,128,10,1.000000,5.421,0.144,4.890,0.117,0.011,128,4440,2249,bernoulli,8.0000,0.001000
sift1m,50000,128,23,10,1.000000,adaptive,8,8,10,0.200000,0.572,0.177,0.366,0.012,0.002,8,286,286,bernoulli,8.0000,0.001000
sift1m,50000,128,23,10,1.000000,adaptive,16,16,10,0.700000,0.962,0.079,0.822,0.024,0.003,16,609,609,bernoulli,8.0000,0.001000
sift1m,50000,128,23,10,1.000000,adaptive,32,32,10,1.000000,1.458,0.085,1.279,0.046,0.004,32,1200,1200,bernoulli,8.0000,0.001000
sift1m,50000,128,23,10,1.000000,adaptive,64,64,10,1.000000,2.702,0.093,2.427,0.083,0.006,64,2233,2233,bernoulli,8.0000,0.001000
sift1m,50000,128,24,10,0.001000,adaptive,8,64,2,0.100000,2.804,0.188,2.531,0.015,0.002,64,2360,2,bernoulli,8.0000,0.001000
sift1m,50000,128,24,10,0.001000,adaptive,16,128,7,0.400000,5.396,0.147,5.079,0.030,0.007,128,4588,10,bernoulli,8.0000,0.001000
sift1m,50000,128,24,10,0.001000,adaptive,32,256,10,0.700000,10.456,0.360,9.770,0.062,0.010,256,8762,19,bernoulli,8.0000,0.001000
sift1m,50000,128,24,10,0.001000,adaptive,64,512,10,0.900000,19.922,0.609,18.689,0.117,0.015,512,17185,34,bernoulli,8.0000,0.001000
sift1m,50000,128,24,10,0.010000,adaptive,8,64,10,0.400000,2.583,0.169,2.325,0.020,0.004,64,2360,16,bernoulli,8.0000,0.001000
sift1m,50000,128,24,10,0.010000,adaptive,16,128,10,0.700000,5.079,0.147,4.753,0.039,0.008,128,4588,42,bernoulli,8.0000,0.001000
sift1m,50000,128,24,10,0.010000,adaptive,32,256,10,1.000000,9.664,0.245,9.071,0.076,0.015,256,8762,86,bernoulli,8.0000,0.001000
sift1m,50000,128,24,10,0.010000,adaptive,64,512,10,1.000000,20.334,0.661,18.998,0.149,0.022,512,17185,160,bernoulli,8.0000,0.001000
sift1m,50000,128,24,10,0.050000,adaptive,8,64,10,1.000000,3.112,0.211,2.749,0.039,0.009,64,2360,112,bernoulli,8.0000,0.001000
sift1m,50000,128,24,10,0.050000,adaptive,16,128,10,1.000000,5.407,0.284,4.861,0.079,0.013,128,4588,230,bernoulli,8.0000,0.001000
sift1m,50000,128,24,10,0.050000,adaptive,32,256,10,1.000000,9.654,0.328,8.871,0.117,0.029,256,8762,436,bernoulli,8.0000,0.001000
sift1m,50000,128,24,10,0.050000,adaptive,64,512,10,1.000000,19.968,0.549,18.480,0.252,0.033,512,17185,870,bernoulli,8.0000,0.001000
sift1m,50000,128,24,10,0.100000,adaptive,8,64,10,1.000000,2.739,0.185,2.443,0.017,0.008,64,2360,218,bernoulli,8.0000,0.001000
sift1m,50000,128,24,10,0.100000,adaptive,16,128,10,1.000000,5.656,0.139,5.272,0.033,0.021,128,4588,414,bernoulli,8.0000,0.001000
sift1m,50000,128,24,10,0.100000,adaptive,32,256,10,1.000000,10.418,0.392,9.564,0.068,0.027,256,8762,815,bernoulli,8.0000,0.001000
sift1m,50000,128,24,10,0.100000,adaptive,64,512,10,1.000000,21.064,0.623,19.474,0.163,0.049,512,17185,1620,bernoulli,8.0000,0.001000
sift1m,50000,128,24,10,0.500000,adaptive,8,16,10,1.000000,1.002,0.221,0.727,0.017,0.004,16,600,303,bernoulli,8.0000,0.001000
sift1m,50000,128,24,10,0.500000,adaptive,16,32,10,1.000000,1.687,0.098,1.476,0.033,0.007,32,1213,620,bernoulli,8.0000,0.001000
sift1m,50000,128,24,10,0.500000,adaptive,32,64,10,1.000000,3.250,0.194,2.841,0.065,0.010,64,2360,1209,bernoulli,8.0000,0.001000
sift1m,50000,128,24,10,0.500000,adaptive,64,128,10,1.000000,6.357,0.215,5.672,0.142,0.013,128,4588,2325,bernoulli,8.0000,0.001000
sift1m,50000,128,24,10,1.000000,adaptive,8,8,10,0.900000,0.626,0.211,0.386,0.012,0.002,8,297,297,bernoulli,8.0000,0.001000
sift1m,50000,128,24,10,1.000000,adaptive,16,16,10,1.000000,0.757,0.087,0.623,0.022,0.002,16,600,600,bernoulli,8.0000,0.001000
sift1m,50000,128,24,10,1.000000,adaptive,32,32,10,1.000000,1.414,0.078,1.246,0.043,0.004,32,1213,1213,bernoulli,8.0000,0.001000
sift1m,50000,128,24,10,1.000000,adaptive,64,64,10,1.000000,2.712,0.089,2.452,0.083,0.007,64,2360,2360,bernoulli,8.0000,0.001000
sift1m,50000,128,25,10,0.001000,adaptive,8,64,1,0.100000,3.045,0.182,2.747,0.015,0.005,64,2276,1,bernoulli,8.0000,0.001000
sift1m,50000,128,25,10,0.001000,adaptive,16,128,3,0.300000,5.267,0.224,4.819,0.034,0.004,128,4470,4,bernoulli,8.0000,0.001000
sift1m,50000,128,25,10,0.001000,adaptive,32,256,5,0.500000,10.629,0.241,9.955,0.056,0.012,256,8809,8,bernoulli,8.0000,0.001000
sift1m,50000,128,25,10,0.001000,adaptive,64,512,9,0.900000,20.314,0.687,18.782,0.110,0.012,512,17081,14,bernoulli,8.0000,0.001000
sift1m,50000,128,25,10,0.010000,adaptive,8,64,10,0.600000,2.670,0.207,2.376,0.019,0.003,64,2276,16,bernoulli,8.0000,0.001000
sift1m,50000,128,25,10,0.010000,adaptive,16,128,10,0.900000,5.349,0.152,5.001,0.044,0.012,128,4470,47,bernoulli,8.0000,0.001000
sift1m,50000,128,25,10,0.010000,adaptive,32,256,10,1.000000,10.405,0.357,9.678,0.100,0.012,256,8809,91,bernoulli,8.0000,0.001000
sift1m,50000,128,25,10,0.010000,adaptive,64,512,10,1.000000,19.265,0.511,17.985,0.227,0.031,512,17081,175,bernoulli,8.0000,0.001000
sift1m,50000,128,25,10,0.050000,adaptive,8,64,10,1.000000,2.652,0.196,2.336,0.031,0.008,64,2276,115,bernoulli,8.0000,0.001000
sift1m,50000,128,25,10,0.050000,adaptive,16,128,10,1.000000,5.150,0.147,4.765,0.060,0.012,128,4470,221,bernoulli,8.0000,0.001000
sift1m,50000,128,25,10,0.050000,adaptive,32,256,10,1.000000,10.483,0.251,9.748,0.121,0.022,256,8809,448,bernoulli,8.0000,0.001000
sift1m,50000,128,25,10,0.050000,adaptive,64,512,10,1.000000,19.552,0.588,18.066,0.230,0.044,512,17081,853,bernoulli,8.0000,0.001000
sift1m,50000,128,25,10,0.100000,adaptive,8,64,10,1.000000,2.585,0.163,2.307,0.018,0.008,64,2276,254,bernoulli,8.0000,0.001000
sift1m,50000,128,25,10,0.100000,adaptive,16,128,10,1.000000,5.133,0.140,4.750,0.034,0.024,128,4470,474,bernoulli,8.0000,0.001000
sift1m,50000,128,25,10,0.100000,adaptive,32,256,10,1.000000,10.943,0.336,10.153,0.068,0.025,256,8809,905,bernoulli,8.0000,0.001000
sift1m,50000,128,25,10,0.100000,adaptive,64,512,10,1.000000,19.748,0.633,18.243,0.131,0.042,512,17081,1710,bernoulli,8.0000,0.001000
sift1m,50000,128,25,10,0.500000,adaptive,8,16,10,1.000000,1.099,0.229,0.778,0.016,0.004,16,609,300,bernoulli,8.0000,0.001000
sift1m,50000,128,25,10,0.500000,adaptive,16,32,10,1.000000,1.639,0.109,1.410,0.030,0.006,32,1163,565,bernoulli,8.0000,0.001000
sift1m,50000,128,25,10,0.500000,adaptive,32,64,10,1.000000,2.889,0.193,2.512,0.058,0.008,64,2276,1128,bernoulli,8.0000,0.001000
sift1m,50000,128,25,10,0.500000,adaptive,64,128,10,1.000000,5.582,0.162,5.044,0.111,0.021,128,4470,2160,bernoulli,8.0000,0.001000
sift1m,50000,128,25,10,1.000000,adaptive,8,8,10,1.000000,0.692,0.155,0.505,0.012,0.003,8,308,308,bernoulli,8.0000,0.001000
sift1m,50000,128,25,10,1.000000,adaptive,16,16,10,1.000000,0.901,0.116,0.707,0.023,0.004,16,609,609,bernoulli,8.0000,0.001000
sift1m,50000,128,25,10,1.000000,adaptive,32,32,10,1.000000,1.389,0.100,1.181,0.040,0.005,32,1163,1163,bernoulli,8.0000,0.001000
sift1m,50000,128,25,10,1.000000,adaptive,64,64,10,1.000000,2.778,0.104,2.482,0.079,0.012,64,2276,2276,bernoulli,8.0000,0.001000
sift1m,50000,128,26,10,0.001000,adaptive,8,64,2,0.200000,2.913,0.236,2.590,0.015,0.003,64,2287,2,bernoulli,8.0000,0.001000
sift1m,50000,128,26,10,0.001000,adaptive,16,128,2,0.200000,4.871,0.255,4.461,0.028,0.003,128,4418,3,bernoulli,8.0000,0.001000
sift1m,50000,128,26,10,0.001000,adaptive,32,256,6,0.600000,9.627,0.246,9.067,0.056,0.008,256,8600,11,bernoulli,8.0000,0.001000
sift1m,50000,128,26,10,0.001000,adaptive,64,512,6,0.600000,19.605,0.462,18.461,0.168,0.010,512,17337,15,bernoulli,8.0000,0.001000
sift1m,50000,128,26,10,0.010000,adaptive,8,64,10,0.500000,2.839,0.158,2.577,0.021,0.010,64,2287,28,bernoulli,8.0000,0.001000
sift1m,50000,128,26,10,0.010000,adaptive,16,128,10,0.700000,5.162,0.255,4.697,0.053,0.008,128,4418,44,bernoulli,8.0000,0.001000
sift1m,50000,128,26,10,0.010000,adaptive,32,256,10,0.900000,9.562,0.259,8.961,0.076,0.014,256,8600,92,bernoulli,8.0000,0.001000
sift1m,50000,128,26,10,0.010000,adaptive,64,512,10,1.000000,19.973,0.454,18.702,0.283,0.029,512,17337,182,bernoulli,8.0000,0.001000
sift1m,50000,128,26,10,0.050000,adaptive,8,64,10,0.800000,2.890,0.236,2.530,0.030,0.007,64,2287,91,bernoulli,8.0000,0.001000
sift1m,50000,128,26,10,0.050000,adaptive,16,128,10,1.000000,4.819,0.152,4.438,0.057,0.013,128,4418,181,bernoulli,8.0000,0.001000
sift1m,50000,128,26,10,0.050000,adaptive,32,256,10,1.000000,9.420,0.242,8.666,0.145,0.022,256,8600,377,bernoulli,8.0000,0.001000
sift1m,50000,128,26,10,0.050000,adaptive,64,512,10,1.000000,20.241,0.436,18.812,0.236,0.032,512,17337,794,bernoulli,8.0000,0.001000
sift1m,50000,128,26,10,0.100000,adaptive,8,64,10,1.000000,2.580,0.195,2.275,0.017,0.008,64,2287,239,bernoulli,8.0000,0.001000
sift1m,50000,128,26,10,0.100000,adaptive,16,128,10,1.000000,4.785,0.143,4.430,0.031,0.012,128,4418,419,bernoulli,8.0000,0.001000
sift1m,50000,128,26,10,0.100000,adaptive,32,256,10,1.000000,9.609,0.233,8.952,0.064,0.021,256,8600,836,bernoulli,8.0000,0.001000
sift1m,50000,128,26,10,0.100000,adaptive,64,512,10,1.000000,20.698,0.445,19.339,0.141,0.047,512,17337,1731,bernoulli,8.0000,0.001000
sift1m,50000,128,26,10,0.500000,adaptive,8,16,10,1.000000,0.941,0.199,0.692,0.016,0.004,16,557,294,bernoulli,8.0000,0.001000
sift1m,50000,128,26,10,0.500000,adaptive,16,32,10,1.000000,1.409,0.110,1.205,0.030,0.005,32,1124,592,bernoulli,8.0000,0.001000
sift1m,50000,128,26,10,0.500000,adaptive,32,64,10,1.000000,2.710,0.116,2.389,0.059,0.010,64,2287,1158,bernoulli,8.0000,0.001000
sift1m,50000,128,26,10,0.500000,adaptive,64,128,10,1.000000,4.968,0.154,4.456,0.115,0.014,128,4418,2207,bernoulli,8.0000,0.001000
sift1m,50000,128,26,10,1.000000,adaptive,8,8,10,1.000000,0.680,0.215,0.434,0.012,0.004,8,302,302,bernoulli,8.0000,0.001000
sift1m,50000,128,26,10,1.000000,adaptive,16,16,10,1.000000,0.914,0.089,0.748,0.020,0.015,16,557,557,bernoulli,8.0000,0.001000
sift1m,50000,128,26,10,1.000000,adaptive,32,32,10,1.000000,1.457,0.163,1.173,0.038,0.004,32,1124,1124,bernoulli,8.0000,0.001000
sift1m,50000,128,26,10,1.000000,adaptive,64,64,10,1.000000,2.708,0.119,2.379,0.080,0.009,64,2287,2287,bernoulli,8.0000,0.001000
sift1m,50000,128,27,10,0.001000,adaptive,8,64,1,0.100000,2.914,0.223,2.572,0.014,0.002,64,2274,1,bernoulli,8.0000,0.001000
sift1m,50000,128,27,10,0.001000,adaptive,16,128,2,0.200000,5.168,0.173,4.765,0.028,0.003,128,4503,2,bernoulli,8.0000,0.001000
sift1m,50000,128,27,10,0.001000,adaptive,32,256,4,0.400000,10.285,0.339,9.476,0.056,0.008,256,8877,4,bernoulli,8.0000,0.001000
sift1m,50000,128,27,10,0.001000,adaptive,64,512,8,0.600000,20.910,0.555,19.378,0.169,0.012,512,17612,13,bernoulli,8.0000,0.001000
sift1m,50000,128,27,10,0.010000,adaptive,8,64,10,0.600000,2.815,0.213,2.514,0.019,0.004,64,2274,15,bernoulli,8.0000,0.001000
sift1m,50000,128,27,10,0.010000,adaptive,16,128,10,0.600000,5.302,0.149,4.971,0.039,0.007,128,4503,35,bernoulli,8.0000,0.001000
sift1m,50000,128,27,10,0.010000,adaptive,32,256,10,0.900000,10.271,0.320,9.603,0.076,0.016,256,8877,82,bernoulli,8.0000,0.001000
sift1m,50000,128,27,10,0.010000,adaptive,64,512,10,1.000000,20.530,0.609,19.205,0.153,0.028,512,17612,155,bernoulli,8.0000,0.001000
sift1m,50000,128,27,10,0.050000,adaptive,8,64,10,1.000000,3.025,0.245,2.656,0.031,0.007,64,2274,111,bernoulli,8.0000,0.001000
sift1m,50000,128,27,10,0.050000,adaptive,16,128,10,1.000000,5.214,0.201,4.780,0.060,0.011,128,4503,238,bernoulli,8.0000,0.001000
sift1m,50000,128,27,10,0.050000,adaptive,32,256,10,1.000000,9.859,0.241,9.164,0.119,0.019,256,8877,479,bernoulli,8.0000,0.001000
sift1m,50000,128,27,10,0.050000,adaptive,64,512,10,1.000000,20.104,0.453,18.699,0.241,0.040,512,17612,933,bernoulli,8.0000,0.001000
sift1m,50000,128,27,10,0.100000,adaptive,8,64,10,1.000000,2.896,0.233,2.511,0.018,0.013,64,2274,214,bernoulli,8.0000,0.001000
sift1m,50000,128,27,10,0.100000,adaptive,16,128,10,1.000000,5.211,0.187,4.797,0.033,0.013,128,4503,444,bernoulli,8.0000,0.001000
sift1m,50000,128,27,10,0.100000,adaptive,32,256,10,1.000000,10.244,0.229,9.540,0.066,0.030,256,8877,877,bernoulli,8.0000,0.001000
sift1m,50000,128,27,10,0.100000,adaptive,64,512,10,1.000000,19.910,0.682,18.352,0.130,0.046,512,17612,1754,bernoulli,8.0000,0.001000
sift1m,50000,128,27,10,0.500000,adaptive,8,16,10,1.000000,1.128,0.227,0.842,0.017,0.004,16,627,298,bernoulli,8.0000,0.001000
sift1m,50000,128,27,10,0.500000,adaptive,16,32,10,1.000000,1.527,0.117,1.311,0.030,0.007,32,1184,565,bernoulli,8.0000,0.001000
sift1m,50000,128,27,10,0.500000,adaptive,32,64,10,1.000000,2.790,0.131,2.480,0.057,0.007,64,2274,1096,bernoulli,8.0000,0.001000
sift1m,50000,128,27,10,0.500000,adaptive,64,128,10,1.000000,5.172,0.142,4.668,0.112,0.013,128,4503,2191,bernoulli,8.0000,0.001000
sift1m,50000,128,27,10,1.000000,adaptive,8,8,10,0.800000,0.706,0.218,0.459,0.012,0.002,8,299,299,bernoulli,8.0000,0.001000
sift1m,50000,128,27,10,1.000000,adaptive,16,16,10,1.000000,0.812,0.082,0.682,0.022,0.003,16,627,627,bernoulli,8.0000,0.001000
sift1m,50000,128,27,10,1.000000,adaptive,32,32,10,1.000000,1.415,0.078,1.248,0.041,0.004,32,1184,1184,bernoulli,8.0000,0.001000
sift1m,50000,128,27,10,1.000000,adaptive,64,64,10,1.000000,2.999,0.093,2.686,0.081,0.009,64,2274,2274,bernoulli,8.0000,0.001000
sift1m,50000,128,28,10,0.001000,adaptive,8,64,3,0.200000,2.638,0.211,2.345,0.015,0.005,64,2154,3,bernoulli,8.0000,0.001000
sift1m,50000,128,28,10,0.001000,adaptive,16,128,6,0.400000,4.904,0.160,4.588,0.030,0.004,128,4359,6,bernoulli,8.0000,0.001000
sift1m,50000,128,28,10,0.001000,adaptive,32,256,7,0.500000,9.695,0.291,9.091,0.061,0.007,256,8697,9,bernoulli,8.0000,0.001000
sift1m,50000,128,28,10,0.001000,adaptive,64,512,10,0.800000,19.308,0.532,18.133,0.151,0.012,512,17120,25,bernoulli,8.0000,0.001000
sift1m,50000,128,28,10,0.010000,adaptive,8,64,10,0.600000,2.866,0.214,2.558,0.023,0.005,64,2154,22,bernoulli,8.0000,0.001000
sift1m,50000,128,28,10,0.010000,adaptive,16,128,10,0.700000,4.788,0.165,4.455,0.037,0.007,128,4359,50,bernoulli,8.0000,0.001000
sift1m,50000,128,28,10,0.010000,adaptive,32,256,10,1.000000,10.144,0.237,9.493,0.130,0.025,256,8697,94,bernoulli,8.0000,0.001000
sift1m,50000,128,28,10,0.010000,adaptive,64,512,10,1.000000,19.784,0.572,18.503,0.163,0.024,512,17120,170,bernoulli,8.0000,0.001000
sift1m,50000,128,28,10,0.050000,adaptive,8,64,10,0.900000,2.991,0.323,2.529,0.029,0.010,64,2154,81,bernoulli,8.0000,0.001000
sift1m,50000,128,28,10,0.050000,adaptive,16,128,10,1.000000,5.817,0.258,5.303,0.059,0.013,128,4359,175,bernoulli,8.0000,0.001000
sift1m,50000,128,28,10,0.050000,adaptive,32,256,10,1.000000,9.928,0.316,9.154,0.113,0.020,256,8697,371,bernoulli,8.0000,0.001000
sift1m,50000,128,28,10,0.050000,adaptive,64,512,10,1.000000,20.041,0.587,18.509,0.240,0.034,512,17120,783,bernoulli,8.0000,0.001000
sift1m,50000,128,28,10,0.100000,adaptive,8,64,10,1.000000,2.949,0.223,2.597,0.017,0.014,64,2154,208,bernoulli,8.0000,0.001000
sift1m,50000,128,28,10,0.100000,adaptive,16,128,10,1.000000,5.564,0.292,5.027,0.035,0.019,128,4359,432,bernoulli,8.0000,0.001000
sift1m,50000,128,28,10,0.100000,adaptive,32,256,10,1.000000,10.384,0.405,9.485,0.066,0.027,256,8697,860,bernoulli,8.0000,0.001000
sift1m,50000,128,28,10,0.100000,adaptive,64,512,10,1.000000,20.518,0.525,19.067,0.137,0.042,512,17120,1680,bernoulli,8.0000,0.001000
sift1m,50000,128,28,10,0.500000,adaptive,8,16,10,1.000000,1.124,0.233,0.836,0.017,0.004,16,569,293,bernoulli,8.0000,0.001000
sift1m,50000,128,28,10,0.500000,adaptive,16,32,10,1.000000,1.379,0.168,1.123,0.028,0.004,32,1068,533,bernoulli,8.0000,0.001000
sift1m,50000,128,28,10,0.500000,adaptive,32,64,10,1.000000,2.527,0.114,2.236,0.055,0.007,64,2154,1086,bernoulli,8.0000,0.001000
sift1m,50000,128,28,10,0.500000,adaptive,64,128,10,1.000000,5.256,0.150,4.732,0.109,0.020,128,4359,2190,bernoulli,8.0000,0.001000
sift1m,50000,128,28,10,1.000000,adaptive,8,8,10,0.800000,0.481,0.114,0.328,0.011,0.003,8,284,284,bernoulli,8.0000,0.001000
sift1m,50000,128,28,10,1.000000,adaptive,16,16,10,0.900000,0.690,0.075,0.564,0.020,0.003,16,569,569,bernoulli,8.0000,0.001000
sift1m,50000,128,28,10,1.000000,adaptive,32,32,10,0.900000,1.232,0.073,1.030,0.038,0.004,32,1068,1068,bernoulli,8.0000,0.001000
sift1m,50000,128,28,10,1.000000,adaptive,64,64,10,1.000000,2.609,0.086,2.312,0.077,0.010,64,2154,2154,bernoulli,8.0000,0.001000
sift1m,50000,128,29,10,0.001000,adaptive,8,64,2,0.200000,2.560,0.170,2.304,0.014,0.002,64,2156,4,bernoulli,8.0000,0.001000
sift1m,50000,128,29,10,0.001000,adaptive,16,128,3,0.300000,4.955,0.132,4.641,0.028,0.008,128,4352,6,bernoulli,8.0000,0.001000
sift1m,50000,128,29,10,0.001000,adaptive,32,256,9,0.800000,10.006,0.275,9.281,0.151,0.009,256,8622,15,bernoulli,8.0000,0.001000
sift1m,50000,128,29,10,0.001000,adaptive,64,512,10,0.900000,19.355,0.569,18.047,0.172,0.015,512,16969,20,bernoulli,8.0000,0.001000
sift1m,50000,128,29,10,0.010000,adaptive,8,64,10,1.000000,2.678,0.173,2.414,0.020,0.006,64,2156,33,bernoulli,8.0000,0.001000
sift1m,50000,128,29,10,0.010000,adaptive,16,128,10,1.000000,4.648,0.129,4.350,0.037,0.007,128,4352,55,bernoulli,8.0000,0.001000
sift1m,50000,128,29,10,0.010000,adaptive,32,256,10,1.000000,9.579,0.199,9.020,0.090,0.017,256,8622,79,bernoulli,8.0000,0.001000
sift1m,50000,128,29,10,0.010000,adaptive,64,512,10,1.000000,19.304,0.581,18.041,0.151,0.021,512,16969,133,bernoulli,8.0000,0.001000
sift1m,50000,128,29,10,0.050000,adaptive,8,64,10,1.000000,2.740,0.182,2.432,0.031,0.009,64,2156,115,bernoulli,8.0000,0.001000
sift1m,50000,128,29,10,0.050000,adaptive,16,128,10,1.000000,4.949,0.151,4.565,0.058,0.011,128,4352,214,bernoulli,8.0000,0.001000
sift1m,50000,128,29,10,0.050000,adaptive,32,256,10,1.000000,9.690,0.217,9.005,0.118,0.026,256,8622,429,bernoulli,8.0000,0.001000
sift1m,50000,128,29,10,0.050000,adaptive,64,512,10,1.000000,19.241,0.484,17.839,0.235,0.036,512,16969,857,bernoulli,8.0000,0.001000
sift1m,50000,128,29,10,0.100000,adaptive,8,64,10,1.000000,2.933,0.207,2.571,0.017,0.010,64,2156,199,bernoulli,8.0000,0.001000
sift1m,50000,128,29,10,0.100000,adaptive,16,128,10,1.000000,5.011,0.148,4.638,0.033,0.016,128,4352,420,bernoulli,8.0000,0.001000
sift1m,50000,128,29,10,0.100000,adaptive,32,256,10,1.000000,10.265,0.258,9.559,0.068,0.030,256,8622,871,bernoulli,8.0000,0.001000
sift1m,50000,128,29,10,0.100000,adaptive,64,512,10,1.000000,19.483,0.571,18.063,0.129,0.045,512,16969,1668,bernoulli,8.0000,0.001000
sift1m,50000,128,29,10,0.500000,adaptive,8,16,10,1.000000,0.760,0.159,0.557,0.013,0.004,16,490,245,bernoulli,8.0000,0.001000
sift1m,50000,128,29,10,0.500000,adaptive,16,32,10,1.000000,1.256,0.072,1.099,0.026,0.005,32,1036,515,bernoulli,8.0000,0.001000
sift1m,50000,128,29,10,0.500000,adaptive,32,64,10,1.000000,2.499,0.084,2.244,0.055,0.008,64,2156,1124,bernoulli,8.0000,0.001000
sift1m,50000,128,29,10,0.500000,adaptive,64,128,10,1.000000,5.154,0.117,4.670,0.117,0.013,128,4352,2265,bernoulli,8.0000,0.001000
sift1m,50000,128,29,10,1.000000,adaptive,8,8,10,0.900000,0.356,0.101,0.228,0.008,0.002,8,218,218,bernoulli,8.0000,0.001000
sift1m,50000,128,29,10,1.000000,adaptive,16,16,10,1.000000,0.553,0.057,0.454,0.017,0.003,16,490,490,bernoulli,8.0000,0.001000
sift1m,50000,128,29,10,1.000000,adaptive,32,32,10,1.000000,1.128,0.055,0.991,0.034,0.004,32,1036,1036,bernoulli,8.0000,0.001000
sift1m,50000,128,29,10,1.000000,adaptive,64,64,10,1.000000,2.969,0.067,2.660,0.081,0.007,64,2156,2156,bernoulli,8.0000,0.001000
sift1m,50000,128,30,10,0.001000,adaptive,8,64,0,0.000000,2.816,0.333,2.398,0.013,0.002,64,2194,0,bernoulli,8.0000,0.001000
sift1m,50000,128,30,10,0.001000,adaptive,16,128,0,0.000000,5.252,0.201,4.873,0.029,0.007,128,4469,0,bernoulli,8.0000,0.001000
sift1m,50000,128,30,10,0.001000,adaptive,32,256,3,0.300000,9.825,0.268,9.225,0.054,0.007,256,8676,4,bernoulli,8.0000,0.001000
sift1m,50000,128,30,10,0.001000,adaptive,64,512,6,0.600000,19.340,0.583,18.065,0.156,0.014,512,16920,8,bernoulli,8.0000,0.001000
sift1m,50000,128,30,10,0.010000,adaptive,8,64,10,0.800000,2.850,0.250,2.495,0.035,0.005,64,2194,25,bernoulli,8.0000,0.001000
sift1m,50000,128,30,10,0.010000,adaptive,16,128,10,0.900000,5.244,0.179,4.885,0.039,0.009,128,4469,58,bernoulli,8.0000,0.001000
sift1m,50000,128,30,10,0.010000,adaptive,32,256,10,1.000000,9.590,0.244,8.989,0.096,0.015,256,8676,110,bernoulli,8.0000,0.001000
sift1m,50000,128,30,10,0.010000,adaptive,64,512,10,1.000000,19.946,0.468,18.767,0.160,0.027,512,16920,197,bernoulli,8.0000,0.001000
sift1m,50000,128,30,10,0.050000,adaptive,8,64,10,0.800000,3.007,0.279,2.601,0.031,0.009,64,2194,126,bernoulli,8.0000,0.001000
sift1m,50000,128,30,10,0.050000,adaptive,16,128,10,1.000000,5.370,0.207,4.912,0.063,0.022,128,4469,241,bernoulli,8.0000,0.001000
sift1m,50000,128,30,10,0.050000,adaptive,32,256,10,1.000000,9.970,0.358,9.145,0.120,0.027,256,8676,456,bernoulli,8.0000,0.001000
sift1m,50000,128,30,10,0.050000,adaptive,64,512,10,1.000000,19.194,0.544,17.740,0.227,0.038,512,16920,829,bernoulli,8.0000,0.001000
sift1m,50000,128,30,10,0.100000,adaptive,8,64,10,0.900000,3.011,0.247,2.633,0.016,0.010,64,2194,181,bernoulli,8.0000,0.001000
sift1m,50000,128,30,10,0.100000,adaptive,16,128,10,1.000000,5.525,0.174,5.117,0.031,0.014,128,4469,398,bernoulli,8.0000,0.001000
sift1m,50000,128,30,10,0.100000,adaptive,32,256,10,1.000000,10.403,0.364,9.539,0.072,0.033,256,8676,797,bernoulli,8.0000,0.001000
sift1m,50000,128,30,10,0.100000,adaptive,64,512,10,1.000000,19.033,0.678,17.493,0.132,0.045,512,16920,1612,bernoulli,8.0000,0.001000
sift1m,50000,128,30,10,0.500000,adaptive,8,16,10,0.700000,1.060,0.208,0.792,0.017,0.004,16,582,279,bernoulli,8.0000,0.001000
sift1m,50000,128,30,10,0.500000,adaptive,16,32,10,0.800000,1.555,0.096,1.359,0.032,0.004,32,1180,595,bernoulli,8.0000,0.001000
sift1m,50000,128,30,10,0.500000,adaptive,32,64,10,1.000000,2.703,0.125,2.400,0.057,0.006,64,2194,1104,bernoulli,8.0000,0.001000
sift1m,50000,128,30,10,0.500000,adaptive,64,128,10,1.000000,5.385,0.150,4.819,0.122,0.015,128,4469,2284,bernoulli,8.0000,0.001000
sift1m,50000,128,30,10,1.000000,adaptive,8,8,10,0.800000,0.637,0.224,0.385,0.011,0.003,8,270,270,bernoulli,8.0000,0.001000
sift1m,50000,128,30,10,1.000000,adaptive,16,16,10,0.800000,0.787,0.082,0.660,0.020,0.003,16,582,582,bernoulli,8.0000,0.001000
sift1m,50000,128,30,10,1.000000,adaptive,32,32,10,0.900000,1.416,0.077,1.252,0.041,0.004,32,1180,1180,bernoulli,8.0000,0.001000
sift1m,50000,128,30,10,1.000000,adaptive,64,64,10,1.000000,2.943,0.089,2.628,0.080,0.009,64,2194,2194,bernoulli,8.0000,0.001000
sift1m,50000,128,31,10,0.001000,adaptive,8,64,1,0.100000,2.495,0.199,2.180,0.018,0.002,64,2087,1,bernoulli,8.0000,0.001000
sift1m,50000,128,31,10,0.001000,adaptive,16,128,3,0.300000,5.257,0.141,4.881,0.032,0.004,128,4344,3,bernoulli,8.0000,0.001000
sift1m,50000,128,31,10,0.001000,adaptive,32,256,3,0.300000,9.692,0.242,8.994,0.055,0.006,256,8523,6,bernoulli,8.0000,0.001000
sift1m,50000,128,31,10,0.001000,adaptive,64,512,8,0.600000,19.739,0.508,18.306,0.114,0.017,512,16810,15,bernoulli,8.0000,0.001000
sift1m,50000,128,31,10,0.010000,adaptive,8,64,10,0.800000,2.713,0.262,2.361,0.018,0.004,64,2087,15,bernoulli,8.0000,0.001000
sift1m,50000,128,31,10,0.010000,adaptive,16,128,10,1.000000,4.926,0.255,4.498,0.038,0.008,128,4344,37,bernoulli,8.0000,0.001000
sift1m,50000,128,31,10,0.010000,adaptive,32,256,10,1.000000,10.170,0.402,9.421,0.080,0.010,256,8523,74,bernoulli,8.0000,0.001000
sift1m,50000,128,31,10,0.010000,adaptive,64,512,10,1.000000,19.622,0.611,18.279,0.211,0.022,512,16810,157,bernoulli,8.0000,0.001000
sift1m,50000,128,31,10,0.050000,adaptive,8,64,10,1.000000,2.491,0.237,2.142,0.028,0.007,64,2087,102,bernoulli,8.0000,0.001000
sift1m,50000,128,31,10,0.050000,adaptive,16,128,10,1.000000,4.851,0.146,4.482,0.057,0.010,128,4344,197,bernoulli,8.0000,0.001000
sift1m,50000,128,31,10,0.050000,adaptive,32,256,10,1.000000,9.944,0.244,9.223,0.114,0.019,256,8523,384,bernoulli,8.0000,0.001000
sift1m,50000,128,31,10,0.050000,adaptive,64,512,10,1.000000,19.995,0.519,18.560,0.247,0.040,512,16810,752,bernoulli,8.0000,0.001000
sift1m,50000,128,31,10,0.100000,adaptive,8,64,10,0.900000,2.756,0.213,2.427,0.017,0.014,64,2087,206,bernoulli,8.0000,0.001000
sift1m,50000,128,31,10,0.100000,adaptive,16,128,10,1.000000,5.103,0.217,4.662,0.033,0.016,128,4344,441,bernoulli,8.0000,0.001000
sift1m,50000,128,31,10,0.100000,adaptive,32,256,10,1.000000,10.092,0.353,9.275,0.066,0.029,256,8523,842,bernoulli,8.0000,0.001000
sift1m,50000,128,31,10,0.100000,adaptive,64,512,10,1.000000,19.618,0.476,18.230,0.141,0.041,512,16810,1615,bernoulli,8.0000,0.001000
sift1m,50000,128,31,10,0.500000,adaptive,8,16,10,0.900000,0.847,0.218,0.586,0.013,0.003,16,480,227,bernoulli,8.0000,0.001000
sift1m,50000,128,31,10,0.500000,adaptive,16,32,10,1.000000,1.306,0.094,1.127,0.027,0.005,32,1047,524,bernoulli,8.0000,0.001000
sift1m,50000,128,31,10,0.500000,adaptive,32,64,10,1.000000,2.411,0.101,2.116,0.053,0.037,64,2087,1049,bernoulli,8.0000,0.001000
sift1m,50000,128,31,10,0.500000,adaptive,64,128,10,1.000000,5.577,0.232,4.933,0.116,0.014,128,4344,2207,bernoulli,8.0000,0.001000
sift1m,50000,128,31,10,1.000000,adaptive,8,8,10,1.000000,0.694,0.219,0.443,0.012,0.003,8,293,293,bernoulli,8.0000,0.001000
sift1m,50000,128,31,10,1.000000,adaptive,16,16,10,1.000000,0.648,0.096,0.508,0.017,0.003,16,480,480,bernoulli,8.0000,0.001000
sift1m,50000,128,31,10,1.000000,adaptive,32,32,10,1.000000,1.319,0.085,1.136,0.038,0.007,32,1047,1047,bernoulli,8.0000,0.001000
sift1m,50000,128,31,10,1.000000,adaptive,64,64,10,1.000000,2.651,0.108,2.332,0.085,0.010,64,2087,2087,bernoulli,8.0000,0.001000
sift1m,50000,128,32,10,0.001000,adaptive,8,64,2,0.200000,2.833,0.217,2.526,0.014,0.002,64,2285,2,bernoulli,8.0000,0.001000
sift1m,50000,128,32,10,0.001000,adaptive,16,128,3,0.300000,5.014,0.173,4.665,0.028,0.004,128,4456,5,bernoulli,8.0000,0.001000
sift1m,50000,128,32,10,0.001000,adaptive,32,256,5,0.500000,10.210,0.270,9.587,0.056,0.007,256,8886,10,bernoulli,8.0000,0.001000
sift1m,50000,128,32,10,0.001000,adaptive,64,512,7,0.600000,19.609,0.577,18.341,0.111,0.012,512,17444,17,bernoulli,8.0000,0.001000
sift1m,50000,128,32,10,0.010000,adaptive,8,64,10,0.600000,2.746,0.251,2.410,0.019,0.004,64,2285,19,bernoulli,8.0000,0.001000
sift1m,50000,128,32,10,0.010000,adaptive,16,128,10,0.700000,5.376,0.148,5.048,0.042,0.007,128,4456,40,bernoulli,8.0000,0.001000
sift1m,50000,128,32,10,0.010000,adaptive,32,256,10,1.000000,10.543,0.257,9.928,0.084,0.012,256,8886,96,bernoulli,8.0000,0.001000
sift1m,50000,128,32,10,0.010000,adaptive,64,512,10,1.000000,20.441,0.492,19.217,0.170,0.033,512,17444,198,bernoulli,8.0000,0.001000
sift1m,50000,128,32,10,0.050000,adaptive,8,64,10,1.000000,2.849,0.205,2.516,0.038,0.008,64,2285,116,bernoulli,8.0000,0.001000
sift1m,50000,128,32,10,0.050000,adaptive,16,128,10,1.000000,5.255,0.161,4.860,0.061,0.011,128,4456,241,bernoulli,8.0000,0.001000
sift1m,50000,128,32,10,0.050000,adaptive,32,256,10,1.000000,10.578,0.270,9.797,0.124,0.035,256,8886,475,bernoulli,8.0000,0.001000
sift1m,50000,128,32,10,0.050000,adaptive,64,512,10,1.000000,21.484,0.665,19.811,0.245,0.039,512,17444,942,bernoulli,8.0000,0.001000
sift1m,50000,128,32,10,0.100000,adaptive,8,64,10,1.000000,3.211,0.272,2.813,0.017,0.010,64,2285,217,bernoulli,8.0000,0.001000
sift1m,50000,128,32,10,0.100000,adaptive,16,128,10,1.000000,5.281,0.220,4.832,0.033,0.015,128,4456,449,bernoulli,8.0000,0.001000
sift1m,50000,128,32,10,0.100000,adaptive,32,256,10,1.000000,10.739,0.305,9.951,0.070,0.031,256,8886,898,bernoulli,8.0000,0.001000
sift1m,50000,128,32,10,0.100000,adaptive,64,512,10,1.000000,20.631,0.660,19.053,0.152,0.048,512,17444,1745,bernoulli,8.0000,0.001000
sift1m,50000,128,32,10,0.500000,adaptive,8,16,10,1.000000,1.159,0.239,0.862,0.018,0.005,16,611,317,bernoulli,8.0000,0.001000
sift1m,50000,128,32,10,0.500000,adaptive,16,32,10,1.000000,1.535,0.133,1.308,0.030,0.005,32,1185,607,bernoulli,8.0000,0.001000
sift1m,50000,128,32,10,0.500000,adaptive,32,64,10,1.000000,3.111,0.110,2.805,0.059,0.010,64,2285,1182,bernoulli,8.0000,0.001000
sift1m,50000,128,32,10,0.500000,adaptive,64,128,10,1.000000,5.699,0.242,5.061,0.118,0.013,128,4456,2250,bernoulli,8.0000,0.001000
sift1m,50000,128,32,10,1.000000,adaptive,8,8,10,1.000000,0.831,0.247,0.540,0.014,0.004,8,336,336,bernoulli,8.0000,0.001000
sift1m,50000,128,32,10,1.000000,adaptive,16,16,10,1.000000,0.946,0.141,0.748,0.022,0.003,16,611,611,bernoulli,8.0000,0.001000
sift1m,50000,128,32,10,1.000000,adaptive,32,32,10,1.000000,1.548,0.104,1.346,0.042,0.005,32,1185,1185,bernoulli,8.0000,0.001000
sift1m,50000,128,32,10,1.000000,adaptive,64,64,10,1.000000,2.921,0.108,2.615,0.083,0.011,64,2285,2285,bernoulli,8.0000,0.001000
sift1m,50000,128,33,10,0.001000,adaptive,8,64,2,0.200000,2.931,0.231,2.590,0.015,0.003,64,2097,2,bernoulli,8.0000,0.001000
sift1m,50000,128,33,10,0.001000,adaptive,16,128,5,0.300000,4.760,0.158,4.394,0.026,0.004,128,4291,7,bernoulli,8.0000,0.001000
sift1m,50000,128,33,10,0.001000,adaptive,32,256,7,0.500000,10.705,0.234,10.002,0.066,0.008,256,8524,14,bernoulli,8.0000,0.001000
sift1m,50000,128,33,10,0.001000,adaptive,64,512,10,0.800000,21.208,0.603,19.739,0.117,0.016,512,16967,24,bernoulli,8.0000,0.001000
sift1m,50000,128,33,10,0.010000,adaptive,8,64,10,0.500000,3.029,0.225,2.708,0.024,0.006,64,2097,14,bernoulli,8.0000,0.001000
sift1m,50000,128,33,10,0.010000,adaptive,16,128,10,0.900000,4.928,0.230,4.529,0.037,0.008,128,4291,37,bernoulli,8.0000,0.001000
sift1m,50000,128,33,10,0.010000,adaptive,32,256,10,0.900000,10.481,0.310,9.802,0.083,0.026,256,8524,83,bernoulli,8.0000,0.001000
sift1m,50000,128,33,10,0.010000,adaptive,64,512,10,0.900000,20.423,0.752,18.990,0.149,0.022,512,16967,155,bernoulli,8.0000,0.001000
sift1m,50000,128,33,10,0.050000,adaptive,8,64,10,0.900000,2.919,0.276,2.518,0.030,0.007,64,2097,93,bernoulli,8.0000,0.001000
sift1m,50000,128,33,10,0.050000,adaptive,16,128,10,1.000000,5.331,0.170,4.920,0.060,0.010,128,4291,202,bernoulli,8.0000,0.001000
sift1m,50000,128,33,10,0.050000,adaptive,32,256,10,1.000000,10.531,0.282,9.778,0.117,0.021,256,8524,400,bernoulli,8.0000,0.001000
sift1m,50000,128,33,10,0.050000,adaptive,64,512,10,1.000000,21.058,0.618,19.468,0.231,0.034,512,16967,762,bernoulli,8.0000,0.001000
sift1m,50000,128,33,10,0.100000,adaptive,8,64,10,0.900000,3.050,0.257,2.665,0.017,0.011,64,2097,220,bernoulli,8.0000,0.001000
sift1m,50000,128,33,10,0.100000,adaptive,16,128,10,1.000000,5.138,0.263,4.639,0.036,0.015,128,4291,455,bernoulli,8.0000,0.001000
sift1m,50000,128,33,10,0.100000,adaptive,32,256,10,1.000000,10.592,0.285,9.820,0.069,0.032,256,8524,882,bernoulli,8.0000,0.001000
sift1m,50000,128,33,10,0.100000,adaptive,64,512,10,1.000000,20.019,0.623,18.488,0.143,0.042,512,16967,1775,bernoulli,8.0000,0.001000
sift1m,50000,128,33,10,0.500000,adaptive,8,16,10,0.600000,1.008,0.226,0.727,0.016,0.004,16,507,253,bernoulli,8.0000,0.001000
sift1m,50000,128,33,10,0.500000,adaptive,16,32,10,0.800000,1.357,0.135,1.128,0.028,0.004,32,1072,543,bernoulli,8.0000,0.001000
sift1m,50000,128,33,10,0.500000,adaptive,32,64,10,0.900000,2.424,0.114,2.144,0.053,0.006,64,2097,1029,bernoulli,8.0000,0.001000
sift1m,50000,128,33,10,0.500000,adaptive,64,128,10,1.000000,5.393,0.127,4.855,0.133,0.015,128,4291,2154,bernoulli,8.0000,0.001000
sift1m,50000,128,33,10,1.000000,adaptive,8,8,10,0.600000,0.598,0.192,0.378,0.009,0.003,8,210,210,bernoulli,8.0000,0.001000
sift1m,50000,128,33,10,1.000000,adaptive,16,16,10,0.700000,0.845,0.139,0.655,0.019,0.003,16,507,507,bernoulli,8.0000,0.001000
sift1m,50000,128,33,10,1.000000,adaptive,32,32,10,0.800000,1.335,0.105,1.124,0.040,0.004,32,1072,1072,bernoulli,8.0000,0.001000
sift1m,50000,128,33,10,1.000000,adaptive,64,64,10,0.900000,2.816,0.093,2.527,0.076,0.006,64,2097,2097,bernoulli,8.0000,0.001000
sift1m,50000,128,34,10,0.001000,adaptive,8,64,0,0.000000,2.539,0.238,2.224,0.014,0.001,64,2145,0,bernoulli,8.0000,0.001000
sift1m,50000,128,34,10,0.001000,adaptive,16,128,2,0.200000,4.958,0.147,4.653,0.029,0.005,128,4276,2,bernoulli,8.0000,0.001000
sift1m,50000,128,34,10,0.001000,adaptive,32,256,4,0.400000,9.927,0.416,9.166,0.091,0.006,256,8308,5,bernoulli,8.0000,0.001000
sift1m,50000,128,34,10,0.001000,adaptive,64,512,7,0.600000,19.587,0.705,18.232,0.150,0.010,512,16858,10,bernoulli,8.0000,0.001000
sift1m,50000,128,34,10,0.010000,adaptive,8,64,10,0.300000,2.976,0.300,2.583,0.022,0.005,64,2145,21,bernoulli,8.0000,0.001000
sift1m,50000,128,34,10,0.010000,adaptive,16,128,10,0.800000,4.775,0.260,4.350,0.039,0.006,128,4276,41,bernoulli,8.0000,0.001000
sift1m,50000,128,34,10,0.010000,adaptive,32,256,10,1.000000,9.996,0.269,9.347,0.109,0.016,256,8308,94,bernoulli,8.0000,0.001000
sift1m,50000,128,34,10,0.010000,adaptive,64,512,10,1.000000,19.698,0.611,18.334,0.203,0.023,512,16858,185,bernoulli,8.0000,0.001000
sift1m,50000,128,34,10,0.050000,adaptive,8,64,10,0.900000,2.602,0.233,2.255,0.029,0.007,64,2145,104,bernoulli,8.0000,0.001000
sift1m,50000,128,34,10,0.050000,adaptive,16,128,10,1.000000,5.039,0.162,4.641,0.060,0.013,128,4276,211,bernoulli,8.0000,0.001000
sift1m,50000,128,34,10,0.050000,adaptive,32,256,10,1.000000,9.583,0.275,8.844,0.119,0.025,256,8308,406,bernoulli,8.0000,0.001000
sift1m,50000,128,34,10,0.050000,adaptive,64,512,10,1.000000,19.803,0.607,18.287,0.234,0.037,512,16858,824,bernoulli,8.0000,0.001000
sift1m,50000,128,34,10,0.100000,adaptive,8,64,10,0.800000,2.643,0.240,2.291,0.017,0.008,64,2145,205,bernoulli,8.0000,0.001000
sift1m,50000,128,34,10,0.100000,adaptive,16,128,10,1.000000,4.804,0.161,4.427,0.031,0.014,128,4276,427,bernoulli,8.0000,0.001000
sift1m,50000,128,34,10,0.100000,adaptive,32,256,10,1.000000,9.132,0.291,8.425,0.063,0.024,256,8308,836,bernoulli,8.0000,0.001000
sift1m,50000,128,34,10,0.100000,adaptive,64,512,10,1.000000,19.671,0.538,18.247,0.131,0.052,512,16858,1690,bernoulli,8.0000,0.001000
sift1m,50000,128,34,10,0.500000,adaptive,8,16,10,1.000000,0.973,0.206,0.719,0.016,0.003,16,557,290,bernoulli,8.0000,0.001000
sift1m,50000,128,34,10,0.500000,adaptive,16,32,10,1.000000,1.396,0.109,1.196,0.030,0.005,32,1067,571,bernoulli,8.0000,0.001000
sift1m,50000,128,34,10,0.500000,adaptive,32,64,10,1.000000,2.708,0.130,2.386,0.058,0.008,64,2145,1110,bernoulli,8.0000,0.001000
sift1m,50000,128,34,10,0.500000,adaptive,64,128,10,1.000000,5.212,0.217,4.622,0.130,0.014,128,4276,2187,bernoulli,8.0000,0.001000
sift1m,50000,128,34,10,1.000000,adaptive,8,8,10,0.700000,0.573,0.193,0.354,0.010,0.002,8,286,286,bernoulli,8.0000,0.001000
sift1m,50000,128,34,10,1.000000,adaptive,16,16,10,0.800000,0.730,0.085,0.601,0.019,0.003,16,557,557,bernoulli,8.0000,0.001000
sift1m,50000,128,34,10,1.000000,adaptive,32,32,10,0.900000,1.442,0.091,1.248,0.040,0.006,32,1067,1067,bernoulli,8.0000,0.001000
sift1m,50000,128,34,10,1.000000,adaptive,64,64,10,0.900000,2.526,0.156,2.196,0.078,0.006,64,2145,2145,bernoulli,8.0000,0.001000
sift1m,50000,128,35,10,0.001000,adaptive,8,64,2,0.200000,2.733,0.238,2.382,0.014,0.003,64,2087,2,bernoulli,8.0000,0.001000
sift1m,50000,128,35,10,0.001000,adaptive,16,128,2,0.200000,4.919,0.225,4.461,0.027,0.003,128,4280,3,bernoulli,8.0000,0.001000
sift1m,50000,128,35,10,0.001000,adaptive,32,256,6,0.600000,9.467,0.256,8.795,0.055,0.007,256,8377,9,bernoulli,8.0000,0.001000
sift1m,50000,128,35,10,0.001000,adaptive,64,512,9,0.800000,18.887,0.557,17.468,0.113,0.014,512,16837,21,bernoulli,8.0000,0.001000
sift1m,50000,128,35,10,0.010000,adaptive,8,64,10,0.200000,2.545,0.228,2.234,0.018,0.004,64,2087,20,bernoulli,8.0000,0.001000
sift1m,50000,128,35,10,0.010000,adaptive,16,128,10,0.400000,4.688,0.157,4.365,0.036,0.006,128,4280,45,bernoulli,8.0000,0.001000
sift1m,50000,128,35,10,0.010000,adaptive,32,256,10,0.900000,9.316,0.226,8.749,0.076,0.011,256,8377,91,bernoulli,8.0000,0.001000
sift1m,50000,128,35,10,0.010000,adaptive,64,512,10,1.000000,18.477,0.482,17.282,0.151,0.021,512,16837,186,bernoulli,8.0000,0.001000
sift1m,50000,128,35,10,0.050000,adaptive,8,64,10,0.900000,2.415,0.180,2.124,0.028,0.007,64,2087,102,bernoulli,8.0000,0.001000
sift1m,50000,128,35,10,0.050000,adaptive,16,128,10,1.000000,5.031,0.132,4.656,0.058,0.012,128,4280,206,bernoulli,8.0000,0.001000
sift1m,50000,128,35,10,0.050000,adaptive,32,256,10,1.000000,9.409,0.230,8.689,0.155,0.023,256,8377,389,bernoulli,8.0000,0.001000
sift1m,50000,128,35,10,0.050000,adaptive,64,512,10,1.000000,19.250,0.587,17.762,0.230,0.044,512,16837,810,bernoulli,8.0000,0.001000
sift1m,50000,128,35,10,0.100000,adaptive,8,64,10,0.900000,2.708,0.234,2.356,0.018,0.009,64,2087,224,bernoulli,8.0000,0.001000
sift1m,50000,128,35,10,0.100000,adaptive,16,128,10,1.000000,4.909,0.167,4.498,0.045,0.017,128,4280,443,bernoulli,8.0000,0.001000
sift1m,50000,128,35,10,0.100000,adaptive,32,256,10,1.000000,9.277,0.349,8.501,0.064,0.033,256,8377,869,bernoulli,8.0000,0.001000
sift1m,50000,128,35,10,0.100000,adaptive,64,512,10,1.000000,20.274,0.647,18.727,0.134,0.045,512,16837,1754,bernoulli,8.0000,0.001000
sift1m,50000,128,35,10,0.500000,adaptive,8,16,10,1.000000,1.021,0.239,0.732,0.015,0.004,16,548,285,bernoulli,8.0000,0.001000
sift1m,50000,128,35,10,0.500000,adaptive,16,32,10,1.000000,1.358,0.116,1.157,0.027,0.004,32,1044,518,bernoulli,8.0000,0.001000
sift1m,50000,128,35,10,0.500000,adaptive,32,64,10,1.000000,2.403,0.123,2.116,0.052,0.006,64,2087,1056,bernoulli,8.0000,0.001000
sift1m,50000,128,35,10,0.500000,adaptive,64,128,10,1.000000,5.544,0.137,5.014,0.119,0.018,128,4280,2153,bernoulli,8.0000,0.001000
sift1m,50000,128,35,10,1.000000,adaptive,8,8,10,1.000000,0.552,0.180,0.345,0.011,0.002,8,272,272,bernoulli,8.0000,0.001000
sift1m,50000,128,35,10,1.000000,adaptive,16,16,10,1.000000,0.727,0.074,0.609,0.019,0.002,16,548,548,bernoulli,8.0000,0.001000
sift1m,50000,128,35,10,1.000000,adaptive,32,32,10,1.000000,1.229,0.074,1.074,0.037,0.004,32,1044,1044,bernoulli,8.0000,0.001000
sift1m,50000,128,35,10,1.000000,adaptive,64,64,10,1.000000,2.671,0.085,2.399,0.080,0.008,64,2087,2087,bernoulli,8.0000,0.001000
sift1m,50000,128,36,10,0.001000,adaptive,8,64,1,0.100000,2.750,0.212,2.458,0.014,0.002,64,2361,1,bernoulli,8.0000,0.001000
sift1m,50000,128,36,10,0.001000,adaptive,16,128,3,0.300000,5.215,0.156,4.895,0.031,0.004,128,4388,3,bernoulli,8.0000,0.001000
sift1m,50000,128,36,10,0.001000,adaptive,32,256,3,0.300000,9.707,0.308,9.099,0.056,0.007,256,8779,3,bernoulli,8.0000,0.001000
sift1m,50000,128,36,10,0.001000,adaptive,64,512,9,0.800000,19.323,0.590,18.137,0.113,0.012,512,17188,15,bernoulli,8.0000,0.001000
sift1m,50000,128,36,10,0.010000,adaptive,8,64,10,0.500000,3.148,0.260,2.780,0.028,0.008,64,2361,25,bernoulli,8.0000,0.001000
sift1m,50000,128,36,10,0.010000,adaptive,16,128,10,0.800000,4.954,0.234,4.543,0.041,0.007,128,4388,50,bernoulli,8.0000,0.001000
sift1m,50000,128,36,10,0.010000,adaptive,32,256,10,0.900000,9.865,0.262,9.229,0.098,0.013,256,8779,89,bernoulli,8.0000,0.001000
sift1m,50000,128,36,10,0.010000,adaptive,64,512,10,1.000000,19.627,0.465,18.446,0.167,0.021,512,17188,164,bernoulli,8.0000,0.001000
sift1m,50000,128,36,10,0.050000,adaptive,8,64,10,0.800000,3.185,0.217,2.821,0.040,0.012,64,2361,129,bernoulli,8.0000,0.001000
sift1m,50000,128,36,10,0.050000,adaptive,16,128,10,1.000000,5.361,0.233,4.884,0.063,0.011,128,4388,224,bernoulli,8.0000,0.001000
sift1m,50000,128,36,10,0.050000,adaptive,32,256,10,1.000000,10.253,0.311,9.438,0.143,0.019,256,8779,430,bernoulli,8.0000,0.001000
sift1m,50000,128,36,10,0.050000,adaptive,64,512,10,1.000000,20.501,0.477,19.073,0.239,0.035,512,17188,862,bernoulli,8.0000,0.001000
sift1m,50000,128,36,10,0.100000,adaptive,8,64,10,1.000000,3.326,0.258,2.938,0.020,0.009,64,2361,248,bernoulli,8.0000,0.001000
sift1m,50000,128,36,10,0.100000,adaptive,16,128,10,1.000000,5.061,0.218,4.622,0.033,0.014,128,4388,459,bernoulli,8.0000,0.001000
sift1m,50000,128,36,10,0.100000,adaptive,32,256,10,1.000000,10.546,0.296,9.794,0.067,0.027,256,8779,895,bernoulli,8.0000,0.001000
sift1m,50000,128,36,10,0.100000,adaptive,64,512,10,1.000000,19.428,0.591,17.980,0.133,0.041,512,17188,1778,bernoulli,8.0000,0.001000
sift1m,50000,128,36,10,0.500000,adaptive,8,16,10,1.000000,1.111,0.235,0.815,0.016,0.004,16,574,285,bernoulli,8.0000,0.001000
sift1m,50000,128,36,10,0.500000,adaptive,16,32,10,1.000000,1.742,0.145,1.492,0.033,0.005,32,1196,613,bernoulli,8.0000,0.001000
sift1m,50000,128,36,10,0.500000,adaptive,32,64,10,1.000000,2.887,0.167,2.530,0.061,0.006,64,2361,1194,bernoulli,8.0000,0.001000
sift1m,50000,128,36,10,0.500000,adaptive,64,128,10,1.000000,5.727,0.171,5.156,0.121,0.019,128,4388,2226,bernoulli,8.0000,0.001000
sift1m,50000,128,36,10,1.000000,adaptive,8,8,10,1.000000,0.722,0.183,0.502,0.012,0.003,8,334,334,bernoulli,8.0000,0.001000
sift1m,50000,128,36,10,1.000000,adaptive,16,16,10,1.000000,0.865,0.102,0.710,0.021,0.003,16,574,574,bernoulli,8.0000,0.001000
sift1m,50000,128,36,10,1.000000,adaptive,32,32,10,1.000000,1.626,0.108,1.406,0.042,0.005,32,1196,1196,bernoulli,8.0000,0.001000
sift1m,50000,128,36,10,1.000000,adaptive,64,64,10,1.000000,2.711,0.116,2.409,0.082,0.006,64,2361,2361,bernoulli,8.0000,0.001000
sift1m,50000,128,37,10,0.001000,adaptive,8,64,2,0.200000,2.653,0.155,2.394,0.014,0.002,64,2278,2,bernoulli,8.0000,0.001000
sift1m,50000,128,37,10,0.001000,adaptive,16,128,5,0.400000,5.329,0.132,4.958,0.035,0.006,128,4444,7,bernoulli,8.0000,0.001000
sift1m,50000,128,37,10,0.001000,adaptive,32,256,8,0.700000,9.995,0.246,9.329,0.065,0.011,256,8756,19,bernoulli,8.0000,0.001000
sift1m,50000,128,37,10,0.001000,adaptive,64,512,10,0.900000,20.364,0.615,18.945,0.120,0.013,512,17246,32,bernoulli,8.0000,0.001000
sift1m,50000,128,37,10,0.010000,adaptive,8,64,9,0.500000,2.585,0.165,2.334,0.019,0.004,64,2278,17,bernoulli,8.0000,0.001000
sift1m,50000,128,37,10,0.010000,adaptive,16,128,10,0.800000,4.825,0.135,4.524,0.037,0.006,128,4444,39,bernoulli,8.0000,0.001000
sift1m,50000,128,37,10,0.010000,adaptive,32,256,10,1.000000,10.210,0.216,9.655,0.075,0.012,256,8756,77,bernoulli,8.0000,0.001000
sift1m,50000,128,37,10,0.010000,adaptive,64,512,10,1.000000,19.931,0.567,18.572,0.257,0.023,512,17246,162,bernoulli,8.0000,0.001000
sift1m,50000,128,37,10,0.050000,adaptive,8,64,10,1.000000,3.169,0.277,2.761,0.031,0.010,64,2278,98,bernoulli,8.0000,0.001000
sift1m,50000,128,37,10,0.050000,adaptive,16,128,10,1.000000,5.260,0.284,4.741,0.059,0.012,128,4444,204,bernoulli,8.0000,0.001000
sift1m,50000,128,37,10,0.050000,adaptive,32,256,10,1.000000,10.673,0.280,9.840,0.169,0.034,256,8756,418,bernoulli,8.0000,0.001000
sift1m,50000,128,37,10,0.050000,adaptive,64,512,10,1.000000,20.672,0.653,19.050,0.235,0.056,512,17246,843,bernoulli,8.0000,0.001000
sift1m,50000,128,37,10,0.100000,adaptive,8,64,10,1.000000,3.172,0.235,2.802,0.018,0.014,64,2278,226,bernoulli,8.0000,0.001000
sift1m,50000,128,37,10,0.100000,adaptive,16,128,10,1.000000,5.537,0.196,5.075,0.033,0.040,128,4444,409,bernoulli,8.0000,0.001000
sift1m,50000,128,37,10,0.100000,adaptive,32,256,10,1.000000,9.749,0.320,8.997,0.064,0.024,256,8756,834,bernoulli,8.0000,0.001000
sift1m,50000,128,37,10,0.100000,adaptive,64,512,10,1.000000,20.492,0.468,19.033,0.155,0.072,512,17246,1687,bernoulli,8.0000,0.001000
sift1m,50000,128,37,10,0.500000,adaptive,8,16,10,1.000000,1.011,0.184,0.772,0.017,0.003,16,626,309,bernoulli,8.0000,0.001000
sift1m,50000,128,37,10,0.500000,adaptive,16,32,10,1.000000,1.420,0.083,1.228,0.047,0.004,32,1151,600,bernoulli,8.0000,0.001000
sift1m,50000,128,37,10,0.500000,adaptive,32,64,10,1.000000,2.709,0.090,2.435,0.060,0.007,64,2278,1152,bernoulli,8.0000,0.001000
sift1m,50000,128,37,10,0.500000,adaptive,64,128,10,1.000000,5.705,0.138,5.172,0.119,0.018,128,4444,2267,bernoulli,8.0000,0.001000
sift1m,50000,128,37,10,1.000000,adaptive,8,8,10,1.000000,0.535,0.088,0.417,0.013,0.003,8,348,348,bernoulli,8.0000,0.001000
sift1m,50000,128,37,10,1.000000,adaptive,16,16,10,1.000000,0.995,0.057,0.828,0.064,0.008,16,626,626,bernoulli,8.0000,0.001000
sift1m,50000,128,37,10,1.000000,adaptive,32,32,10,1.000000,1.760,0.156,1.466,0.042,0.005,32,1151,1151,bernoulli,8.0000,0.001000
sift1m,50000,128,37,10,1.000000,adaptive,64,64,10,1.000000,3.114,0.147,2.721,0.082,0.008,64,2278,2278,bernoulli,8.0000,0.001000
sift1m,50000,128,38,10,0.001000,adaptive,8,64,2,0.200000,2.288,0.227,1.989,0.013,0.002,64,2016,3,bernoulli,8.0000,0.001000
sift1m,50000,128,38,10,0.001000,adaptive,16,128,2,0.200000,4.372,0.149,4.081,0.026,0.003,128,4000,5,bernoulli,8.0000,0.001000
sift1m,50000,128,38,10,0.001000,adaptive,32,256,4,0.400000,8.932,0.261,8.383,0.054,0.006,256,8036,9,bernoulli,8.0000,0.001000
sift1m,50000,128,38,10,0.001000,adaptive,64,512,6,0.600000,17.330,0.472,16.287,0.108,0.010,512,16322,17,bernoulli,8.0000,0.001000
sift1m,50000,128,38,10,0.010000,adaptive,8,64,10,0.300000,2.736,0.218,2.423,0.022,0.007,64,2016,21,bernoulli,8.0000,0.001000
sift1m,50000,128,38,10,0.010000,adaptive,16,128,10,0.600000,4.685,0.171,4.344,0.035,0.010,128,4000,35,bernoulli,8.0000,0.001000
sift1m,50000,128,38,10,0.010000,adaptive,32,256,10,0.900000,9.329,0.282,8.696,0.093,0.016,256,8036,75,bernoulli,8.0000,0.001000
sift1m,50000,128,38,10,0.010000,adaptive,64,512,10,0.900000,18.714,0.603,17.413,0.190,0.021,512,16322,154,bernoulli,8.0000,0.001000
sift1m,50000,128,38,10,0.050000,adaptive,8,64,10,1.000000,2.409,0.267,2.035,0.027,0.006,64,2016,95,bernoulli,8.0000,0.001000
sift1m,50000,128,38,10,0.050000,adaptive,16,128,10,1.000000,4.486,0.262,4.010,0.054,0.012,128,4000,175,bernoulli,8.0000,0.001000
sift1m,50000,128,38,10,0.050000,adaptive,32,256,10,1.000000,9.032,0.281,8.302,0.108,0.028,256,8036,369,bernoulli,8.0000,0.001000
sift1m,50000,128,38,10,0.050000,adaptive,64,512,10,1.000000,19.219,0.609,17.719,0.225,0.041,512,16322,786,bernoulli,8.0000,0.001000
sift1m,50000,128,38,10,0.100000,adaptive,8,64,10,1.000000,2.603,0.246,2.246,0.021,0.009,64,2016,214,bernoulli,8.0000,0.001000
sift1m,50000,128,38,10,0.100000,adaptive,16,128,10,1.000000,4.416,0.149,4.065,0.033,0.012,128,4000,422,bernoulli,8.0000,0.001000
sift1m,50000,128,38,10,0.100000,adaptive,32,256,10,1.000000,9.896,0.269,9.173,0.066,0.032,256,8036,843,bernoulli,8.0000,0.001000
sift1m,50000,128,38,10,0.100000,adaptive,64,512,10,1.000000,18.634,0.579,17.201,0.127,0.043,512,16322,1656,bernoulli,8.0000,0.001000
sift1m,50000,128,38,10,0.500000,adaptive,8,16,10,0.900000,1.056,0.233,0.767,0.016,0.004,16,547,290,bernoulli,8.0000,0.001000
sift1m,50000,128,38,10,0.500000,adaptive,16,32,10,1.000000,1.389,0.116,1.172,0.028,0.005,32,1026,521,bernoulli,8.0000,0.001000
sift1m,50000,128,38,10,0.500000,adaptive,32,64,10,1.000000,2.324,0.150,1.999,0.052,0.009,64,2016,1008,bernoulli,8.0000,0.001000
sift1m,50000,128,38,10,0.500000,adaptive,64,128,10,1.000000,4.405,0.150,3.937,0.103,0.010,128,4000,2040,bernoulli,8.0000,0.001000
sift1m,50000,128,38,10,1.000000,adaptive,8,8,10,1.000000,0.660,0.233,0.369,0.010,0.003,8,247,247,bernoulli,8.0000,0.001000
sift1m,50000,128,38,10,1.000000,adaptive,16,16,10,1.000000,0.769,0.098,0.605,0.020,0.004,16,547,547,bernoulli,8.0000,0.001000
sift1m,50000,128,38,10,1.000000,adaptive,32,32,10,1.000000,1.646,0.162,1.375,0.040,0.006,32,1026,1026,bernoulli,8.0000,0.001000
sift1m,50000,128,38,10,1.000000,adaptive,64,64,10,1.000000,2.408,0.229,2.005,0.073,0.007,64,2016,2016,bernoulli,8.0000,0.001000
sift1m,50000,128,39,10,0.001000,adaptive,8,64,3,0.300000,2.422,0.148,2.192,0.022,0.002,64,2131,3,bernoulli,8.0000,0.001000
sift1m,50000,128,39,10,0.001000,adaptive,16,128,5,0.500000,5.216,0.115,4.939,0.036,0.005,128,4253,9,bernoulli,8.0000,0.001000
sift1m,50000,128,39,10,0.001000,adaptive,32,256,8,0.700000,9.423,0.216,8.867,0.102,0.013,256,8392,16,bernoulli,8.0000,0.001000
sift1m,50000,128,39,10,0.001000,adaptive,64,512,10,1.000000,19.764,0.557,18.592,0.125,0.018,512,17068,33,bernoulli,8.0000,0.001000
sift1m,50000,128,39,10,0.010000,adaptive,8,64,10,0.800000,2.601,0.181,2.325,0.020,0.004,64,2131,22,bernoulli,8.0000,0.001000
sift1m,50000,128,39,10,0.010000,adaptive,16,128,10,1.000000,4.827,0.142,4.499,0.040,0.012,128,4253,37,bernoulli,8.0000,0.001000
sift1m,50000,128,39,10,0.010000,adaptive,32,256,10,1.000000,9.803,0.233,9.204,0.080,0.018,256,8392,88,bernoulli,8.0000,0.001000
sift1m,50000,128,39,10,0.010000,adaptive,64,512,10,1.000000,19.024,0.574,17.741,0.161,0.026,512,17068,185,bernoulli,8.0000,0.001000
sift1m,50000,128,39,10,0.050000,adaptive,8,64,10,1.000000,2.692,0.191,2.388,0.029,0.008,64,2131,105,bernoulli,8.0000,0.001000
sift1m,50000,128,39,10,0.050000,adaptive,16,128,10,1.000000,4.998,0.120,4.634,0.059,0.014,128,4253,221,bernoulli,8.0000,0.001000
sift1m,50000,128,39,10,0.050000,adaptive,32,256,10,1.000000,9.717,0.245,8.985,0.120,0.020,256,8392,402,bernoulli,8.0000,0.001000
sift1m,50000,128,39,10,0.050000,adaptive,64,512,10,1.000000,20.504,0.444,19.144,0.238,0.035,512,17068,783,bernoulli,8.0000,0.001000
sift1m,50000,128,39,10,0.100000,adaptive,8,64,10,1.000000,2.974,0.199,2.643,0.019,0.015,64,2131,257,bernoulli,8.0000,0.001000
sift1m,50000,128,39,10,0.100000,adaptive,16,128,10,1.000000,5.153,0.206,4.694,0.037,0.016,128,4253,488,bernoulli,8.0000,0.001000
sift1m,50000,128,39,10,0.100000,adaptive,32,256,10,1.000000,10.299,0.284,9.508,0.076,0.028,256,8392,951,bernoulli,8.0000,0.001000
sift1m,50000,128,39,10,0.100000,adaptive,64,512,10,1.000000,20.012,0.538,18.549,0.145,0.066,512,17068,1814,bernoulli,8.0000,0.001000
sift1m,50000,128,39,10,0.500000,adaptive,8,16,10,0.900000,1.032,0.177,0.794,0.016,0.004,16,556,288,bernoulli,8.0000,0.001000
sift1m,50000,128,39,10,0.500000,adaptive,16,32,10,1.000000,1.372,0.110,1.166,0.027,0.007,32,1045,530,bernoulli,8.0000,0.001000
sift1m,50000,128,39,10,0.500000,adaptive,32,64,10,1.000000,2.622,0.104,2.335,0.055,0.008,64,2131,1075,bernoulli,8.0000,0.001000
sift1m,50000,128,39,10,0.500000,adaptive,64,128,10,1.000000,5.292,0.139,4.703,0.111,0.019,128,4253,2128,bernoulli,8.0000,0.001000
sift1m,50000,128,39,10,1.000000,adaptive,8,8,10,0.900000,0.618,0.155,0.436,0.011,0.003,8,290,290,bernoulli,8.0000,0.001000
sift1m,50000,128,39,10,1.000000,adaptive,16,16,10,0.900000,0.697,0.062,0.590,0.020,0.003,16,556,556,bernoulli,8.0000,0.001000
sift1m,50000,128,39,10,1.000000,adaptive,32,32,10,1.000000,1.259,0.069,1.109,0.037,0.005,32,1045,1045,bernoulli,8.0000,0.001000
sift1m,50000,128,39,10,1.000000,adaptive,64,64,10,1.000000,2.769,0.078,2.440,0.079,0.009,64,2131,2131,bernoulli,8.0000,0.001000
sift1m,50000,128,40,10,0.001000,adaptive,8,64,1,0.100000,3.004,0.258,2.639,0.014,0.003,64,2128,1,bernoulli,8.0000,0.001000
sift1m,50000,128,40,10,0.001000,adaptive,16,128,3,0.300000,5.250,0.273,4.794,0.042,0.008,128,4370,3,bernoulli,8.0000,0.001000
sift1m,50000,128,40,10,0.001000,adaptive,32,256,4,0.400000,10.255,0.378,9.539,0.056,0.006,256,8578,5,bernoulli,8.0000,0.001000
sift1m,50000,128,40,10,0.001000,adaptive,64,512,7,0.500000,18.648,0.629,17.390,0.109,0.012,512,16884,11,bernoulli,8.0000,0.001000
sift1m,50000,128,40,10,0.010000,adaptive,8,64,10,0.600000,2.881,0.240,2.534,0.019,0.006,64,2128,23,bernoulli,8.0000,0.001000
sift1m,50000,128,40,10,0.010000,adaptive,16,128,10,0.600000,4.766,0.176,4.415,0.040,0.007,128,4370,31,bernoulli,8.0000,0.001000
sift1m,50000,128,40,10,0.010000,adaptive,32,256,10,0.800000,10.408,0.290,9.752,0.077,0.013,256,8578,64,bernoulli,8.0000,0.001000
sift1m,50000,128,40,10,0.010000,adaptive,64,512,10,1.000000,19.421,0.666,18.037,0.191,0.025,512,16884,122,bernoulli,8.0000,0.001000
sift1m,50000,128,40,10,0.050000,adaptive,8,64,10,0.900000,2.826,0.316,2.389,0.029,0.009,64,2128,76,bernoulli,8.0000,0.001000
sift1m,50000,128,40,10,0.050000,adaptive,16,128,10,1.000000,4.810,0.228,4.351,0.056,0.010,128,4370,182,bernoulli,8.0000,0.001000
sift1m,50000,128,40,10,0.050000,adaptive,32,256,10,1.000000,10.225,0.253,9.473,0.116,0.028,256,8578,407,bernoulli,8.0000,0.001000
sift1m,50000,128,40,10,0.050000,adaptive,64,512,10,1.000000,19.576,0.657,17.999,0.255,0.052,512,16884,806,bernoulli,8.0000,0.001000
sift1m,50000,128,40,10,0.100000,adaptive,8,64,10,0.900000,2.840,0.252,2.470,0.017,0.008,64,2128,205,bernoulli,8.0000,0.001000
sift1m,50000,128,40,10,0.100000,adaptive,16,128,10,1.000000,4.977,0.224,4.523,0.043,0.017,128,4370,434,bernoulli,8.0000,0.001000
sift1m,50000,128,40,10,0.100000,adaptive,32,256,10,1.000000,10.112,0.290,9.380,0.063,0.025,256,8578,815,bernoulli,8.0000,0.001000
sift1m,50000,128,40,10,0.100000,adaptive,64,512,10,1.000000,19.702,0.608,18.191,0.127,0.054,512,16884,1613,bernoulli,8.0000,0.001000
sift1m,50000,128,40,10,0.500000,adaptive,8,16,10,1.000000,1.077,0.222,0.801,0.017,0.004,16,591,306,bernoulli,8.0000,0.001000
sift1m,50000,128,40,10,0.500000,adaptive,16,32,10,1.000000,1.297,0.108,1.104,0.026,0.005,32,1050,533,bernoulli,8.0000,0.001000
sift1m,50000,128,40,10,0.500000,adaptive,32,64,10,1.000000,2.482,0.106,2.205,0.054,0.007,64,2128,1064,bernoulli,8.0000,0.001000
sift1m,50000,128,40,10,0.500000,adaptive,64,128,10,1.000000,5.005,0.139,4.500,0.120,0.012,128,4370,2192,bernoulli,8.0000,0.001000
sift1m,50000,128,40,10,1.000000,adaptive,8,8,10,1.000000,0.629,0.191,0.410,0.011,0.003,8,304,304,bernoulli,8.0000,0.001000
sift1m,50000,128,40,10,1.000000,adaptive,16,16,10,1.000000,0.791,0.083,0.661,0.021,0.003,16,591,591,bernoulli,8.0000,0.001000
sift1m,50000,128,40,10,1.000000,adaptive,32,32,10,1.000000,1.276,0.087,1.106,0.037,0.004,32,1050,1050,bernoulli,8.0000,0.001000
sift1m,50000,128,40,10,1.000000,adaptive,64,64,10,1.000000,2.455,0.105,2.187,0.074,0.006,64,2128,2128,bernoulli,8.0000,0.001000
sift1m,50000,128,41,10,0.001000,adaptive,8,64,2,0.200000,2.985,0.201,2.666,0.048,0.003,64,2227,2,bernoulli,8.0000,0.001000
sift1m,50000,128,41,10,0.001000,adaptive,16,128,5,0.500000,5.431,0.165,5.075,0.065,0.004,128,4483,5,bernoulli,8.0000,0.001000
sift1m,50000,128,41,10,0.001000,adaptive,32,256,5,0.500000,10.624,0.281,9.947,0.150,0.009,256,8931,7,bernoulli,8.0000,0.001000
sift1m,50000,128,41,10,0.001000,adaptive,64,512,10,0.900000,19.302,0.587,18.137,0.115,0.012,512,17042,16,bernoulli,8.0000,0.001000
sift1m,50000,128,41,10,0.010000,adaptive,8,64,10,0.600000,2.754,0.228,2.436,0.020,0.005,64,2227,18,bernoulli,8.0000,0.001000
sift1m,50000,128,41,10,0.010000,adaptive,16,128,10,0.900000,5.391,0.143,5.057,0.044,0.013,128,4483,35,bernoulli,8.0000,0.001000
sift1m,50000,128,41,10,0.010000,adaptive,32,256,10,1.000000,10.685,0.407,9.921,0.077,0.015,256,8931,81,bernoulli,8.0000,0.001000
sift1m,50000,128,41,10,0.010000,adaptive,64,512,10,1.000000,19.003,0.545,17.787,0.148,0.031,512,17042,154,bernoulli,8.0000,0.001000
sift1m,50000,128,41,10,0.050000,adaptive,8,64,10,1.000000,2.823,0.214,2.480,0.032,0.012,64,2227,111,bernoulli,8.0000,0.001000
sift1m,50000,128,41,10,0.050000,adaptive,16,128,10,1.000000,5.405,0.142,5.009,0.072,0.016,128,4483,220,bernoulli,8.0000,0.001000
sift1m,50000,128,41,10,0.050000,adaptive,32,256,10,1.000000,10.104,0.306,9.336,0.118,0.019,256,8931,410,bernoulli,8.0000,0.001000
sift1m,50000,128,41,10,0.050000,adaptive,64,512,10,1.000000,20.816,0.478,19.382,0.241,0.036,512,17042,785,bernoulli,8.0000,0.001000
sift1m,50000,128,41,10,0.100000,adaptive,8,64,10,1.000000,2.968,0.198,2.649,0.017,0.010,64,2227,200,bernoulli,8.0000,0.001000
sift1m,50000,128,41,10,0.100000,adaptive,16,128,10,1.000000,5.057,0.150,4.692,0.033,0.013,128,4483,427,bernoulli,8.0000,0.001000
sift1m,50000,128,41,10,0.100000,adaptive,32,256,10,1.000000,10.638,0.228,9.964,0.067,0.022,256,8931,864,bernoulli,8.0000,0.001000
sift1m,50000,128,41,10,0.100000,adaptive,64,512,10,1.000000,19.349,0.459,18.029,0.137,0.051,512,17042,1639,bernoulli,8.0000,0.001000
sift1m,50000,128,41,10,0.500000,adaptive,8,16,10,0.900000,0.801,0.141,0.614,0.013,0.004,16,509,226,bernoulli,8.0000,0.001000
sift1m,50000,128,41,10,0.500000,adaptive,16,32,10,1.000000,1.380,0.081,1.203,0.034,0.005,32,1119,525,bernoulli,8.0000,0.001000
sift1m,50000,128,41,10,0.500000,adaptive,32,64,10,1.000000,2.936,0.106,2.625,0.059,0.008,64,2227,1070,bernoulli,8.0000,0.001000
sift1m,50000,128,41,10,0.500000,adaptive,64,128,10,1.000000,5.233,0.177,4.699,0.114,0.011,128,4483,2205,bernoulli,8.0000,0.001000
sift1m,50000,128,41,10,1.000000,adaptive,8,8,10,0.700000,0.529,0.173,0.328,0.010,0.005,8,241,241,bernoulli,8.0000,0.001000
sift1m,50000,128,41,10,1.000000,adaptive,16,16,10,0.800000,0.640,0.068,0.532,0.019,0.003,16,509,509,bernoulli,8.0000,0.001000
sift1m,50000,128,41,10,1.000000,adaptive,32,32,10,1.000000,1.599,0.065,1.419,0.042,0.017,32,1119,1119,bernoulli,8.0000,0.001000
sift1m,50000,128,41,10,1.000000,adaptive,64,64,10,1.000000,2.758,0.153,2.426,0.079,0.007,64,2227,2227,bernoulli,8.0000,0.001000
sift1m,50000,128,42,10,0.001000,adaptive,8,64,0,0.000000,2.946,0.220,2.643,0.019,0.003,64,2215,0,bernoulli,8.0000,0.001000
sift1m,50000,128,42,10,0.001000,adaptive,16,128,3,0.300000,5.275,0.235,4.867,0.050,0.008,128,4329,5,bernoulli,8.0000,0.001000
sift1m,50000,128,42,10,0.001000,adaptive,32,256,7,0.700000,9.851,0.295,9.225,0.085,0.009,256,8546,11,bernoulli,8.0000,0.001000
sift1m,50000,128,42,10,0.001000,adaptive,64,512,10,0.900000,19.687,0.658,18.417,0.124,0.013,512,16673,26,bernoulli,8.0000,0.001000
sift1m,50000,128,42,10,0.010000,adaptive,8,64,10,0.700000,2.634,0.214,2.335,0.019,0.004,64,2215,21,bernoulli,8.0000,0.001000
sift1m,50000,128,42,10,0.010000,adaptive,16,128,10,0.900000,5.570,0.158,5.204,0.046,0.010,128,4329,46,bernoulli,8.0000,0.001000
sift1m,50000,128,42,10,0.010000,adaptive,32,256,10,0.900000,10.178,0.410,9.411,0.076,0.015,256,8546,87,bernoulli,8.0000,0.001000
sift1m,50000,128,42,10,0.010000,adaptive,64,512,10,1.000000,19.249,0.685,17.895,0.151,0.024,512,16673,175,bernoulli,8.0000,0.001000
sift1m,50000,128,42,10,0.050000,adaptive,8,64,10,0.900000,2.873,0.248,2.502,0.031,0.008,64,2215,119,bernoulli,8.0000,0.001000
sift1m,50000,128,42,10,0.050000,adaptive,16,128,10,1.000000,5.378,0.161,4.963,0.062,0.013,128,4329,235,bernoulli,8.0000,0.001000
sift1m,50000,128,42,10,0.050000,adaptive,32,256,10,1.000000,10.171,0.251,9.425,0.122,0.023,256,8546,463,bernoulli,8.0000,0.001000
sift1m,50000,128,42,10,0.050000,adaptive,64,512,10,1.000000,19.201,0.481,17.789,0.236,0.035,512,16673,906,bernoulli,8.0000,0.001000
sift1m,50000,128,42,10,0.100000,adaptive,8,64,10,0.700000,2.730,0.205,2.413,0.017,0.008,64,2215,201,bernoulli,8.0000,0.001000
sift1m,50000,128,42,10,0.100000,adaptive,16,128,10,1.000000,5.303,0.153,4.923,0.033,0.014,128,4329,436,bernoulli,8.0000,0.001000
sift1m,50000,128,42,10,0.100000,adaptive,32,256,10,1.000000,9.799,0.246,9.104,0.066,0.037,256,8546,866,bernoulli,8.0000,0.001000
sift1m,50000,128,42,10,0.100000,adaptive,64,512,10,1.000000,19.983,0.631,18.454,0.131,0.046,512,16673,1728,bernoulli,8.0000,0.001000
sift1m,50000,128,42,10,0.500000,adaptive,8,16,10,1.000000,1.124,0.232,0.831,0.018,0.005,16,581,307,bernoulli,8.0000,0.001000
sift1m,50000,128,42,10,0.500000,adaptive,16,32,10,1.000000,1.601,0.129,1.367,0.031,0.005,32,1144,598,bernoulli,8.0000,0.001000
sift1m,50000,128,42,10,0.500000,adaptive,32,64,10,1.000000,2.830,0.173,2.455,0.062,0.011,64,2215,1163,bernoulli,8.0000,0.001000
sift1m,50000,128,42,10,0.500000,adaptive,64,128,10,1.000000,5.101,0.190,4.539,0.114,0.014,128,4329,2262,bernoulli,8.0000,0.001000
sift1m,50000,128,42,10,1.000000,adaptive,8,8,10,0.800000,0.753,0.204,0.514,0.014,0.003,8,341,341,bernoulli,8.0000,0.001000
sift1m,50000,128,42,10,1.000000,adaptive,16,16,10,1.000000,0.863,0.095,0.715,0.022,0.003,16,581,581,bernoulli,8.0000,0.001000
sift1m,50000,128,42,10,1.000000,adaptive,32,32,10,1.000000,1.679,0.124,1.441,0.043,0.005,32,1144,1144,bernoulli,8.0000,0.001000
sift1m,50000,128,42,10,1.000000,adaptive,64,64,10,1.000000,2.736,0.155,2.395,0.079,0.009,64,2215,2215,bernoulli,8.0000,0.001000
sift1m,50000,128,43,10,0.001000,adaptive,8,64,2,0.200000,2.896,0.247,2.545,0.044,0.003,64,2137,2,bernoulli,8.0000,0.001000
sift1m,50000,128,43,10,0.001000,adaptive,16,128,5,0.400000,5.452,0.151,5.141,0.028,0.006,128,4285,6,bernoulli,8.0000,0.001000
sift1m,50000,128,43,10,0.001000,adaptive,32,256,5,0.400000,10.634,0.358,9.953,0.056,0.012,256,8494,6,bernoulli,8.0000,0.001000
sift1m,50000,128,43,10,0.001000,adaptive,64,512,10,0.800000,20.776,0.648,19.502,0.124,0.013,512,16990,19,bernoulli,8.0000,0.001000
sift1m,50000,128,43,10,0.010000,adaptive,8,64,10,0.500000,2.678,0.316,2.277,0.019,0.004,64,2137,18,bernoulli,8.0000,0.001000
sift1m,50000,128,43,10,0.010000,adaptive,16,128,10,0.600000,5.135,0.212,4.749,0.037,0.006,128,4285,34,bernoulli,8.0000,0.001000
sift1m,50000,128,43,10,0.010000,adaptive,32,256,10,0.900000,9.674,0.266,9.040,0.073,0.015,256,8494,74,bernoulli,8.0000,0.001000
sift1m,50000,128,43,10,0.010000,adaptive,64,512,10,1.000000,20.888,0.650,19.533,0.154,0.024,512,16990,162,bernoulli,8.0000,0.001000
sift1m,50000,128,43,10,0.050000,adaptive,8,64,10,0.800000,3.151,0.283,2.735,0.030,0.010,64,2137,92,bernoulli,8.0000,0.001000
sift1m,50000,128,43,10,0.050000,adaptive,16,128,10,1.000000,5.991,0.287,5.431,0.062,0.014,128,4285,211,bernoulli,8.0000,0.001000
sift1m,50000,128,43,10,0.050000,adaptive,32,256,10,1.000000,10.403,0.378,9.539,0.122,0.025,256,8494,401,bernoulli,8.0000,0.001000
sift1m,50000,128,43,10,0.050000,adaptive,64,512,10,1.000000,21.203,0.755,19.432,0.239,0.039,512,16990,844,bernoulli,8.0000,0.001000
sift1m,50000,128,43,10,0.100000,adaptive,8,64,10,0.900000,2.709,0.246,2.350,0.016,0.008,64,2137,210,bernoulli,8.0000,0.001000
sift1m,50000,128,43,10,0.100000,adaptive,16,128,10,1.000000,5.445,0.194,5.009,0.033,0.013,128,4285,421,bernoulli,8.0000,0.001000
sift1m,50000,128,43,10,0.100000,adaptive,32,256,10,1.000000,10.063,0.248,9.347,0.068,0.032,256,8494,849,bernoulli,8.0000,0.001000
sift1m,50000,128,43,10,0.100000,adaptive,64,512,10,1.000000,20.835,0.710,19.192,0.139,0.045,512,16990,1598,bernoulli,8.0000,0.001000
sift1m,50000,128,43,10,0.500000,adaptive,8,16,10,0.900000,1.017,0.241,0.726,0.015,0.004,16,564,268,bernoulli,8.0000,0.001000
sift1m,50000,128,43,10,0.500000,adaptive,16,32,10,0.900000,1.412,0.113,1.210,0.027,0.004,32,1097,523,bernoulli,8.0000,0.001000
sift1m,50000,128,43,10,0.500000,adaptive,32,64,10,0.900000,2.851,0.114,2.548,0.055,0.008,64,2137,1021,bernoulli,8.0000,0.001000
sift1m,50000,128,43,10,0.500000,adaptive,64,128,10,1.000000,5.000,0.154,4.464,0.138,0.011,128,4285,2051,bernoulli,8.0000,0.001000
sift1m,50000,128,43,10,1.000000,adaptive,8,8,10,0.900000,0.687,0.249,0.395,0.011,0.003,8,268,268,bernoulli,8.0000,0.001000
sift1m,50000,128,43,10,1.000000,adaptive,16,16,10,1.000000,0.802,0.103,0.627,0.021,0.002,16,564,564,bernoulli,8.0000,0.001000
sift1m,50000,128,43,10,1.000000,adaptive,32,32,10,1.000000,1.425,0.096,1.207,0.041,0.004,32,1097,1097,bernoulli,8.0000,0.001000
sift1m,50000,128,43,10,1.000000,adaptive,64,64,10,1.000000,2.878,0.106,2.563,0.081,0.008,64,2137,2137,bernoulli,8.0000,0.001000
sift1m,50000,128,44,10,0.001000,adaptive,8,64,1,0.100000,2.883,0.237,2.567,0.014,0.003,64,2209,1,bernoulli,8.0000,0.001000
sift1m,50000,128,44,10,0.001000,adaptive,16,128,1,0.100000,5.557,0.176,5.216,0.029,0.005,128,4365,1,bernoulli,8.0000,0.001000
sift1m,50000,128,44,10,0.001000,adaptive,32,256,4,0.300000,10.561,0.356,9.873,0.078,0.011,256,8677,6,bernoulli,8.0000,0.001000
sift1m,50000,128,44,10,0.001000,adaptive,64,512,10,0.700000,20.105,0.555,18.948,0.113,0.013,512,17264,16,bernoulli,8.0000,0.001000
sift1m,50000,128,44,10,0.010000,adaptive,8,64,10,0.700000,2.635,0.210,2.328,0.029,0.004,64,2209,26,bernoulli,8.0000,0.001000
sift1m,50000,128,44,10,0.010000,adaptive,16,128,10,0.900000,5.361,0.140,5.019,0.053,0.016,128,4365,51,bernoulli,8.0000,0.001000
sift1m,50000,128,44,10,0.010000,adaptive,32,256,10,1.000000,10.353,0.306,9.666,0.103,0.017,256,8677,91,bernoulli,8.0000,0.001000
sift1m,50000,128,44,10,0.010000,adaptive,64,512,10,1.000000,19.693,0.594,18.301,0.264,0.023,512,17264,173,bernoulli,8.0000,0.001000
sift1m,50000,128,44,10,0.050000,adaptive,8,64,10,1.000000,2.654,0.203,2.334,0.030,0.008,64,2209,120,bernoulli,8.0000,0.001000
sift1m,50000,128,44,10,0.050000,adaptive,16,128,10,1.000000,4.946,0.134,4.562,0.059,0.020,128,4365,216,bernoulli,8.0000,0.001000
sift1m,50000,128,44,10,0.050000,adaptive,32,256,10,1.000000,10.490,0.335,9.668,0.120,0.025,256,8677,438,bernoulli,8.0000,0.001000
sift1m,50000,128,44,10,0.050000,adaptive,64,512,10,1.000000,20.101,0.580,18.571,0.240,0.044,512,17264,896,bernoulli,8.0000,0.001000
sift1m,50000,128,44,10,0.100000,adaptive,8,64,10,1.000000,2.916,0.196,2.578,0.018,0.010,64,2209,202,bernoulli,8.0000,0.001000
sift1m,50000,128,44,10,0.100000,adaptive,16,128,10,1.000000,5.086,0.212,4.647,0.031,0.020,128,4365,399,bernoulli,8.0000,0.001000
sift1m,50000,128,44,10,0.100000,adaptive,32,256,10,1.000000,9.723,0.270,9.002,0.063,0.035,256,8677,857,bernoulli,8.0000,0.001000
sift1m,50000,128,44,10,0.100000,adaptive,64,512,10,1.000000,19.650,0.594,18.148,0.129,0.053,512,17264,1746,bernoulli,8.0000,0.001000
sift1m,50000,128,44,10,0.500000,adaptive,8,16,10,1.000000,0.944,0.234,0.656,0.014,0.004,16,502,241,bernoulli,8.0000,0.001000
sift1m,50000,128,44,10,0.500000,adaptive,16,32,10,1.000000,1.394,0.103,1.189,0.029,0.006,32,1046,519,bernoulli,8.0000,0.001000
sift1m,50000,128,44,10,0.500000,adaptive,32,64,10,1.000000,3.823,0.154,3.093,0.060,0.012,64,2209,1068,bernoulli,8.0000,0.001000
sift1m,50000,128,44,10,0.500000,adaptive,64,128,10,1.000000,5.422,0.266,4.772,0.117,0.015,128,4365,2150,bernoulli,8.0000,0.001000
sift1m,50000,128,44,10,1.000000,adaptive,8,8,10,0.900000,0.520,0.178,0.317,0.010,0.002,8,243,243,bernoulli,8.0000,0.001000
sift1m,50000,128,44,10,1.000000,adaptive,16,16,10,1.000000,0.771,0.075,0.636,0.021,0.005,16,502,502,bernoulli,8.0000,0.001000
sift1m,50000,128,44,10,1.000000,adaptive,32,32,10,1.000000,1.517,0.174,1.238,0.041,0.005,32,1046,1046,bernoulli,8.0000,0.001000
sift1m,50000,128,44,10,1.000000,adaptive,64,64,10,1.000000,2.981,0.140,2.617,0.087,0.009,64,2209,2209,bernoulli,8.0000,0.001000
sift1m,50000,128,45,10,0.001000,adaptive,8,64,3,0.300000,2.654,0.220,2.354,0.014,0.002,64,2248,3,bernoulli,8.0000,0.001000
sift1m,50000,128,45,10,0.001000,adaptive,16,128,3,0.300000,5.225,0.141,4.908,0.035,0.010,128,4415,5,bernoulli,8.0000,0.001000
sift1m,50000,128,45,10,0.001000,adaptive,32,256,4,0.400000,10.162,0.368,9.471,0.056,0.007,256,8573,7,bernoulli,8.0000,0.001000
sift1m,50000,128,45,10,0.001000,adaptive,64,512,7,0.600000,19.937,0.641,18.653,0.127,0.011,512,16951,14,bernoulli,8.0000,0.001000
sift1m,50000,128,45,10,0.010000,adaptive,8,64,10,0.600000,2.571,0.210,2.272,0.019,0.003,64,2248,23,bernoulli,8.0000,0.001000
sift1m,50000,128,45,10,0.010000,adaptive,16,128,10,0.900000,5.210,0.143,4.832,0.046,0.009,128,4415,41,bernoulli,8.0000,0.001000
sift1m,50000,128,45,10,0.010000,adaptive,32,256,10,1.000000,9.602,0.366,8.886,0.077,0.015,256,8573,84,bernoulli,8.0000,0.001000
sift1m,50000,128,45,10,0.010000,adaptive,64,512,10,1.000000,18.955,0.602,17.652,0.164,0.027,512,16951,179,bernoulli,8.0000,0.001000
sift1m,50000,128,45,10,0.050000,adaptive,8,64,10,1.000000,3.168,0.238,2.790,0.042,0.010,64,2248,139,bernoulli,8.0000,0.001000
sift1m,50000,128,45,10,0.050000,adaptive,16,128,10,1.000000,4.939,0.243,4.447,0.061,0.017,128,4415,261,bernoulli,8.0000,0.001000
sift1m,50000,128,45,10,0.050000,adaptive,32,256,10,1.000000,10.462,0.345,9.612,0.126,0.029,256,8573,484,bernoulli,8.0000,0.001000
sift1m,50000,128,45,10,0.050000,adaptive,64,512,10,1.000000,19.184,0.606,17.666,0.237,0.038,512,16951,897,bernoulli,8.0000,0.001000
sift1m,50000,128,45,10,0.100000,adaptive,8,64,10,1.000000,2.710,0.197,2.398,0.017,0.008,64,2248,223,bernoulli,8.0000,0.001000
sift1m,50000,128,45,10,0.100000,adaptive,16,128,10,1.000000,4.852,0.165,4.473,0.032,0.012,128,4415,446,bernoulli,8.0000,0.001000
sift1m,50000,128,45,10,0.100000,adaptive,32,256,10,1.000000,10.356,0.239,9.653,0.074,0.031,256,8573,891,bernoulli,8.0000,0.001000
sift1m,50000,128,45,10,0.100000,adaptive,64,512,10,1.000000,19.225,0.570,17.779,0.138,0.042,512,16951,1789,bernoulli,8.0000,0.001000
sift1m,50000,128,45,10,0.500000,adaptive,8,16,10,1.000000,1.063,0.196,0.808,0.018,0.004,16,651,334,bernoulli,8.0000,0.001000
sift1m,50000,128,45,10,0.500000,adaptive,16,32,10,1.000000,1.523,0.108,1.309,0.031,0.005,32,1177,584,bernoulli,8.0000,0.001000
sift1m,50000,128,45,10,0.500000,adaptive,32,64,10,1.000000,2.608,0.112,2.315,0.055,0.009,64,2248,1113,bernoulli,8.0000,0.001000
sift1m,50000,128,45,10,0.500000,adaptive,64,128,10,1.000000,4.994,0.131,4.509,0.113,0.013,128,4415,2221,bernoulli,8.0000,0.001000
sift1m,50000,128,45,10,1.000000,adaptive,8,8,10,0.800000,0.673,0.192,0.447,0.012,0.002,8,319,319,bernoulli,8.0000,0.001000
sift1m,50000,128,45,10,1.000000,adaptive,16,16,10,1.000000,0.955,0.094,0.797,0.024,0.004,16,651,651,bernoulli,8.0000,0.001000
sift1m,50000,128,45,10,1.000000,adaptive,32,32,10,1.000000,1.587,0.101,1.372,0.045,0.005,32,1177,1177,bernoulli,8.0000,0.001000
sift1m,50000,128,45,10,1.000000,adaptive,64,64,10,1.000000,2.785,0.133,2.456,0.081,0.007,64,2248,2248,bernoulli,8.0000,0.001000
sift1m,50000,128,46,10,0.001000,adaptive,8,64,1,0.100000,2.780,0.189,2.470,0.014,0.003,64,2225,1,bernoulli,8.0000,0.001000
sift1m,50000,128,46,10,0.001000,adaptive,16,128,2,0.200000,4.952,0.159,4.565,0.027,0.003,128,4441,3,bernoulli,8.0000,0.001000
sift1m,50000,128,46,10,0.001000,adaptive,32,256,5,0.400000,10.393,0.216,9.708,0.055,0.006,256,8867,7,bernoulli,8.0000,0.001000
sift1m,50000,128,46,10,0.001000,adaptive,64,512,9,0.800000,19.944,0.458,18.437,0.227,0.013,512,17434,14,bernoulli,8.0000,0.001000
sift1m,50000,128,46,10,0.010000,adaptive,8,64,10,0.500000,2.514,0.120,2.305,0.018,0.004,64,2225,26,bernoulli,8.0000,0.001000
sift1m,50000,128,46,10,0.010000,adaptive,16,128,10,1.000000,5.285,0.112,4.943,0.079,0.013,128,4441,54,bernoulli,8.0000,0.001000
sift1m,50000,128,46,10,0.010000,adaptive,32,256,10,1.000000,10.071,0.294,9.391,0.109,0.014,256,8867,113,bernoulli,8.0000,0.001000
sift1m,50000,128,46,10,0.010000,adaptive,64,512,10,1.000000,19.838,0.547,18.534,0.200,0.026,512,17434,198,bernoulli,8.0000,0.001000
sift1m,50000,128,46,10,0.050000,adaptive,8,64,10,1.000000,2.822,0.200,2.487,0.041,0.008,64,2225,97,bernoulli,8.0000,0.001000
sift1m,50000,128,46,10,0.050000,adaptive,16,128,10,1.000000,5.084,0.146,4.695,0.059,0.017,128,4441,190,bernoulli,8.0000,0.001000
sift1m,50000,128,46,10,0.050000,adaptive,32,256,10,1.000000,9.630,0.267,8.903,0.117,0.022,256,8867,415,bernoulli,8.0000,0.001000
sift1m,50000,128,46,10,0.050000,adaptive,64,512,10,1.000000,20.974,0.545,19.494,0.248,0.047,512,17434,869,bernoulli,8.0000,0.001000
sift1m,50000,128,46,10,0.100000,adaptive,8,64,10,1.000000,2.627,0.212,2.305,0.017,0.008,64,2225,218,bernoulli,8.0000,0.001000
sift1m,50000,128,46,10,0.100000,adaptive,16,128,10,1.000000,4.918,0.127,4.575,0.032,0.015,128,4441,429,bernoulli,8.0000,0.001000
sift1m,50000,128,46,10,0.100000,adaptive,32,256,10,1.000000,10.020,0.224,9.341,0.070,0.025,256,8867,843,bernoulli,8.0000,0.001000
sift1m,50000,128,46,10,0.100000,adaptive,64,512,10,1.000000,20.076,0.432,18.683,0.139,0.052,512,17434,1772,bernoulli,8.0000,0.001000
sift1m,50000,128,46,10,0.500000,adaptive,8,16,10,1.000000,1.050,0.191,0.804,0.017,0.004,16,593,313,bernoulli,8.0000,0.001000
sift1m,50000,128,46,10,0.500000,adaptive,16,32,10,1.000000,1.517,0.107,1.314,0.028,0.008,32,1146,570,bernoulli,8.0000,0.001000
sift1m,50000,128,46,10,0.500000,adaptive,32,64,10,1.000000,2.627,0.102,2.350,0.054,0.010,64,2225,1085,bernoulli,8.0000,0.001000
sift1m,50000,128,46,10,0.500000,adaptive,64,128,10,1.000000,5.522,0.126,5.012,0.118,0.014,128,4441,2198,bernoulli,8.0000,0.001000
sift1m,50000,128,46,10,1.000000,adaptive,8,8,10,1.000000,0.549,0.134,0.380,0.011,0.003,8,301,301,bernoulli,8.0000,0.001000
sift1m,50000,128,46,10,1.000000,adaptive,16,16,10,1.000000,0.767,0.068,0.643,0.020,0.003,16,593,593,bernoulli,8.0000,0.001000
sift1m,50000,128,46,10,1.000000,adaptive,32,32,10,1.000000,1.564,0.061,1.392,0.040,0.008,32,1146,1146,bernoulli,8.0000,0.001000
sift1m,50000,128,46,10,1.000000,adaptive,64,64,10,1.000000,2.898,0.197,2.477,0.081,0.007,64,2225,2225,bernoulli,8.0000,0.001000
sift1m,50000,128,47,10,0.001000,adaptive,8,64,0,0.000000,2.860,0.213,2.548,0.014,0.002,64,2317,0,bernoulli,8.0000,0.001000
sift1m,50000,128,47,10,0.001000,adaptive,16,128,3,0.300000,5.250,0.159,4.909,0.028,0.004,128,4501,3,bernoulli,8.0000,0.001000
sift1m,50000,128,47,10,0.001000,adaptive,32,256,6,0.500000,9.924,0.293,9.263,0.064,0.008,256,8710,10,bernoulli,8.0000,0.001000
sift1m,50000,128,47,10,0.001000,adaptive,64,512,6,0.500000,21.330,0.562,20.023,0.117,0.020,512,17166,16,bernoulli,8.0000,0.001000
sift1m,50000,128,47,10,0.010000,adaptive,8,64,10,0.600000,2.879,0.265,2.509,0.021,0.005,64,2317,19,bernoulli,8.0000,0.001000
sift1m,50000,128,47,10,0.010000,adaptive,16,128,10,0.800000,5.221,0.211,4.833,0.038,0.008,128,4501,33,bernoulli,8.0000,0.001000
sift1m,50000,128,47,10,0.010000,adaptive,32,256,10,0.900000,10.091,0.355,9.381,0.077,0.017,256,8710,76,bernoulli,8.0000,0.001000
sift1m,50000,128,47,10,0.010000,adaptive,64,512,10,1.000000,20.561,0.652,19.217,0.151,0.023,512,17166,157,bernoulli,8.0000,0.001000
sift1m,50000,128,47,10,0.050000,adaptive,8,64,10,0.800000,3.117,0.262,2.722,0.032,0.008,64,2317,107,bernoulli,8.0000,0.001000
sift1m,50000,128,47,10,0.050000,adaptive,16,128,10,0.900000,5.077,0.209,4.644,0.058,0.010,128,4501,214,bernoulli,8.0000,0.001000
sift1m,50000,128,47,10,0.050000,adaptive,32,256,10,1.000000,10.219,0.253,9.498,0.117,0.022,256,8710,423,bernoulli,8.0000,0.001000
sift1m,50000,128,47,10,0.050000,adaptive,64,512,10,1.000000,19.806,0.485,18.406,0.231,0.047,512,17166,813,bernoulli,8.0000,0.001000
sift1m,50000,128,47,10,0.100000,adaptive,8,64,10,0.700000,2.972,0.255,2.596,0.019,0.010,64,2317,260,bernoulli,8.0000,0.001000
sift1m,50000,128,47,10,0.100000,adaptive,16,128,10,1.000000,5.559,0.182,5.122,0.036,0.019,128,4501,499,bernoulli,8.0000,0.001000
sift1m,50000,128,47,10,0.100000,adaptive,32,256,10,1.000000,10.417,0.350,9.599,0.071,0.024,256,8710,948,bernoulli,8.0000,0.001000
sift1m,50000,128,47,10,0.100000,adaptive,64,512,10,1.000000,20.929,0.603,19.283,0.143,0.045,512,17166,1838,bernoulli,8.0000,0.001000
sift1m,50000,128,47,10,0.500000,adaptive,8,16,10,0.700000,0.903,0.227,0.630,0.014,0.003,16,486,249,bernoulli,8.0000,0.001000
sift1m,50000,128,47,10,0.500000,adaptive,16,32,10,0.800000,1.390,0.107,1.195,0.029,0.004,32,1090,556,bernoulli,8.0000,0.001000
sift1m,50000,128,47,10,0.500000,adaptive,32,64,10,0.900000,2.824,0.109,2.532,0.060,0.006,64,2317,1157,bernoulli,8.0000,0.001000
sift1m,50000,128,47,10,0.500000,adaptive,64,128,10,1.000000,5.808,0.145,5.260,0.124,0.013,128,4501,2240,bernoulli,8.0000,0.001000
sift1m,50000,128,47,10,1.000000,adaptive,8,8,10,0.700000,0.601,0.219,0.355,0.010,0.002,8,253,253,bernoulli,8.0000,0.001000
sift1m,50000,128,47,10,1.000000,adaptive,16,16,10,0.700000,0.646,0.084,0.520,0.018,0.002,16,486,486,bernoulli,8.0000,0.001000
sift1m,50000,128,47,10,1.000000,adaptive,32,32,10,0.700000,1.331,0.079,1.166,0.039,0.004,32,1090,1090,bernoulli,8.0000,0.001000
sift1m,50000,128,47,10,1.000000,adaptive,64,64,10,0.800000,3.370,0.119,3.011,0.088,0.007,64,2317,2317,bernoulli,8.0000,0.001000
sift1m,50000,128,48,10,0.001000,adaptive,8,64,0,0.000000,2.676,0.227,2.343,0.014,0.001,64,2173,0,bernoulli,8.0000,0.001000
sift1m,50000,128,48,10,0.001000,adaptive,16,128,2,0.200000,5.508,0.150,5.122,0.040,0.003,128,4400,2,bernoulli,8.0000,0.001000
sift1m,50000,128,48,10,0.001000,adaptive,32,256,3,0.200000,9.906,0.247,9.205,0.081,0.012,256,8513,3,bernoulli,8.0000,0.001000
sift1m,50000,128,48,10,0.001000,adaptive,64,512,9,0.600000,20.337,0.611,18.883,0.113,0.010,512,17084,10,bernoulli,8.0000,0.001000
sift1m,50000,128,48,10,0.010000,adaptive,8,64,10,0.700000,2.518,0.150,2.280,0.020,0.004,64,2173,26,bernoulli,8.0000,0.001000
sift1m,50000,128,48,10,0.010000,adaptive,16,128,10,0.900000,5.273,0.138,4.941,0.047,0.013,128,4400,57,bernoulli,8.0000,0.001000
sift1m,50000,128,48,10,0.010000,adaptive,32,256,10,0.900000,9.567,0.407,8.813,0.082,0.015,256,8513,106,bernoulli,8.0000,0.001000
sift1m,50000,128,48,10,0.010000,adaptive,64,512,10,0.900000,19.904,0.542,18.624,0.191,0.022,512,17084,201,bernoulli,8.0000,0.001000
sift1m,50000,128,48,10,0.050000,adaptive,8,64,10,0.800000,2.545,0.173,2.263,0.029,0.006,64,2173,107,bernoulli,8.0000,0.001000
sift1m,50000,128,48,10,0.050000,adaptive,16,128,10,1.000000,4.919,0.132,4.566,0.059,0.010,128,4400,213,bernoulli,8.0000,0.001000
sift1m,50000,128,48,10,0.050000,adaptive,32,256,10,1.000000,11.058,0.226,10.314,0.142,0.029,256,8513,395,bernoulli,8.0000,0.001000
sift1m,50000,128,48,10,0.050000,adaptive,64,512,10,1.000000,19.056,0.643,17.540,0.232,0.033,512,17084,841,bernoulli,8.0000,0.001000
sift1m,50000,128,48,10,0.100000,adaptive,8,64,10,1.000000,3.065,0.249,2.683,0.025,0.010,64,2173,241,bernoulli,8.0000,0.001000
sift1m,50000,128,48,10,0.100000,adaptive,16,128,10,1.000000,5.496,0.167,5.077,0.036,0.018,128,4400,459,bernoulli,8.0000,0.001000
sift1m,50000,128,48,10,0.100000,adaptive,32,256,10,1.000000,9.892,0.375,9.085,0.067,0.025,256,8513,882,bernoulli,8.0000,0.001000
sift1m,50000,128,48,10,0.100000,adaptive,64,512,10,1.000000,20.112,0.526,18.696,0.135,0.044,512,17084,1728,bernoulli,8.0000,0.001000
sift1m,50000,128,48,10,0.500000,adaptive,8,16,10,1.000000,0.986,0.280,0.654,0.015,0.004,16,521,259,bernoulli,8.0000,0.001000
sift1m,50000,128,48,10,0.500000,adaptive,16,32,10,1.000000,1.354,0.098,1.167,0.028,0.004,32,1104,548,bernoulli,8.0000,0.001000
sift1m,50000,128,48,10,0.500000,adaptive,32,64,10,1.000000,3.124,0.099,2.779,0.059,0.007,64,2173,1055,bernoulli,8.0000,0.001000
sift1m,50000,128,48,10,0.500000,adaptive,64,128,10,1.000000,5.135,0.132,4.644,0.113,0.011,128,4400,2139,bernoulli,8.0000,0.001000
sift1m,50000,128,48,10,1.000000,adaptive,8,8,10,1.000000,0.636,0.222,0.384,0.011,0.003,8,257,257,bernoulli,8.0000,0.001000
sift1m,50000,128,48,10,1.000000,adaptive,16,16,10,1.000000,0.721,0.102,0.572,0.020,0.003,16,521,521,bernoulli,8.0000,0.001000
sift1m,50000,128,48,10,1.000000,adaptive,32,32,10,1.000000,1.495,0.093,1.290,0.041,0.005,32,1104,1104,bernoulli,8.0000,0.001000
sift1m,50000,128,48,10,1.000000,adaptive,64,64,10,1.000000,2.607,0.165,2.278,0.077,0.007,64,2173,2173,bernoulli,8.0000,0.001000
sift1m,50000,128,49,10,0.001000,adaptive,8,64,0,0.000000,2.644,0.176,2.369,0.014,0.004,64,2140,0,bernoulli,8.0000,0.001000
sift1m,50000,128,49,10,0.001000,adaptive,16,128,4,0.400000,5.652,0.232,5.205,0.030,0.005,128,4365,5,bernoulli,8.0000,0.001000
sift1m,50000,128,49,10,0.001000,adaptive,32,256,9,0.900000,10.094,0.258,9.389,0.120,0.014,256,8568,15,bernoulli,8.0000,0.001000
sift1m,50000,128,49,10,0.001000,adaptive,64,512,10,1.000000,20.128,0.647,18.709,0.120,0.016,512,16912,23,bernoulli,8.0000,0.001000
sift1m,50000,128,49,10,0.010000,adaptive,8,64,10,0.600000,2.615,0.233,2.289,0.022,0.004,64,2140,20,bernoulli,8.0000,0.001000
sift1m,50000,128,49,10,0.010000,adaptive,16,128,10,0.700000,4.991,0.163,4.639,0.042,0.010,128,4365,44,bernoulli,8.0000,0.001000
sift1m,50000,128,49,10,0.010000,adaptive,32,256,10,1.000000,10.009,0.263,9.366,0.084,0.013,256,8568,86,bernoulli,8.0000,0.001000
sift1m,50000,128,49,10,0.010000,adaptive,64,512,10,1.000000,19.018,0.555,17.711,0.196,0.032,512,16912,172,bernoulli,8.0000,0.001000
sift1m,50000,128,49,10,0.050000,adaptive,8,64,10,1.000000,2.354,0.169,2.076,0.028,0.007,64,2140,100,bernoulli,8.0000,0.001000
sift1m,50000,128,49,10,0.050000,adaptive,16,128,10,1.000000,5.280,0.140,4.887,0.061,0.017,128,4365,224,bernoulli,8.0000,0.001000
sift1m,50000,128,49,10,0.050000,adaptive,32,256,10,1.000000,10.375,0.368,9.540,0.122,0.020,256,8568,449,bernoulli,8.0000,0.001000
sift1m,50000,128,49,10,0.050000,adaptive,64,512,10,1.000000,18.608,0.587,17.141,0.230,0.036,512,16912,853,bernoulli,8.0000,0.001000
sift1m,50000,128,49,10,0.100000,adaptive,8,64,10,1.000000,2.855,0.210,2.504,0.019,0.013,64,2140,221,bernoulli,8.0000,0.001000
sift1m,50000,128,49,10,0.100000,adaptive,16,128,10,1.000000,5.388,0.260,4.890,0.036,0.015,128,4365,460,bernoulli,8.0000,0.001000
sift1m,50000,128,49,10,0.100000,adaptive,32,256,10,1.000000,10.799,0.263,10.039,0.080,0.029,256,8568,886,bernoulli,8.0000,0.001000
sift1m,50000,128,49,10,0.100000,adaptive,64,512,10,1.000000,19.336,0.535,17.933,0.128,0.043,512,16912,1690,bernoulli,8.0000,0.001000
sift1m,50000,128,49,10,0.500000,adaptive,8,16,10,1.000000,1.164,0.222,0.864,0.019,0.005,16,594,313,bernoulli,8.0000,0.001000
sift1m,50000,128,49,10,0.500000,adaptive,16,32,10,1.000000,1.546,0.151,1.285,0.033,0.006,32,1110,569,bernoulli,8.0000,0.001000
sift1m,50000,128,49,10,0.500000,adaptive,32,64,10,1.000000,2.694,0.205,2.306,0.057,0.009,64,2140,1082,bernoulli,8.0000,0.001000
sift1m,50000,128,49,10,0.500000,adaptive,64,128,10,1.000000,5.217,0.224,4.628,0.114,0.020,128,4365,2222,bernoulli,8.0000,0.001000
sift1m,50000,128,49,10,1.000000,adaptive,8,8,10,1.000000,0.668,0.216,0.420,0.012,0.003,8,293,293,bernoulli,8.0000,0.001000
sift1m,50000,128,49,10,1.000000,adaptive,16,16,10,1.000000,0.780,0.092,0.641,0.021,0.003,16,594,594,bernoulli,8.0000,0.001000
sift1m,50000,128,49,10,1.000000,adaptive,32,32,10,1.000000,1.449,0.085,1.262,0.041,0.005,32,1110,1110,bernoulli,8.0000,0.001000
sift1m,50000,128,49,10,1.000000,adaptive,64,64,10,1.000000,2.484,0.126,2.183,0.077,0.007,64,2140,2140,bernoulli,8.0000,0.001000
