dataset,n_records,dim,query_id,k,selectivity,strategy,base_nprobe,nprobe_used,returned_count,recall_at_k,latency_ms,t_centers_ms,t_fetch_pl_ms,t_bf_pl_ms,t_merge_ms,centers,candidates_before_filter,candidates_after_filter,filter_shape,max_factor,epsilon
sift1m,10000,128,0,10,0.001000,adaptive,8,64,2,0.285714,2.687,0.130,2.474,0.013,0.006,64,2164,2,bernoulli,8.0000,0.001000
sift1m,10000,128,0,10,0.001000,adaptive,16,128,2,0.285714,4.839,0.139,4.556,0.022,0.003,128,4423,3,bernoulli,8.0000,0.001000
sift1m,10000,128,0,10,0.001000,adaptive,32,256,2,0.285714,9.006,0.189,8.528,0.054,0.005,256,8431,4,bernoulli,8.0000,0.001000
sift1m,10000,128,0,10,0.001000,adaptive,64,512,3,0.428571,17.583,0.368,16.651,0.090,0.009,512,16627,8,bernoulli,8.0000,0.001000
sift1m,10000,128,0,10,0.010000,adaptive,8,64,10,0.900000,2.334,0.101,2.140,0.016,0.004,64,2164,22,bernoulli,8.0000,0.001000
sift1m,10000,128,0,10,0.010000,adaptive,16,128,10,1.000000,4.869,0.099,4.564,0.041,0.013,128,4423,51,bernoulli,8.0000,0.001000
sift1m,10000,128,0,10,0.010000,adaptive,32,256,10,1.000000,9.273,0.254,8.640,0.064,0.013,256,8431,85,bernoulli,8.0000,0.001000
sift1m,10000,128,0,10,0.010000,adaptive,64,512,10,1.000000,18.250,0.532,16.955,0.137,0.045,512,16627,169,bernoulli,8.0000,0.001000
sift1m,10000,128,0,10,0.050000,adaptive,8,64,10,1.000000,2.515,0.105,2.304,0.024,0.008,64,2164,102,bernoulli,8.0000,0.001000
sift1m,10000,128,0,10,0.050000,adaptive,16,128,10,1.000000,4.805,0.158,4.453,0.046,0.011,128,4423,204,bernoulli,8.0000,0.001000
sift1m,10000,128,0,10,0.050000,adaptive,32,256,10,1.000000,9.095,0.198,8.515,0.104,0.020,256,8431,400,bernoulli,8.0000,0.001000
sift1m,10000,128,0,10,0.050000,adaptive,64,512,10,1.000000,18.327,0.457,17.094,0.190,0.038,512,16627,823,bernoulli,8.0000,0.001000
sift1m,10000,128,0,10,0.100000,adaptive,8,64,10,1.000000,2.415,0.134,2.168,0.032,0.006,64,2164,223,bernoulli,8.0000,0.001000
sift1m,10000,128,0,10,0.100000,adaptive,16,128,10,1.000000,4.913,0.110,4.573,0.065,0.015,128,4423,438,bernoulli,8.0000,0.001000
sift1m,10000,128,0,10,0.100000,adaptive,32,256,10,1.000000,9.414,0.212,8.757,0.128,0.021,256,8431,834,bernoulli,8.0000,0.001000
sift1m,10000,128,0,10,0.100000,adaptive,64,512,10,1.000000,17.888,0.356,16.701,0.253,0.039,512,16627,1634,bernoulli,8.0000,0.001000
sift1m,10000,128,0,10,0.500000,adaptive,8,16,10,0.900000,0.774,0.099,0.629,0.015,0.003,16,582,287,bernoulli,8.0000,0.001000
sift1m,10000,128,0,10,0.500000,adaptive,16,32,10,1.000000,1.305,0.060,1.152,0.028,0.009,32,1098,526,bernoulli,8.0000,0.001000
sift1m,10000,128,0,10,0.500000,adaptive,32,64,10,1.000000,2.646,0.081,2.381,0.059,0.009,64,2164,1048,bernoulli,8.0000,0.001000
sift1m,10000,128,0,10,0.500000,adaptive,64,128,10,1.000000,5.103,0.169,4.548,0.118,0.015,128,4423,2189,bernoulli,8.0000,0.001000
sift1m,10000,128,0,10,1.000000,adaptive,8,8,10,1.000000,0.411,0.073,0.313,0.011,0.002,8,310,310,bernoulli,8.0000,0.001000
sift1m,10000,128,0,10,1.000000,adaptive,16,16,10,1.000000,0.698,0.048,0.605,0.020,0.003,16,582,582,bernoulli,8.0000,0.001000
sift1m,10000,128,0,10,1.000000,adaptive,32,32,10,1.000000,1.316,0.046,1.170,0.040,0.007,32,1098,1098,bernoulli,8.0000,0.001000
sift1m,10000,128,0,10,1.000000,adaptive,64,64,10,1.000000,2.563,0.090,2.254,0.080,0.009,64,2164,2164,bernoulli,8.0000,0.001000
sift1m,10000,128,1,10,0.001000,adaptive,8,64,3,0.333333,2.453,0.103,2.277,0.012,0.002,64,2240,3,bernoulli,8.0000,0.001000
sift1m,10000,128,1,10,0.001000,adaptive,16,128,3,0.333333,4.773,0.109,4.511,0.023,0.004,128,4363,3,bernoulli,8.0000,0.001000
sift1m,10000,128,1,10,0.001000,adaptive,32,256,3,0.333333,9.520,0.227,8.979,0.065,0.010,256,8690,8,bernoulli,8.0000,0.001000
sift1m,10000,128,1,10,0.001000,adaptive,64,512,5,0.555556,17.508,0.435,16.452,0.161,0.020,512,16657,11,bernoulli,8.0000,0.001000
sift1m,10000,128,1,10,0.010000,adaptive,8,64,10,0.800000,2.588,0.140,2.351,0.016,0.004,64,2240,20,bernoulli,8.0000,0.001000
sift1m,10000,128,1,10,0.010000,adaptive,16,128,10,1.000000,4.620,0.129,4.322,0.031,0.006,128,4363,42,bernoulli,8.0000,0.001000
sift1m,10000,128,1,10,0.010000,adaptive,32,256,10,1.000000,9.056,0.182,8.533,0.062,0.013,256,8690,83,bernoulli,8.0000,0.001000
sift1m,10000,128,1,10,0.010000,adaptive,64,512,10,1.000000,17.802,0.397,16.704,0.158,0.030,512,16657,137,bernoulli,8.0000,0.001000
sift1m,10000,128,1,10,0.050000,adaptive,8,64,10,1.000000,2.639,0.138,2.394,0.025,0.008,64,2240,102,bernoulli,8.0000,0.001000
sift1m,10000,128,1,10,0.050000,adaptive,16,128,10,1.000000,4.646,0.129,4.312,0.046,0.015,128,4363,208,bernoulli,8.0000,0.001000
sift1m,10000,128,1,10,0.050000,adaptive,32,256,10,1.000000,9.930,0.200,9.313,0.096,0.023,256,8690,443,bernoulli,8.0000,0.001000
sift1m,10000,128,1,10,0.050000,adaptive,64,512,10,1.000000,17.608,0.476,16.407,0.179,0.033,512,16657,834,bernoulli,8.0000,0.001000
sift1m,10000,128,1,10,0.100000,adaptive,8,64,10,1.000000,2.656,0.123,2.414,0.033,0.011,64,2240,206,bernoulli,8.0000,0.001000
sift1m,10000,128,1,10,0.100000,adaptive,16,128,10,1.000000,4.830,0.152,4.457,0.063,0.014,128,4363,411,bernoulli,8.0000,0.001000
sift1m,10000,128,1,10,0.100000,adaptive,32,256,10,1.000000,9.046,0.210,8.419,0.125,0.021,256,8690,873,bernoulli,8.0000,0.001000
sift1m,10000,128,1,10,0.100000,adaptive,64,512,10,1.000000,17.916,0.348,16.731,0.243,0.040,512,16657,1657,bernoulli,8.0000,0.001000
sift1m,10000,128,1,10,0.500000,adaptive,8,16,10,0.900000,0.708,0.101,0.562,0.015,0.003,16,577,276,bernoulli,8.0000,0.001000
sift1m,10000,128,1,10,0.500000,adaptive,16,32,10,1.000000,1.278,0.059,1.136,0.027,0.004,32,1169,556,bernoulli,8.0000,0.001000
sift1m,10000,128,1,10,0.500000,adaptive,32,64,10,1.000000,2.537,0.066,2.304,0.054,0.008,64,2240,1073,bernoulli,8.0000,0.001000
sift1m,10000,128,1,10,0.500000,adaptive,64,128,10,1.000000,5.110,0.133,4.621,0.112,0.013,128,4363,2080,bernoulli,8.0000,0.001000
sift1m,10000,128,1,10,1.000000,adaptive,8,8,10,0.900000,0.459,0.084,0.345,0.012,0.003,8,294,294,bernoulli,8.0000,0.001000
sift1m,10000,128,1,10,1.000000,adaptive,16,16,10,1.000000,0.717,0.069,0.603,0.021,0.003,16,577,577,bernoulli,8.0000,0.001000
sift1m,10000,128,1,10,1.000000,adaptive,32,32,10,1.000000,1.418,0.063,1.262,0.043,0.006,32,1169,1169,bernoulli,8.0000,0.001000
sift1m,10000,128,1,10,1.000000,adaptive,64,64,10,1.000000,2.550,0.108,2.269,0.082,0.007,64,2240,2240,bernoulli,8.0000,0.001000
sift1m,10000,128,2,10,0.001000,adaptive,8,64,1,0.166667,2.409,0.115,2.219,0.012,0.003,64,1997,1,bernoulli,8.0000,0.001000
sift1m,10000,128,2,10,0.001000,adaptive,16,128,1,0.166667,4.486,0.132,4.213,0.024,0.003,128,4164,1,bernoulli,8.0000,0.001000
sift1m,10000,128,2,10,0.001000,adaptive,32,256,4,0.666667,9.161,0.202,8.651,0.058,0.006,256,8403,5,bernoulli,8.0000,0.001000
sift1m,10000,128,2,10,0.001000,adaptive,64,512,4,0.666667,17.188,0.360,16.263,0.106,0.013,512,16291,19,bernoulli,8.0000,0.001000
sift1m,10000,128,2,10,0.010000,adaptive,8,64,10,0.900000,2.296,0.121,2.044,0.017,0.005,64,1997,23,bernoulli,8.0000,0.001000
sift1m,10000,128,2,10,0.010000,adaptive,16,128,10,1.000000,4.962,0.151,4.572,0.038,0.009,128,4164,59,bernoulli,8.0000,0.001000
sift1m,10000,128,2,10,0.010000,adaptive,32,256,10,1.000000,9.629,0.226,8.940,0.068,0.016,256,8403,112,bernoulli,8.0000,0.001000
sift1m,10000,128,2,10,0.010000,adaptive,64,512,10,1.000000,17.998,0.389,16.721,0.127,0.026,512,16291,202,bernoulli,8.0000,0.001000
sift1m,10000,128,2,10,0.050000,adaptive,8,64,10,1.000000,2.616,0.142,2.321,0.026,0.008,64,1997,108,bernoulli,8.0000,0.001000
sift1m,10000,128,2,10,0.050000,adaptive,16,128,10,1.000000,4.739,0.155,4.370,0.046,0.033,128,4164,212,bernoulli,8.0000,0.001000
sift1m,10000,128,2,10,0.050000,adaptive,32,256,10,1.000000,9.406,0.255,8.765,0.090,0.021,256,8403,399,bernoulli,8.0000,0.001000
sift1m,10000,128,2,10,0.050000,adaptive,64,512,10,1.000000,17.846,0.400,16.683,0.185,0.032,512,16291,778,bernoulli,8.0000,0.001000
sift1m,10000,128,2,10,0.100000,adaptive,8,64,10,1.000000,2.249,0.119,2.012,0.028,0.008,64,1997,177,bernoulli,8.0000,0.001000
sift1m,10000,128,2,10,0.100000,adaptive,16,128,10,1.000000,4.580,0.113,4.256,0.058,0.013,128,4164,390,bernoulli,8.0000,0.001000
sift1m,10000,128,2,10,0.100000,adaptive,32,256,10,1.000000,8.927,0.218,8.297,0.117,0.019,256,8403,775,bernoulli,8.0000,0.001000
sift1m,10000,128,2,10,0.100000,adaptive,64,512,10,1.000000,17.535,0.350,16.329,0.258,0.035,512,16291,1635,bernoulli,8.0000,0.001000
sift1m,10000,128,2,10,0.500000,adaptive,8,16,10,1.000000,0.678,0.077,0.556,0.015,0.003,16,539,288,bernoulli,8.0000,0.001000
sift1m,10000,128,2,10,0.500000,adaptive,16,32,10,1.000000,1.098,0.052,0.966,0.026,0.006,32,1012,524,bernoulli,8.0000,0.001000
sift1m,10000,128,2,10,0.500000,adaptive,32,64,10,1.000000,2.433,0.082,2.193,0.053,0.008,64,1997,1014,bernoulli,8.0000,0.001000
sift1m,10000,128,2,10,0.500000,adaptive,64,128,10,1.000000,4.887,0.131,4.393,0.120,0.019,128,4164,2111,bernoulli,8.0000,0.001000
sift1m,10000,128,2,10,1.000000,adaptive,8,8,10,0.900000,0.499,0.089,0.385,0.010,0.002,8,261,261,bernoulli,8.0000,0.001000
sift1m,10000,128,2,10,1.000000,adaptive,16,16,10,1.000000,0.675,0.056,0.573,0.019,0.003,16,539,539,bernoulli,8.0000,0.001000
sift1m,10000,128,2,10,1.000000,adaptive,32,32,10,1.000000,1.140,0.055,0.999,0.037,0.005,32,1012,1012,bernoulli,8.0000,0.001000
sift1m,10000,128,2,10,1.000000,adaptive,64,64,10,1.000000,2.494,0.068,2.229,0.081,0.010,64,1997,1997,bernoulli,8.0000,0.001000
sift1m,10000,128,3,10,0.001000,adaptive,8,64,0,0.000000,2.490,0.127,2.290,0.011,0.002,64,2190,0,bernoulli,8.0000,0.001000
sift1m,10000,128,3,10,0.001000,adaptive,16,128,0,0.000000,5.146,0.138,4.856,0.024,0.004,128,4369,0,bernoulli,8.0000,0.001000
sift1m,10000,128,3,10,0.001000,adaptive,32,256,2,0.250000,9.153,0.195,8.653,0.051,0.006,256,8649,3,bernoulli,8.0000,0.001000
sift1m,10000,128,3,10,0.001000,adaptive,64,512,6,0.750000,17.628,0.384,16.646,0.119,0.016,512,16592,15,bernoulli,8.0000,0.001000
sift1m,10000,128,3,10,0.010000,adaptive,8,64,10,0.600000,2.582,0.118,2.365,0.017,0.005,64,2190,23,bernoulli,8.0000,0.001000
sift1m,10000,128,3,10,0.010000,adaptive,16,128,10,0.900000,5.150,0.122,4.817,0.034,0.011,128,4369,50,bernoulli,8.0000,0.001000
sift1m,10000,128,3,10,0.010000,adaptive,32,256,10,1.000000,9.568,0.251,8.908,0.075,0.014,256,8649,101,bernoulli,8.0000,0.001000
sift1m,10000,128,3,10,0.010000,adaptive,64,512,10,1.000000,18.146,0.377,16.915,0.217,0.026,512,16592,154,bernoulli,8.0000,0.001000
sift1m,10000,128,3,10,0.050000,adaptive,8,64,10,1.000000,2.441,0.136,2.198,0.027,0.008,64,2190,121,bernoulli,8.0000,0.001000
sift1m,10000,128,3,10,0.050000,adaptive,16,128,10,1.000000,5.026,0.138,4.675,0.052,0.018,128,4369,230,bernoulli,8.0000,0.001000
sift1m,10000,128,3,10,0.050000,adaptive,32,256,10,1.000000,9.687,0.230,9.063,0.100,0.022,256,8649,433,bernoulli,8.0000,0.001000
sift1m,10000,128,3,10,0.050000,adaptive,64,512,10,1.000000,17.962,0.455,16.761,0.187,0.035,512,16592,792,bernoulli,8.0000,0.001000
sift1m,10000,128,3,10,0.100000,adaptive,8,64,10,1.000000,2.561,0.135,2.293,0.036,0.008,64,2190,205,bernoulli,8.0000,0.001000
sift1m,10000,128,3,10,0.100000,adaptive,16,128,10,1.000000,4.553,0.133,4.199,0.071,0.012,128,4369,444,bernoulli,8.0000,0.001000
sift1m,10000,128,3,10,0.100000,adaptive,32,256,10,1.000000,9.380,0.184,8.754,0.135,0.023,256,8649,850,bernoulli,8.0000,0.001000
sift1m,10000,128,3,10,0.100000,adaptive,64,512,10,1.000000,18.387,0.355,17.166,0.257,0.042,512,16592,1661,bernoulli,8.0000,0.001000
sift1m,10000,128,3,10,0.500000,adaptive,8,16,10,1.000000,0.806,0.101,0.647,0.017,0.005,16,582,289,bernoulli,8.0000,0.001000
sift1m,10000,128,3,10,0.500000,adaptive,16,32,10,1.000000,1.221,0.073,1.065,0.028,0.005,32,1121,555,bernoulli,8.0000,0.001000
sift1m,10000,128,3,10,0.500000,adaptive,32,64,10,1.000000,2.293,0.068,2.067,0.053,0.008,64,2190,1099,bernoulli,8.0000,0.001000
sift1m,10000,128,3,10,0.500000,adaptive,64,128,10,1.000000,4.837,0.092,4.411,0.111,0.013,128,4369,2197,bernoulli,8.0000,0.001000
sift1m,10000,128,3,10,1.000000,adaptive,8,8,10,1.000000,0.380,0.049,0.307,0.011,0.002,8,292,292,bernoulli,8.0000,0.001000
sift1m,10000,128,3,10,1.000000,adaptive,16,16,10,1.000000,0.671,0.038,0.579,0.021,0.003,16,582,582,bernoulli,8.0000,0.001000
sift1m,10000,128,3,10,1.000000,adaptive,32,32,10,1.000000,1.249,0.042,1.122,0.041,0.005,32,1121,1121,bernoulli,8.0000,0.001000
sift1m,10000,128,3,10,1.000000,adaptive,64,64,10,1.000000,2.332,0.057,2.117,0.079,0.008,64,2190,2190,bernoulli,8.0000,0.001000
sift1m,10000,128,4,10,0.001000,adaptive,8,64,2,0.200000,2.576,0.103,2.376,0.032,0.004,64,2131,3,bernoulli,8.0000,0.001000
sift1m,10000,128,4,10,0.001000,adaptive,16,128,3,0.300000,4.441,0.174,4.126,0.024,0.004,128,4230,6,bernoulli,8.0000,0.001000
sift1m,10000,128,4,10,0.001000,adaptive,32,256,3,0.300000,9.142,0.186,8.619,0.098,0.008,256,8267,8,bernoulli,8.0000,0.001000
sift1m,10000,128,4,10,0.001000,adaptive,64,512,7,0.700000,17.328,0.514,16.241,0.102,0.012,512,16297,19,bernoulli,8.0000,0.001000
sift1m,10000,128,4,10,0.010000,adaptive,8,64,10,0.700000,2.694,0.122,2.470,0.025,0.004,64,2131,18,bernoulli,8.0000,0.001000
sift1m,10000,128,4,10,0.010000,adaptive,16,128,10,1.000000,4.347,0.122,4.069,0.031,0.006,128,4230,35,bernoulli,8.0000,0.001000
sift1m,10000,128,4,10,0.010000,adaptive,32,256,10,1.000000,8.953,0.180,8.406,0.106,0.015,256,8267,63,bernoulli,8.0000,0.001000
sift1m,10000,128,4,10,0.010000,adaptive,64,512,10,1.000000,16.742,0.359,15.702,0.152,0.027,512,16297,124,bernoulli,8.0000,0.001000
sift1m,10000,128,4,10,0.050000,adaptive,8,64,10,1.000000,2.509,0.138,2.270,0.024,0.008,64,2131,122,bernoulli,8.0000,0.001000
sift1m,10000,128,4,10,0.050000,adaptive,16,128,10,1.000000,4.548,0.128,4.232,0.046,0.014,128,4230,232,bernoulli,8.0000,0.001000
sift1m,10000,128,4,10,0.050000,adaptive,32,256,10,1.000000,8.818,0.197,8.258,0.089,0.018,256,8267,439,bernoulli,8.0000,0.001000
sift1m,10000,128,4,10,0.050000,adaptive,64,512,10,1.000000,17.161,0.360,16.046,0.205,0.034,512,16297,816,bernoulli,8.0000,0.001000
sift1m,10000,128,4,10,0.100000,adaptive,8,64,10,1.000000,2.287,0.088,2.096,0.030,0.007,64,2131,201,bernoulli,8.0000,0.001000
sift1m,10000,128,4,10,0.100000,adaptive,16,128,10,1.000000,4.534,0.101,4.212,0.062,0.017,128,4230,437,bernoulli,8.0000,0.001000
sift1m,10000,128,4,10,0.100000,adaptive,32,256,10,1.000000,9.052,0.246,8.398,0.125,0.026,256,8267,849,bernoulli,8.0000,0.001000
sift1m,10000,128,4,10,0.100000,adaptive,64,512,10,1.000000,17.350,0.364,16.198,0.235,0.037,512,16297,1606,bernoulli,8.0000,0.001000
sift1m,10000,128,4,10,0.500000,adaptive,8,16,10,1.000000,0.768,0.104,0.618,0.016,0.003,16,584,301,bernoulli,8.0000,0.001000
sift1m,10000,128,4,10,0.500000,adaptive,16,32,10,1.000000,1.297,0.063,1.148,0.029,0.005,32,1176,600,bernoulli,8.0000,0.001000
sift1m,10000,128,4,10,0.500000,adaptive,32,64,10,1.000000,2.385,0.071,2.157,0.053,0.008,64,2131,1050,bernoulli,8.0000,0.001000
sift1m,10000,128,4,10,0.500000,adaptive,64,128,10,1.000000,4.500,0.098,4.097,0.104,0.011,128,4230,2062,bernoulli,8.0000,0.001000
sift1m,10000,128,4,10,1.000000,adaptive,8,8,10,1.000000,0.385,0.042,0.320,0.011,0.002,8,307,307,bernoulli,8.0000,0.001000
sift1m,10000,128,4,10,1.000000,adaptive,16,16,10,1.000000,0.660,0.038,0.582,0.019,0.002,16,584,584,bernoulli,8.0000,0.001000
sift1m,10000,128,4,10,1.000000,adaptive,32,32,10,1.000000,1.382,0.040,1.251,0.042,0.005,32,1176,1176,bernoulli,8.0000,0.001000
sift1m,10000,128,4,10,1.000000,adaptive,64,64,10,1.000000,2.342,0.075,2.110,0.076,0.006,64,2131,2131,bernoulli,8.0000,0.001000
sift1m,10000,128,5,10,0.001000,adaptive,8,64,2,0.285714,2.648,0.114,2.456,0.011,0.002,64,2344,5,bernoulli,8.0000,0.001000
sift1m,10000,128,5,10,0.001000,adaptive,16,128,3,0.428571,4.692,0.121,4.415,0.024,0.005,128,4319,6,bernoulli,8.0000,0.001000
sift1m,10000,128,5,10,0.001000,adaptive,32,256,3,0.428571,9.387,0.227,8.865,0.052,0.009,256,8557,10,bernoulli,8.0000,0.001000
sift1m,10000,128,5,10,0.001000,adaptive,64,512,3,0.428571,17.701,0.476,16.525,0.236,0.012,512,16716,13,bernoulli,8.0000,0.001000
sift1m,10000,128,5,10,0.010000,adaptive,8,64,10,0.800000,2.781,0.129,2.530,0.017,0.005,64,2344,36,bernoulli,8.0000,0.001000
sift1m,10000,128,5,10,0.010000,adaptive,16,128,10,0.800000,4.729,0.107,4.383,0.043,0.009,128,4319,60,bernoulli,8.0000,0.001000
sift1m,10000,128,5,10,0.010000,adaptive,32,256,10,0.900000,9.037,0.187,8.408,0.069,0.013,256,8557,123,bernoulli,8.0000,0.001000
sift1m,10000,128,5,10,0.010000,adaptive,64,512,10,1.000000,18.029,0.385,16.751,0.149,0.026,512,16716,190,bernoulli,8.0000,0.001000
sift1m,10000,128,5,10,0.050000,adaptive,8,64,10,1.000000,2.820,0.128,2.581,0.026,0.010,64,2344,132,bernoulli,8.0000,0.001000
sift1m,10000,128,5,10,0.050000,adaptive,16,128,10,1.000000,4.821,0.130,4.500,0.047,0.011,128,4319,225,bernoulli,8.0000,0.001000
sift1m,10000,128,5,10,0.050000,adaptive,32,256,10,1.000000,9.354,0.223,8.748,0.092,0.021,256,8557,424,bernoulli,8.0000,0.001000
sift1m,10000,128,5,10,0.050000,adaptive,64,512,10,1.000000,18.898,0.395,17.739,0.193,0.037,512,16716,849,bernoulli,8.0000,0.001000
sift1m,10000,128,5,10,0.100000,adaptive,8,64,10,1.000000,2.828,0.138,2.568,0.034,0.008,64,2344,209,bernoulli,8.0000,0.001000
sift1m,10000,128,5,10,0.100000,adaptive,16,128,10,1.000000,4.878,0.167,4.493,0.061,0.013,128,4319,407,bernoulli,8.0000,0.001000
sift1m,10000,128,5,10,0.100000,adaptive,32,256,10,1.000000,9.620,0.206,8.971,0.127,0.025,256,8557,829,bernoulli,8.0000,0.001000
sift1m,10000,128,5,10,0.100000,adaptive,64,512,10,1.000000,18.339,0.465,17.031,0.243,0.045,512,16716,1599,bernoulli,8.0000,0.001000
sift1m,10000,128,5,10,0.500000,adaptive,8,16,10,1.000000,0.831,0.117,0.667,0.015,0.003,16,596,270,bernoulli,8.0000,0.001000
sift1m,10000,128,5,10,0.500000,adaptive,16,32,10,1.000000,1.346,0.066,1.197,0.027,0.005,32,1130,533,bernoulli,8.0000,0.001000
sift1m,10000,128,5,10,0.500000,adaptive,32,64,10,1.000000,2.806,0.126,2.473,0.062,0.016,64,2344,1128,bernoulli,8.0000,0.001000
sift1m,10000,128,5,10,0.500000,adaptive,64,128,10,1.000000,4.785,0.154,4.309,0.108,0.011,128,4319,2094,bernoulli,8.0000,0.001000
sift1m,10000,128,5,10,1.000000,adaptive,8,8,10,0.700000,0.386,0.070,0.293,0.010,0.002,8,281,281,bernoulli,8.0000,0.001000
sift1m,10000,128,5,10,1.000000,adaptive,16,16,10,0.900000,0.732,0.046,0.639,0.020,0.002,16,596,596,bernoulli,8.0000,0.001000
sift1m,10000,128,5,10,1.000000,adaptive,32,32,10,1.000000,1.306,0.052,1.171,0.038,0.004,32,1130,1130,bernoulli,8.0000,0.001000
sift1m,10000,128,5,10,1.000000,adaptive,64,64,10,1.000000,2.571,0.070,2.338,0.080,0.006,64,2344,2344,bernoulli,8.0000,0.001000
sift1m,10000,128,6,10,0.001000,adaptive,8,64,0,0.000000,2.419,0.085,2.234,0.012,0.004,64,2186,0,bernoulli,8.0000,0.001000
sift1m,10000,128,6,10,0.001000,adaptive,16,128,2,0.200000,5.084,0.165,4.671,0.065,0.008,128,4353,2,bernoulli,8.0000,0.001000
sift1m,10000,128,6,10,0.001000,adaptive,32,256,2,0.200000,9.705,0.245,9.055,0.050,0.007,256,8651,3,bernoulli,8.0000,0.001000
sift1m,10000,128,6,10,0.001000,adaptive,64,512,6,0.600000,17.786,0.502,16.486,0.131,0.010,512,16650,11,bernoulli,8.0000,0.001000
sift1m,10000,128,6,10,0.010000,adaptive,8,64,10,0.800000,2.278,0.098,2.073,0.016,0.004,64,2186,22,bernoulli,8.0000,0.001000
sift1m,10000,128,6,10,0.010000,adaptive,16,128,10,0.900000,4.452,0.100,4.167,0.031,0.006,128,4353,47,bernoulli,8.0000,0.001000
sift1m,10000,128,6,10,0.010000,adaptive,32,256,10,1.000000,9.066,0.279,8.408,0.064,0.012,256,8651,95,bernoulli,8.0000,0.001000
sift1m,10000,128,6,10,0.010000,adaptive,64,512,10,1.000000,18.078,0.364,16.951,0.145,0.021,512,16650,189,bernoulli,8.0000,0.001000
sift1m,10000,128,6,10,0.050000,adaptive,8,64,10,1.000000,2.333,0.110,2.122,0.027,0.008,64,2186,139,bernoulli,8.0000,0.001000
sift1m,10000,128,6,10,0.050000,adaptive,16,128,10,1.000000,5.223,0.094,4.909,0.059,0.017,128,4353,259,bernoulli,8.0000,0.001000
sift1m,10000,128,6,10,0.050000,adaptive,32,256,10,1.000000,9.799,0.238,9.137,0.105,0.033,256,8651,496,bernoulli,8.0000,0.001000
sift1m,10000,128,6,10,0.050000,adaptive,64,512,10,1.000000,18.217,0.475,16.938,0.219,0.043,512,16650,974,bernoulli,8.0000,0.001000
sift1m,10000,128,6,10,0.100000,adaptive,8,64,10,1.000000,2.476,0.132,2.227,0.031,0.007,64,2186,201,bernoulli,8.0000,0.001000
sift1m,10000,128,6,10,0.100000,adaptive,16,128,10,1.000000,4.726,0.131,4.382,0.060,0.013,128,4353,404,bernoulli,8.0000,0.001000
sift1m,10000,128,6,10,0.100000,adaptive,32,256,10,1.000000,9.952,0.211,9.301,0.122,0.021,256,8651,782,bernoulli,8.0000,0.001000
sift1m,10000,128,6,10,0.100000,adaptive,64,512,10,1.000000,18.105,0.363,16.908,0.234,0.034,512,16650,1562,bernoulli,8.0000,0.001000
sift1m,10000,128,6,10,0.500000,adaptive,8,16,10,1.000000,0.620,0.088,0.491,0.013,0.003,16,503,233,bernoulli,8.0000,0.001000
sift1m,10000,128,6,10,0.500000,adaptive,16,32,10,1.000000,1.177,0.055,1.044,0.025,0.004,32,1065,496,bernoulli,8.0000,0.001000
sift1m,10000,128,6,10,0.500000,adaptive,32,64,10,1.000000,2.759,0.065,2.503,0.057,0.013,64,2186,1042,bernoulli,8.0000,0.001000
sift1m,10000,128,6,10,0.500000,adaptive,64,128,10,1.000000,5.227,0.165,4.645,0.116,0.012,128,4353,2109,bernoulli,8.0000,0.001000
sift1m,10000,128,6,10,1.000000,adaptive,8,8,10,1.000000,0.363,0.065,0.277,0.010,0.002,8,260,260,bernoulli,8.0000,0.001000
sift1m,10000,128,6,10,1.000000,adaptive,16,16,10,1.000000,0.578,0.049,0.489,0.019,0.002,16,503,503,bernoulli,8.0000,0.001000
sift1m,10000,128,6,10,1.000000,adaptive,32,32,10,1.000000,1.257,0.048,1.109,0.041,0.010,32,1065,1065,bernoulli,8.0000,0.001000
sift1m,10000,128,6,10,1.000000,adaptive,64,64,10,1.000000,2.665,0.138,2.340,0.083,0.009,64,2186,2186,bernoulli,8.0000,0.001000
sift1m,10000,128,7,10,0.001000,adaptive,8,64,3,0.300000,2.336,0.102,2.126,0.012,0.003,64,2086,11,bernoulli,8.0000,0.001000
sift1m,10000,128,7,10,0.001000,adaptive,16,128,3,0.300000,4.453,0.115,4.144,0.022,0.007,128,4274,13,bernoulli,8.0000,0.001000
sift1m,10000,128,7,10,0.001000,adaptive,32,256,5,0.500000,9.185,0.189,8.608,0.053,0.008,256,8432,16,bernoulli,8.0000,0.001000
sift1m,10000,128,7,10,0.001000,adaptive,64,512,8,0.800000,17.483,0.394,16.246,0.168,0.011,512,16560,23,bernoulli,8.0000,0.001000
sift1m,10000,128,7,10,0.010000,adaptive,8,64,9,0.700000,2.168,0.083,1.985,0.015,0.003,64,2086,18,bernoulli,8.0000,0.001000
sift1m,10000,128,7,10,0.010000,adaptive,16,128,10,0.900000,4.755,0.098,4.427,0.052,0.009,128,4274,37,bernoulli,8.0000,0.001000
sift1m,10000,128,7,10,0.010000,adaptive,32,256,10,1.000000,9.211,0.233,8.517,0.120,0.010,256,8432,79,bernoulli,8.0000,0.001000
sift1m,10000,128,7,10,0.010000,adaptive,64,512,10,1.000000,17.715,0.377,16.415,0.235,0.021,512,16560,176,bernoulli,8.0000,0.001000
sift1m,10000,128,7,10,0.050000,adaptive,8,64,10,1.000000,2.445,0.121,2.219,0.024,0.009,64,2086,104,bernoulli,8.0000,0.001000
sift1m,10000,128,7,10,0.050000,adaptive,16,128,10,1.000000,4.627,0.140,4.297,0.045,0.011,128,4274,213,bernoulli,8.0000,0.001000
sift1m,10000,128,7,10,0.050000,adaptive,32,256,10,1.000000,9.251,0.199,8.667,0.092,0.020,256,8432,432,bernoulli,8.0000,0.001000
sift1m,10000,128,7,10,0.050000,adaptive,64,512,10,1.000000,17.869,0.390,16.733,0.175,0.036,512,16560,791,bernoulli,8.0000,0.001000
sift1m,10000,128,7,10,0.100000,adaptive,8,64,10,1.000000,2.485,0.141,2.231,0.030,0.008,64,2086,169,bernoulli,8.0000,0.001000
sift1m,10000,128,7,10,0.100000,adaptive,16,128,10,1.000000,4.442,0.147,4.096,0.056,0.010,128,4274,357,bernoulli,8.0000,0.001000
sift1m,10000,128,7,10,0.100000,adaptive,32,256,10,1.000000,9.302,0.180,8.677,0.121,0.033,256,8432,739,bernoulli,8.0000,0.001000
sift1m,10000,128,7,10,0.100000,adaptive,64,512,10,1.000000,17.754,0.427,16.521,0.235,0.041,512,16560,1545,bernoulli,8.0000,0.001000
sift1m,10000,128,7,10,0.500000,adaptive,8,16,10,1.000000,0.719,0.100,0.573,0.016,0.004,16,555,289,bernoulli,8.0000,0.001000
sift1m,10000,128,7,10,0.500000,adaptive,16,32,10,1.000000,1.243,0.055,1.100,0.028,0.008,32,1089,548,bernoulli,8.0000,0.001000
sift1m,10000,128,7,10,0.500000,adaptive,32,64,10,1.000000,2.278,0.071,2.042,0.055,0.007,64,2086,1058,bernoulli,8.0000,0.001000
sift1m,10000,128,7,10,0.500000,adaptive,64,128,10,1.000000,4.736,0.108,4.292,0.117,0.013,128,4274,2138,bernoulli,8.0000,0.001000
sift1m,10000,128,7,10,1.000000,adaptive,8,8,10,1.000000,0.380,0.060,0.297,0.011,0.002,8,284,284,bernoulli,8.0000,0.001000
sift1m,10000,128,7,10,1.000000,adaptive,16,16,10,1.000000,0.632,0.041,0.550,0.020,0.003,16,555,555,bernoulli,8.0000,0.001000
sift1m,10000,128,7,10,1.000000,adaptive,32,32,10,1.000000,1.198,0.046,1.070,0.039,0.006,32,1089,1089,bernoulli,8.0000,0.001000
sift1m,10000,128,7,10,1.000000,adaptive,64,64,10,1.000000,2.161,0.054,1.952,0.075,0.006,64,2086,2086,bernoulli,8.0000,0.001000
sift1m,10000,128,8,10,0.001000,adaptive,8,64,1,0.100000,2.328,0.106,2.114,0.011,0.001,64,2158,1,bernoulli,8.0000,0.001000
sift1m,10000,128,8,10,0.001000,adaptive,16,128,2,0.200000,4.514,0.106,4.221,0.023,0.003,128,4348,4,bernoulli,8.0000,0.001000
sift1m,10000,128,8,10,0.001000,adaptive,32,256,4,0.400000,9.272,0.188,8.692,0.057,0.010,256,8640,9,bernoulli,8.0000,0.001000
sift1m,10000,128,8,10,0.001000,adaptive,64,512,7,0.700000,18.040,0.432,16.815,0.124,0.015,512,16279,16,bernoulli,8.0000,0.001000
sift1m,10000,128,8,10,0.010000,adaptive,8,64,10,1.000000,2.435,0.133,2.215,0.017,0.005,64,2158,31,bernoulli,8.0000,0.001000
sift1m,10000,128,8,10,0.010000,adaptive,16,128,10,1.000000,4.746,0.117,4.452,0.039,0.008,128,4348,57,bernoulli,8.0000,0.001000
sift1m,10000,128,8,10,0.010000,adaptive,32,256,10,1.000000,9.257,0.183,8.752,0.066,0.013,256,8640,112,bernoulli,8.0000,0.001000
sift1m,10000,128,8,10,0.010000,adaptive,64,512,10,1.000000,16.950,0.350,15.992,0.121,0.022,512,16279,184,bernoulli,8.0000,0.001000
sift1m,10000,128,8,10,0.050000,adaptive,8,64,10,1.000000,2.368,0.125,2.150,0.023,0.007,64,2158,106,bernoulli,8.0000,0.001000
sift1m,10000,128,8,10,0.050000,adaptive,16,128,10,1.000000,4.784,0.111,4.479,0.047,0.013,128,4348,215,bernoulli,8.0000,0.001000
sift1m,10000,128,8,10,0.050000,adaptive,32,256,10,1.000000,9.607,0.224,8.971,0.093,0.030,256,8640,430,bernoulli,8.0000,0.001000
sift1m,10000,128,8,10,0.050000,adaptive,64,512,10,1.000000,17.331,0.494,16.124,0.181,0.044,512,16279,810,bernoulli,8.0000,0.001000
sift1m,10000,128,8,10,0.100000,adaptive,8,64,10,1.000000,2.523,0.134,2.278,0.033,0.007,64,2158,244,bernoulli,8.0000,0.001000
sift1m,10000,128,8,10,0.100000,adaptive,16,128,10,1.000000,4.887,0.112,4.548,0.066,0.014,128,4348,476,bernoulli,8.0000,0.001000
sift1m,10000,128,8,10,0.100000,adaptive,32,256,10,1.000000,9.358,0.216,8.713,0.127,0.021,256,8640,915,bernoulli,8.0000,0.001000
sift1m,10000,128,8,10,0.100000,adaptive,64,512,10,1.000000,17.242,0.506,15.877,0.246,0.043,512,16279,1725,bernoulli,8.0000,0.001000
sift1m,10000,128,8,10,0.500000,adaptive,8,16,10,0.800000,0.730,0.080,0.604,0.015,0.003,16,587,290,bernoulli,8.0000,0.001000
sift1m,10000,128,8,10,0.500000,adaptive,16,32,10,0.900000,1.172,0.057,1.037,0.026,0.004,32,1072,521,bernoulli,8.0000,0.001000
sift1m,10000,128,8,10,0.500000,adaptive,32,64,10,1.000000,2.527,0.063,2.279,0.058,0.009,64,2158,1073,bernoulli,8.0000,0.001000
sift1m,10000,128,8,10,0.500000,adaptive,64,128,10,1.000000,4.801,0.149,4.324,0.109,0.012,128,4348,2119,bernoulli,8.0000,0.001000
sift1m,10000,128,8,10,1.000000,adaptive,8,8,10,0.600000,0.414,0.074,0.316,0.012,0.002,8,301,301,bernoulli,8.0000,0.001000
sift1m,10000,128,8,10,1.000000,adaptive,16,16,10,0.700000,0.688,0.051,0.592,0.021,0.003,16,587,587,bernoulli,8.0000,0.001000
sift1m,10000,128,8,10,1.000000,adaptive,32,32,10,0.900000,1.283,0.062,1.129,0.042,0.005,32,1072,1072,bernoulli,8.0000,0.001000
sift1m,10000,128,8,10,1.000000,adaptive,64,64,10,1.000000,2.663,0.143,2.333,0.083,0.007,64,2158,2158,bernoulli,8.0000,0.001000
sift1m,10000,128,9,10,0.001000,adaptive,8,64,1,0.111111,2.926,0.096,2.743,0.014,0.004,64,2176,1,bernoulli,8.0000,0.001000
sift1m,10000,128,9,10,0.001000,adaptive,16,128,1,0.111111,5.339,0.180,4.997,0.026,0.006,128,4244,3,bernoulli,8.0000,0.001000
sift1m,10000,128,9,10,0.001000,adaptive,32,256,2,0.222222,9.119,0.242,8.588,0.048,0.007,256,8409,6,bernoulli,8.0000,0.001000
sift1m,10000,128,9,10,0.001000,adaptive,64,512,4,0.444444,17.764,0.428,16.754,0.100,0.013,512,16299,12,bernoulli,8.0000,0.001000
sift1m,10000,128,9,10,0.010000,adaptive,8,64,10,0.800000,2.389,0.138,2.165,0.016,0.003,64,2176,15,bernoulli,8.0000,0.001000
sift1m,10000,128,9,10,0.010000,adaptive,16,128,10,1.000000,5.073,0.107,4.785,0.033,0.006,128,4244,26,bernoulli,8.0000,0.001000
sift1m,10000,128,9,10,0.010000,adaptive,32,256,10,1.000000,9.095,0.205,8.553,0.063,0.011,256,8409,65,bernoulli,8.0000,0.001000
sift1m,10000,128,9,10,0.010000,adaptive,64,512,10,1.000000,18.451,0.366,17.400,0.129,0.022,512,16299,121,bernoulli,8.0000,0.001000
sift1m,10000,128,9,10,0.050000,adaptive,8,64,10,1.000000,2.715,0.143,2.454,0.029,0.010,64,2176,122,bernoulli,8.0000,0.001000
sift1m,10000,128,9,10,0.050000,adaptive,16,128,10,1.000000,4.939,0.153,4.576,0.053,0.015,128,4244,243,bernoulli,8.0000,0.001000
sift1m,10000,128,9,10,0.050000,adaptive,32,256,10,1.000000,9.558,0.237,8.909,0.105,0.021,256,8409,468,bernoulli,8.0000,0.001000
sift1m,10000,128,9,10,0.050000,adaptive,64,512,10,1.000000,18.091,0.392,16.918,0.204,0.035,512,16299,896,bernoulli,8.0000,0.001000
sift1m,10000,128,9,10,0.100000,adaptive,8,64,10,1.000000,2.441,0.118,2.213,0.031,0.008,64,2176,209,bernoulli,8.0000,0.001000
sift1m,10000,128,9,10,0.100000,adaptive,16,128,10,1.000000,4.968,0.123,4.607,0.065,0.015,128,4244,445,bernoulli,8.0000,0.001000
sift1m,10000,128,9,10,0.100000,adaptive,32,256,10,1.000000,9.123,0.210,8.469,0.128,0.024,256,8409,895,bernoulli,8.0000,0.001000
sift1m,10000,128,9,10,0.100000,adaptive,64,512,10,1.000000,17.597,0.402,16.361,0.246,0.040,512,16299,1685,bernoulli,8.0000,0.001000
sift1m,10000,128,9,10,0.500000,adaptive,8,16,10,1.000000,0.830,0.122,0.661,0.015,0.003,16,597,265,bernoulli,8.0000,0.001000
sift1m,10000,128,9,10,0.500000,adaptive,16,32,10,1.000000,1.566,0.065,1.371,0.031,0.005,32,1139,525,bernoulli,8.0000,0.001000
sift1m,10000,128,9,10,0.500000,adaptive,32,64,10,1.000000,2.418,0.098,2.159,0.055,0.006,64,2176,1017,bernoulli,8.0000,0.001000
sift1m,10000,128,9,10,0.500000,adaptive,64,128,10,1.000000,4.696,0.117,4.263,0.107,0.012,128,4244,2046,bernoulli,8.0000,0.001000
sift1m,10000,128,9,10,1.000000,adaptive,8,8,10,1.000000,0.411,0.070,0.316,0.012,0.002,8,282,282,bernoulli,8.0000,0.001000
sift1m,10000,128,9,10,1.000000,adaptive,16,16,10,1.000000,0.721,0.050,0.625,0.022,0.003,16,597,597,bernoulli,8.0000,0.001000
sift1m,10000,128,9,10,1.000000,adaptive,32,32,10,1.000000,1.401,0.127,1.169,0.043,0.006,32,1139,1139,bernoulli,8.0000,0.001000
sift1m,10000,128,9,10,1.000000,adaptive,64,64,10,1.000000,2.535,0.093,2.271,0.080,0.008,64,2176,2176,bernoulli,8.0000,0.001000
sift1m,10000,128,10,10,0.001000,adaptive,8,64,4,0.400000,2.627,0.150,2.391,0.018,0.003,64,2222,4,bernoulli,8.0000,0.001000
sift1m,10000,128,10,10,0.001000,adaptive,16,128,4,0.400000,5.077,0.135,4.785,0.025,0.004,128,4405,5,bernoulli,8.0000,0.001000
sift1m,10000,128,10,10,0.001000,adaptive,32,256,6,0.600000,9.156,0.198,8.653,0.048,0.010,256,8580,11,bernoulli,8.0000,0.001000
sift1m,10000,128,10,10,0.001000,adaptive,64,512,9,0.900000,17.509,0.440,16.461,0.098,0.012,512,16521,24,bernoulli,8.0000,0.001000
sift1m,10000,128,10,10,0.010000,adaptive,8,64,10,0.700000,2.688,0.099,2.476,0.021,0.005,64,2222,22,bernoulli,8.0000,0.001000
sift1m,10000,128,10,10,0.010000,adaptive,16,128,10,0.800000,4.708,0.134,4.378,0.032,0.007,128,4405,45,bernoulli,8.0000,0.001000
sift1m,10000,128,10,10,0.010000,adaptive,32,256,10,1.000000,9.473,0.184,8.883,0.070,0.012,256,8580,89,bernoulli,8.0000,0.001000
sift1m,10000,128,10,10,0.010000,adaptive,64,512,10,1.000000,17.777,0.348,16.631,0.167,0.020,512,16521,171,bernoulli,8.0000,0.001000
sift1m,10000,128,10,10,0.050000,adaptive,8,64,10,1.000000,2.372,0.098,2.178,0.024,0.006,64,2222,119,bernoulli,8.0000,0.001000
sift1m,10000,128,10,10,0.050000,adaptive,16,128,10,1.000000,4.919,0.102,4.613,0.048,0.018,128,4405,215,bernoulli,8.0000,0.001000
sift1m,10000,128,10,10,0.050000,adaptive,32,256,10,1.000000,9.376,0.297,8.703,0.090,0.020,256,8580,395,bernoulli,8.0000,0.001000
sift1m,10000,128,10,10,0.050000,adaptive,64,512,10,1.000000,18.281,0.460,17.043,0.219,0.032,512,16521,746,bernoulli,8.0000,0.001000
sift1m,10000,128,10,10,0.100000,adaptive,8,64,10,1.000000,2.419,0.103,2.208,0.032,0.006,64,2222,225,bernoulli,8.0000,0.001000
sift1m,10000,128,10,10,0.100000,adaptive,16,128,10,1.000000,4.885,0.101,4.554,0.068,0.015,128,4405,471,bernoulli,8.0000,0.001000
sift1m,10000,128,10,10,0.100000,adaptive,32,256,10,1.000000,9.291,0.215,8.636,0.127,0.027,256,8580,880,bernoulli,8.0000,0.001000
sift1m,10000,128,10,10,0.100000,adaptive,64,512,10,1.000000,17.892,0.402,16.669,0.241,0.041,512,16521,1662,bernoulli,8.0000,0.001000
sift1m,10000,128,10,10,0.500000,adaptive,8,16,10,0.900000,0.790,0.104,0.638,0.016,0.003,16,575,301,bernoulli,8.0000,0.001000
sift1m,10000,128,10,10,0.500000,adaptive,16,32,10,1.000000,1.381,0.070,1.222,0.029,0.006,32,1123,565,bernoulli,8.0000,0.001000
sift1m,10000,128,10,10,0.500000,adaptive,32,64,10,1.000000,2.509,0.106,2.233,0.058,0.009,64,2222,1102,bernoulli,8.0000,0.001000
sift1m,10000,128,10,10,0.500000,adaptive,64,128,10,1.000000,4.992,0.116,4.530,0.114,0.014,128,4405,2184,bernoulli,8.0000,0.001000
sift1m,10000,128,10,10,1.000000,adaptive,8,8,10,0.900000,0.398,0.078,0.298,0.010,0.002,8,267,267,bernoulli,8.0000,0.001000
sift1m,10000,128,10,10,1.000000,adaptive,16,16,10,1.000000,0.685,0.046,0.598,0.020,0.002,16,575,575,bernoulli,8.0000,0.001000
sift1m,10000,128,10,10,1.000000,adaptive,32,32,10,1.000000,1.412,0.047,1.254,0.041,0.006,32,1123,1123,bernoulli,8.0000,0.001000
sift1m,10000,128,10,10,1.000000,adaptive,64,64,10,1.000000,2.482,0.108,2.207,0.080,0.008,64,2222,2222,bernoulli,8.0000,0.001000
sift1m,10000,128,11,10,0.001000,adaptive,8,64,2,0.285714,2.407,0.121,2.215,0.011,0.002,64,2208,2,bernoulli,8.0000,0.001000
sift1m,10000,128,11,10,0.001000,adaptive,16,128,2,0.285714,4.560,0.112,4.304,0.021,0.006,128,4355,5,bernoulli,8.0000,0.001000
sift1m,10000,128,11,10,0.001000,adaptive,32,256,4,0.571429,9.223,0.201,8.738,0.043,0.006,256,8706,10,bernoulli,8.0000,0.001000
sift1m,10000,128,11,10,0.001000,adaptive,64,512,4,0.571429,17.378,0.366,16.449,0.111,0.011,512,16279,12,bernoulli,8.0000,0.001000
sift1m,10000,128,11,10,0.010000,adaptive,8,64,10,0.700000,2.598,0.134,2.342,0.016,0.005,64,2208,17,bernoulli,8.0000,0.001000
sift1m,10000,128,11,10,0.010000,adaptive,16,128,10,0.900000,4.693,0.124,4.341,0.031,0.007,128,4355,41,bernoulli,8.0000,0.001000
sift1m,10000,128,11,10,0.010000,adaptive,32,256,10,1.000000,9.033,0.192,8.392,0.075,0.011,256,8706,86,bernoulli,8.0000,0.001000
sift1m,10000,128,11,10,0.010000,adaptive,64,512,10,1.000000,17.907,0.387,16.537,0.246,0.020,512,16279,176,bernoulli,8.0000,0.001000
sift1m,10000,128,11,10,0.050000,adaptive,8,64,10,1.000000,2.325,0.094,2.133,0.025,0.007,64,2208,121,bernoulli,8.0000,0.001000
sift1m,10000,128,11,10,0.050000,adaptive,16,128,10,1.000000,4.722,0.102,4.410,0.050,0.021,128,4355,231,bernoulli,8.0000,0.001000
sift1m,10000,128,11,10,0.050000,adaptive,32,256,10,1.000000,9.715,0.267,9.049,0.101,0.027,256,8706,438,bernoulli,8.0000,0.001000
sift1m,10000,128,11,10,0.050000,adaptive,64,512,10,1.000000,17.339,0.330,16.227,0.222,0.043,512,16279,855,bernoulli,8.0000,0.001000
sift1m,10000,128,11,10,0.100000,adaptive,8,64,10,1.000000,2.537,0.141,2.284,0.032,0.008,64,2208,211,bernoulli,8.0000,0.001000
sift1m,10000,128,11,10,0.100000,adaptive,16,128,10,1.000000,4.640,0.126,4.305,0.059,0.012,128,4355,389,bernoulli,8.0000,0.001000
sift1m,10000,128,11,10,0.100000,adaptive,32,256,10,1.000000,9.173,0.196,8.558,0.121,0.027,256,8706,756,bernoulli,8.0000,0.001000
sift1m,10000,128,11,10,0.100000,adaptive,64,512,10,1.000000,17.438,0.374,16.268,0.233,0.037,512,16279,1466,bernoulli,8.0000,0.001000
sift1m,10000,128,11,10,0.500000,adaptive,8,16,10,1.000000,0.703,0.077,0.581,0.015,0.003,16,547,282,bernoulli,8.0000,0.001000
sift1m,10000,128,11,10,0.500000,adaptive,16,32,10,1.000000,1.159,0.056,1.024,0.028,0.005,32,1076,561,bernoulli,8.0000,0.001000
sift1m,10000,128,11,10,0.500000,adaptive,32,64,10,1.000000,2.370,0.063,2.147,0.055,0.007,64,2208,1116,bernoulli,8.0000,0.001000
sift1m,10000,128,11,10,0.500000,adaptive,64,128,10,1.000000,4.741,0.091,4.317,0.109,0.016,128,4355,2176,bernoulli,8.0000,0.001000
sift1m,10000,128,11,10,1.000000,adaptive,8,8,10,1.000000,0.476,0.105,0.345,0.012,0.002,8,299,299,bernoulli,8.0000,0.001000
sift1m,10000,128,11,10,1.000000,adaptive,16,16,10,1.000000,0.663,0.072,0.541,0.022,0.003,16,547,547,bernoulli,8.0000,0.001000
sift1m,10000,128,11,10,1.000000,adaptive,32,32,10,1.000000,1.137,0.048,1.007,0.040,0.005,32,1076,1076,bernoulli,8.0000,0.001000
sift1m,10000,128,11,10,1.000000,adaptive,64,64,10,1.000000,2.307,0.057,2.094,0.078,0.007,64,2208,2208,bernoulli,8.0000,0.001000
sift1m,10000,128,12,10,0.001000,adaptive,8,64,2,0.200000,2.353,0.099,2.181,0.012,0.002,64,2260,6,bernoulli,8.0000,0.001000
sift1m,10000,128,12,10,0.001000,adaptive,16,128,3,0.300000,4.665,0.104,4.412,0.025,0.005,128,4333,11,bernoulli,8.0000,0.001000
sift1m,10000,128,12,10,0.001000,adaptive,32,256,5,0.500000,9.073,0.183,8.598,0.048,0.009,256,8597,18,bernoulli,8.0000,0.001000
sift1m,10000,128,12,10,0.001000,adaptive,64,512,6,0.600000,18.487,0.418,17.475,0.099,0.013,512,16621,24,bernoulli,8.0000,0.001000
sift1m,10000,128,12,10,0.010000,adaptive,8,64,10,0.700000,2.723,0.136,2.445,0.018,0.007,64,2260,26,bernoulli,8.0000,0.001000
sift1m,10000,128,12,10,0.010000,adaptive,16,128,10,0.800000,5.212,0.157,4.778,0.042,0.009,128,4333,43,bernoulli,8.0000,0.001000
sift1m,10000,128,12,10,0.010000,adaptive,32,256,10,1.000000,9.293,0.211,8.585,0.062,0.011,256,8597,86,bernoulli,8.0000,0.001000
sift1m,10000,128,12,10,0.010000,adaptive,64,512,10,1.000000,18.364,0.357,17.006,0.150,0.025,512,16621,165,bernoulli,8.0000,0.001000
sift1m,10000,128,12,10,0.050000,adaptive,8,64,10,1.000000,2.553,0.140,2.300,0.029,0.009,64,2260,105,bernoulli,8.0000,0.001000
sift1m,10000,128,12,10,0.050000,adaptive,16,128,10,1.000000,4.548,0.144,4.223,0.045,0.011,128,4333,204,bernoulli,8.0000,0.001000
sift1m,10000,128,12,10,0.050000,adaptive,32,256,10,1.000000,9.265,0.185,8.701,0.090,0.020,256,8597,397,bernoulli,8.0000,0.001000
sift1m,10000,128,12,10,0.050000,adaptive,64,512,10,1.000000,18.047,0.347,16.978,0.182,0.033,512,16621,770,bernoulli,8.0000,0.001000
sift1m,10000,128,12,10,0.100000,adaptive,8,64,10,1.000000,2.501,0.105,2.281,0.034,0.008,64,2260,252,bernoulli,8.0000,0.001000
sift1m,10000,128,12,10,0.100000,adaptive,16,128,10,1.000000,4.955,0.098,4.624,0.064,0.018,128,4333,448,bernoulli,8.0000,0.001000
sift1m,10000,128,12,10,0.100000,adaptive,32,256,10,1.000000,9.821,0.251,9.106,0.130,0.028,256,8597,878,bernoulli,8.0000,0.001000
sift1m,10000,128,12,10,0.100000,adaptive,64,512,10,1.000000,17.457,0.380,16.260,0.238,0.041,512,16621,1641,bernoulli,8.0000,0.001000
sift1m,10000,128,12,10,0.500000,adaptive,8,16,10,1.000000,0.712,0.092,0.577,0.014,0.003,16,550,260,bernoulli,8.0000,0.001000
sift1m,10000,128,12,10,0.500000,adaptive,16,32,10,1.000000,1.562,0.052,1.401,0.031,0.007,32,1151,567,bernoulli,8.0000,0.001000
sift1m,10000,128,12,10,0.500000,adaptive,32,64,10,1.000000,2.620,0.132,2.305,0.060,0.009,64,2260,1136,bernoulli,8.0000,0.001000
sift1m,10000,128,12,10,0.500000,adaptive,64,128,10,1.000000,4.899,0.138,4.425,0.115,0.013,128,4333,2205,bernoulli,8.0000,0.001000
sift1m,10000,128,12,10,1.000000,adaptive,8,8,10,1.000000,0.411,0.070,0.318,0.011,0.002,8,301,301,bernoulli,8.0000,0.001000
sift1m,10000,128,12,10,1.000000,adaptive,16,16,10,1.000000,0.759,0.047,0.652,0.021,0.005,16,550,550,bernoulli,8.0000,0.001000
sift1m,10000,128,12,10,1.000000,adaptive,32,32,10,1.000000,1.524,0.142,1.268,0.046,0.005,32,1151,1151,bernoulli,8.0000,0.001000
sift1m,10000,128,12,10,1.000000,adaptive,64,64,10,1.000000,2.685,0.108,2.390,0.085,0.007,64,2260,2260,bernoulli,8.0000,0.001000
sift1m,10000,128,13,10,0.001000,adaptive,8,64,0,0.000000,2.618,0.119,2.416,0.013,0.002,64,2183,0,bernoulli,8.0000,0.001000
sift1m,10000,128,13,10,0.001000,adaptive,16,128,1,0.100000,4.699,0.127,4.390,0.045,0.005,128,4302,1,bernoulli,8.0000,0.001000
sift1m,10000,128,13,10,0.001000,adaptive,32,256,5,0.500000,9.734,0.268,9.104,0.075,0.009,256,8659,10,bernoulli,8.0000,0.001000
sift1m,10000,128,13,10,0.001000,adaptive,64,512,6,0.600000,18.450,0.481,17.284,0.154,0.013,512,16501,15,bernoulli,8.0000,0.001000
sift1m,10000,128,13,10,0.010000,adaptive,8,64,10,0.900000,2.351,0.083,2.161,0.041,0.008,64,2183,25,bernoulli,8.0000,0.001000
sift1m,10000,128,13,10,0.010000,adaptive,16,128,10,1.000000,4.954,0.186,4.603,0.033,0.008,128,4302,46,bernoulli,8.0000,0.001000
sift1m,10000,128,13,10,0.010000,adaptive,32,256,10,1.000000,8.979,0.203,8.469,0.063,0.014,256,8659,87,bernoulli,8.0000,0.001000
sift1m,10000,128,13,10,0.010000,adaptive,64,512,10,1.000000,17.753,0.350,16.713,0.207,0.027,512,16501,163,bernoulli,8.0000,0.001000
sift1m,10000,128,13,10,0.050000,adaptive,8,64,10,1.000000,2.506,0.130,2.260,0.024,0.008,64,2183,103,bernoulli,8.0000,0.001000
sift1m,10000,128,13,10,0.050000,adaptive,16,128,10,1.000000,4.319,0.103,4.033,0.046,0.010,128,4302,201,bernoulli,8.0000,0.001000
sift1m,10000,128,13,10,0.050000,adaptive,32,256,10,1.000000,9.325,0.181,8.758,0.091,0.020,256,8659,418,bernoulli,8.0000,0.001000
sift1m,10000,128,13,10,0.050000,adaptive,64,512,10,1.000000,17.518,0.345,16.410,0.194,0.047,512,16501,835,bernoulli,8.0000,0.001000
sift1m,10000,128,13,10,0.100000,adaptive,8,64,10,1.000000,2.580,0.132,2.335,0.032,0.009,64,2183,212,bernoulli,8.0000,0.001000
sift1m,10000,128,13,10,0.100000,adaptive,16,128,10,1.000000,4.519,0.135,4.162,0.061,0.013,128,4302,413,bernoulli,8.0000,0.001000
sift1m,10000,128,13,10,0.100000,adaptive,32,256,10,1.000000,9.557,0.177,8.932,0.122,0.021,256,8659,820,bernoulli,8.0000,0.001000
sift1m,10000,128,13,10,0.100000,adaptive,64,512,10,1.000000,17.850,0.341,16.683,0.236,0.034,512,16501,1615,bernoulli,8.0000,0.001000
sift1m,10000,128,13,10,0.500000,adaptive,8,16,10,1.000000,0.611,0.078,0.492,0.014,0.003,16,510,266,bernoulli,8.0000,0.001000
sift1m,10000,128,13,10,0.500000,adaptive,16,32,10,1.000000,1.212,0.053,1.078,0.029,0.004,32,1125,590,bernoulli,8.0000,0.001000
sift1m,10000,128,13,10,0.500000,adaptive,32,64,10,1.000000,2.578,0.061,2.342,0.058,0.009,64,2183,1118,bernoulli,8.0000,0.001000
sift1m,10000,128,13,10,0.500000,adaptive,64,128,10,1.000000,4.882,0.175,4.377,0.112,0.013,128,4302,2174,bernoulli,8.0000,0.001000
sift1m,10000,128,13,10,1.000000,adaptive,8,8,10,0.900000,0.312,0.069,0.223,0.010,0.001,8,243,243,bernoulli,8.0000,0.001000
sift1m,10000,128,13,10,1.000000,adaptive,16,16,10,1.000000,0.552,0.046,0.466,0.019,0.002,16,510,510,bernoulli,8.0000,0.001000
sift1m,10000,128,13,10,1.000000,adaptive,32,32,10,1.000000,1.184,0.045,1.055,0.040,0.007,32,1125,1125,bernoulli,8.0000,0.001000
sift1m,10000,128,13,10,1.000000,adaptive,64,64,10,1.000000,2.378,0.057,2.160,0.081,0.006,64,2183,2183,bernoulli,8.0000,0.001000
sift1m,10000,128,14,10,0.001000,adaptive,8,64,1,0.100000,2.618,0.124,2.415,0.013,0.002,64,2338,1,bernoulli,8.0000,0.001000
sift1m,10000,128,14,10,0.001000,adaptive,16,128,3,0.300000,4.842,0.131,4.568,0.024,0.003,128,4569,4,bernoulli,8.0000,0.001000
sift1m,10000,128,14,10,0.001000,adaptive,32,256,4,0.400000,9.350,0.181,8.869,0.064,0.008,256,8513,7,bernoulli,8.0000,0.001000
sift1m,10000,128,14,10,0.001000,adaptive,64,512,6,0.600000,17.452,0.446,16.373,0.178,0.014,512,16385,13,bernoulli,8.0000,0.001000
sift1m,10000,128,14,10,0.010000,adaptive,8,64,10,0.800000,2.520,0.105,2.325,0.016,0.004,64,2338,24,bernoulli,8.0000,0.001000
sift1m,10000,128,14,10,0.010000,adaptive,16,128,10,1.000000,5.043,0.102,4.739,0.050,0.012,128,4569,52,bernoulli,8.0000,0.001000
sift1m,10000,128,14,10,0.010000,adaptive,32,256,10,1.000000,9.585,0.259,8.944,0.097,0.013,256,8513,90,bernoulli,8.0000,0.001000
sift1m,10000,128,14,10,0.010000,adaptive,64,512,10,1.000000,17.373,0.381,16.281,0.152,0.025,512,16385,161,bernoulli,8.0000,0.001000
sift1m,10000,128,14,10,0.050000,adaptive,8,64,10,1.000000,2.791,0.108,2.552,0.029,0.014,64,2338,124,bernoulli,8.0000,0.001000
sift1m,10000,128,14,10,0.050000,adaptive,16,128,10,1.000000,5.223,0.165,4.856,0.049,0.013,128,4569,240,bernoulli,8.0000,0.001000
sift1m,10000,128,14,10,0.050000,adaptive,32,256,10,1.000000,9.297,0.231,8.682,0.095,0.025,256,8513,442,bernoulli,8.0000,0.001000
sift1m,10000,128,14,10,0.050000,adaptive,64,512,10,1.000000,17.477,0.456,16.286,0.178,0.037,512,16385,834,bernoulli,8.0000,0.001000
sift1m,10000,128,14,10,0.100000,adaptive,8,64,10,0.900000,2.851,0.126,2.573,0.032,0.009,64,2338,200,bernoulli,8.0000,0.001000
sift1m,10000,128,14,10,0.100000,adaptive,16,128,10,1.000000,5.122,0.163,4.743,0.063,0.012,128,4569,392,bernoulli,8.0000,0.001000
sift1m,10000,128,14,10,0.100000,adaptive,32,256,10,1.000000,9.531,0.210,8.895,0.117,0.024,256,8513,724,bernoulli,8.0000,0.001000
sift1m,10000,128,14,10,0.100000,adaptive,64,512,10,1.000000,17.679,0.430,16.412,0.230,0.043,512,16385,1448,bernoulli,8.0000,0.001000
sift1m,10000,128,14,10,0.500000,adaptive,8,16,10,0.800000,0.828,0.080,0.685,0.015,0.009,16,564,263,bernoulli,8.0000,0.001000
sift1m,10000,128,14,10,0.500000,adaptive,16,32,10,1.000000,1.299,0.118,1.101,0.026,0.004,32,1083,500,bernoulli,8.0000,0.001000
sift1m,10000,128,14,10,0.500000,adaptive,32,64,10,1.000000,2.641,0.085,2.378,0.055,0.007,64,2338,1067,bernoulli,8.0000,0.001000
sift1m,10000,128,14,10,0.500000,adaptive,64,128,10,1.000000,5.320,0.119,4.852,0.113,0.013,128,4569,2155,bernoulli,8.0000,0.001000
sift1m,10000,128,14,10,1.000000,adaptive,8,8,10,0.600000,0.414,0.081,0.311,0.011,0.002,8,284,284,bernoulli,8.0000,0.001000
sift1m,10000,128,14,10,1.000000,adaptive,16,16,10,0.900000,0.694,0.069,0.581,0.022,0.003,16,564,564,bernoulli,8.0000,0.001000
sift1m,10000,128,14,10,1.000000,adaptive,32,32,10,1.000000,1.193,0.060,1.054,0.039,0.004,32,1083,1083,bernoulli,8.0000,0.001000
sift1m,10000,128,14,10,1.000000,adaptive,64,64,10,1.000000,2.645,0.069,2.401,0.085,0.008,64,2338,2338,bernoulli,8.0000,0.001000
sift1m,10000,128,15,10,0.001000,adaptive,8,64,2,0.200000,2.633,0.110,2.440,0.013,0.004,64,2147,2,bernoulli,8.0000,0.001000
sift1m,10000,128,15,10,0.001000,adaptive,16,128,5,0.500000,4.736,0.178,4.399,0.025,0.006,128,4269,6,bernoulli,8.0000,0.001000
sift1m,10000,128,15,10,0.001000,adaptive,32,256,6,0.600000,8.709,0.191,8.229,0.047,0.014,256,8398,16,bernoulli,8.0000,0.001000
sift1m,10000,128,15,10,0.001000,adaptive,64,512,10,1.000000,17.088,0.403,16.128,0.096,0.018,512,16450,32,bernoulli,8.0000,0.001000
sift1m,10000,128,15,10,0.010000,adaptive,8,64,10,0.600000,2.522,0.147,2.282,0.019,0.005,64,2147,20,bernoulli,8.0000,0.001000
sift1m,10000,128,15,10,0.010000,adaptive,16,128,10,0.900000,4.595,0.139,4.280,0.039,0.009,128,4269,38,bernoulli,8.0000,0.001000
sift1m,10000,128,15,10,0.010000,adaptive,32,256,10,1.000000,9.025,0.205,8.489,0.063,0.013,256,8398,92,bernoulli,8.0000,0.001000
sift1m,10000,128,15,10,0.010000,adaptive,64,512,10,1.000000,17.020,0.343,15.925,0.231,0.025,512,16450,166,bernoulli,8.0000,0.001000
sift1m,10000,128,15,10,0.050000,adaptive,8,64,10,0.900000,2.435,0.127,2.214,0.023,0.007,64,2147,111,bernoulli,8.0000,0.001000
sift1m,10000,128,15,10,0.050000,adaptive,16,128,10,1.000000,4.595,0.105,4.310,0.045,0.012,128,4269,215,bernoulli,8.0000,0.001000
sift1m,10000,128,15,10,0.050000,adaptive,32,256,10,1.000000,8.978,0.192,8.425,0.096,0.018,256,8398,391,bernoulli,8.0000,0.001000
sift1m,10000,128,15,10,0.050000,adaptive,64,512,10,1.000000,17.051,0.367,15.943,0.173,0.034,512,16450,774,bernoulli,8.0000,0.001000
sift1m,10000,128,15,10,0.100000,adaptive,8,64,10,1.000000,2.230,0.090,2.030,0.034,0.008,64,2147,224,bernoulli,8.0000,0.001000
sift1m,10000,128,15,10,0.100000,adaptive,16,128,10,1.000000,4.686,0.103,4.354,0.067,0.019,128,4269,434,bernoulli,8.0000,0.001000
sift1m,10000,128,15,10,0.100000,adaptive,32,256,10,1.000000,9.110,0.262,8.391,0.129,0.031,256,8398,844,bernoulli,8.0000,0.001000
sift1m,10000,128,15,10,0.100000,adaptive,64,512,10,1.000000,17.554,0.437,16.264,0.259,0.042,512,16450,1714,bernoulli,8.0000,0.001000
sift1m,10000,128,15,10,0.500000,adaptive,8,16,10,1.000000,0.731,0.103,0.583,0.014,0.003,16,554,255,bernoulli,8.0000,0.001000
sift1m,10000,128,15,10,0.500000,adaptive,16,32,10,1.000000,1.253,0.065,1.105,0.027,0.005,32,1084,498,bernoulli,8.0000,0.001000
sift1m,10000,128,15,10,0.500000,adaptive,32,64,10,1.000000,2.343,0.076,2.110,0.052,0.006,64,2147,1008,bernoulli,8.0000,0.001000
sift1m,10000,128,15,10,0.500000,adaptive,64,128,10,1.000000,4.861,0.108,4.424,0.110,0.013,128,4269,2052,bernoulli,8.0000,0.001000
sift1m,10000,128,15,10,1.000000,adaptive,8,8,10,1.000000,0.589,0.096,0.445,0.013,0.004,8,306,306,bernoulli,8.0000,0.001000
sift1m,10000,128,15,10,1.000000,adaptive,16,16,10,1.000000,0.731,0.125,0.561,0.021,0.003,16,554,554,bernoulli,8.0000,0.001000
sift1m,10000,128,15,10,1.000000,adaptive,32,32,10,1.000000,1.170,0.054,1.035,0.039,0.005,32,1084,1084,bernoulli,8.0000,0.001000
sift1m,10000,128,15,10,1.000000,adaptive,64,64,10,1.000000,2.269,0.062,2.052,0.078,0.007,64,2147,2147,bernoulli,8.0000,0.001000
sift1m,10000,128,16,10,0.001000,adaptive,8,64,0,0.000000,2.453,0.104,2.278,0.012,0.001,64,2273,0,bernoulli,8.0000,0.001000
sift1m,10000,128,16,10,0.001000,adaptive,16,128,2,0.222222,4.765,0.104,4.515,0.024,0.003,128,4422,3,bernoulli,8.0000,0.001000
sift1m,10000,128,16,10,0.001000,adaptive,32,256,3,0.333333,9.230,0.174,8.767,0.049,0.006,256,8682,5,bernoulli,8.0000,0.001000
sift1m,10000,128,16,10,0.001000,adaptive,64,512,6,0.666667,17.108,0.365,16.186,0.104,0.011,512,16645,17,bernoulli,8.0000,0.001000
sift1m,10000,128,16,10,0.010000,adaptive,8,64,7,0.300000,2.721,0.107,2.508,0.030,0.007,64,2273,8,bernoulli,8.0000,0.001000
sift1m,10000,128,16,10,0.010000,adaptive,16,128,10,0.600000,5.054,0.167,4.702,0.044,0.006,128,4422,20,bernoulli,8.0000,0.001000
sift1m,10000,128,16,10,0.010000,adaptive,32,256,10,1.000000,8.959,0.180,8.463,0.061,0.009,256,8682,52,bernoulli,8.0000,0.001000
sift1m,10000,128,16,10,0.010000,adaptive,64,512,10,1.000000,17.294,0.403,16.274,0.120,0.016,512,16645,95,bernoulli,8.0000,0.001000
sift1m,10000,128,16,10,0.050000,adaptive,8,64,10,1.000000,2.483,0.102,2.278,0.028,0.009,64,2273,148,bernoulli,8.0000,0.001000
sift1m,10000,128,16,10,0.050000,adaptive,16,128,10,1.000000,5.220,0.135,4.859,0.055,0.032,128,4422,279,bernoulli,8.0000,0.001000
sift1m,10000,128,16,10,0.050000,adaptive,32,256,10,1.000000,9.250,0.249,8.612,0.102,0.023,256,8682,525,bernoulli,8.0000,0.001000
sift1m,10000,128,16,10,0.050000,adaptive,64,512,10,1.000000,17.531,0.365,16.411,0.202,0.043,512,16645,918,bernoulli,8.0000,0.001000
sift1m,10000,128,16,10,0.100000,adaptive,8,64,10,1.000000,2.678,0.145,2.417,0.033,0.009,64,2273,228,bernoulli,8.0000,0.001000
sift1m,10000,128,16,10,0.100000,adaptive,16,128,10,1.000000,5.050,0.131,4.692,0.064,0.015,128,4422,435,bernoulli,8.0000,0.001000
sift1m,10000,128,16,10,0.100000,adaptive,32,256,10,1.000000,9.642,0.190,8.997,0.127,0.028,256,8682,860,bernoulli,8.0000,0.001000
sift1m,10000,128,16,10,0.100000,adaptive,64,512,10,1.000000,17.726,0.455,16.434,0.236,0.051,512,16645,1621,bernoulli,8.0000,0.001000
sift1m,10000,128,16,10,0.500000,adaptive,8,16,10,0.900000,0.731,0.105,0.583,0.014,0.003,16,570,258,bernoulli,8.0000,0.001000
sift1m,10000,128,16,10,0.500000,adaptive,16,32,10,1.000000,1.275,0.062,1.126,0.026,0.008,32,1100,522,bernoulli,8.0000,0.001000
sift1m,10000,128,16,10,0.500000,adaptive,32,64,10,1.000000,2.669,0.068,2.427,0.056,0.008,64,2273,1113,bernoulli,8.0000,0.001000
sift1m,10000,128,16,10,0.500000,adaptive,64,128,10,1.000000,4.740,0.117,4.296,0.114,0.011,128,4422,2237,bernoulli,8.0000,0.001000
sift1m,10000,128,16,10,1.000000,adaptive,8,8,10,1.000000,0.363,0.060,0.281,0.010,0.002,8,273,273,bernoulli,8.0000,0.001000
sift1m,10000,128,16,10,1.000000,adaptive,16,16,10,1.000000,0.657,0.047,0.570,0.019,0.002,16,570,570,bernoulli,8.0000,0.001000
sift1m,10000,128,16,10,1.000000,adaptive,32,32,10,1.000000,1.227,0.049,1.100,0.038,0.004,32,1100,1100,bernoulli,8.0000,0.001000
sift1m,10000,128,16,10,1.000000,adaptive,64,64,10,1.000000,2.603,0.062,2.368,0.082,0.006,64,2273,2273,bernoulli,8.0000,0.001000
sift1m,10000,128,17,10,0.001000,adaptive,8,64,0,0.000000,2.459,0.108,2.261,0.018,0.004,64,2134,0,bernoulli,8.0000,0.001000
sift1m,10000,128,17,10,0.001000,adaptive,16,128,0,0.000000,4.736,0.167,4.423,0.024,0.003,128,4379,0,bernoulli,8.0000,0.001000
sift1m,10000,128,17,10,0.001000,adaptive,32,256,3,0.300000,9.712,0.201,9.199,0.060,0.006,256,8603,3,bernoulli,8.0000,0.001000
sift1m,10000,128,17,10,0.001000,adaptive,64,512,9,0.900000,17.415,0.367,16.334,0.257,0.010,512,16676,16,bernoulli,8.0000,0.001000
sift1m,10000,128,17,10,0.010000,adaptive,8,64,10,0.700000,2.233,0.080,2.052,0.015,0.003,64,2134,19,bernoulli,8.0000,0.001000
sift1m,10000,128,17,10,0.010000,adaptive,16,128,10,0.900000,4.574,0.098,4.275,0.031,0.007,128,4379,47,bernoulli,8.0000,0.001000
sift1m,10000,128,17,10,0.010000,adaptive,32,256,10,1.000000,9.598,0.173,8.952,0.084,0.014,256,8603,95,bernoulli,8.0000,0.001000
sift1m,10000,128,17,10,0.010000,adaptive,64,512,10,1.000000,18.032,0.343,16.823,0.164,0.029,512,16676,189,bernoulli,8.0000,0.001000
sift1m,10000,128,17,10,0.050000,adaptive,8,64,10,1.000000,2.423,0.123,2.203,0.023,0.006,64,2134,90,bernoulli,8.0000,0.001000
sift1m,10000,128,17,10,0.050000,adaptive,16,128,10,1.000000,4.906,0.103,4.599,0.049,0.017,128,4379,170,bernoulli,8.0000,0.001000
sift1m,10000,128,17,10,0.050000,adaptive,32,256,10,1.000000,9.359,0.245,8.749,0.092,0.018,256,8603,347,bernoulli,8.0000,0.001000
sift1m,10000,128,17,10,0.050000,adaptive,64,512,10,1.000000,17.848,0.383,16.750,0.168,0.035,512,16676,679,bernoulli,8.0000,0.001000
sift1m,10000,128,17,10,0.100000,adaptive,8,64,10,0.900000,2.280,0.097,2.073,0.033,0.009,64,2134,225,bernoulli,8.0000,0.001000
sift1m,10000,128,17,10,0.100000,adaptive,16,128,10,1.000000,4.761,0.092,4.431,0.070,0.013,128,4379,470,bernoulli,8.0000,0.001000
sift1m,10000,128,17,10,0.100000,adaptive,32,256,10,1.000000,9.191,0.181,8.568,0.136,0.024,256,8603,917,bernoulli,8.0000,0.001000
sift1m,10000,128,17,10,0.100000,adaptive,64,512,10,1.000000,18.014,0.351,16.791,0.273,0.045,512,16676,1713,bernoulli,8.0000,0.001000
sift1m,10000,128,17,10,0.500000,adaptive,8,16,10,0.800000,0.622,0.099,0.483,0.013,0.003,16,471,250,bernoulli,8.0000,0.001000
sift1m,10000,128,17,10,0.500000,adaptive,16,32,10,0.900000,1.143,0.057,1.010,0.025,0.005,32,1017,525,bernoulli,8.0000,0.001000
sift1m,10000,128,17,10,0.500000,adaptive,32,64,10,1.000000,2.311,0.069,2.087,0.054,0.007,64,2134,1080,bernoulli,8.0000,0.001000
sift1m,10000,128,17,10,0.500000,adaptive,64,128,10,1.000000,4.774,0.095,4.345,0.113,0.017,128,4379,2243,bernoulli,8.0000,0.001000
sift1m,10000,128,17,10,1.000000,adaptive,8,8,10,0.600000,0.331,0.059,0.249,0.009,0.002,8,235,235,bernoulli,8.0000,0.001000
sift1m,10000,128,17,10,1.000000,adaptive,16,16,10,0.700000,0.529,0.038,0.455,0.017,0.002,16,471,471,bernoulli,8.0000,0.001000
sift1m,10000,128,17,10,1.000000,adaptive,32,32,10,0.800000,1.121,0.046,0.997,0.036,0.008,32,1017,1017,bernoulli,8.0000,0.001000
sift1m,10000,128,17,10,1.000000,adaptive,64,64,10,0.900000,2.374,0.055,2.163,0.077,0.008,64,2134,2134,bernoulli,8.0000,0.001000
sift1m,10000,128,18,10,0.001000,adaptive,8,64,2,0.333333,2.634,0.102,2.434,0.031,0.004,64,2240,3,bernoulli,8.0000,0.001000
sift1m,10000,128,18,10,0.001000,adaptive,16,128,3,0.500000,4.809,0.151,4.484,0.054,0.005,128,4345,8,bernoulli,8.0000,0.001000
sift1m,10000,128,18,10,0.001000,adaptive,32,256,4,0.666667,8.735,0.215,8.242,0.044,0.007,256,8421,13,bernoulli,8.0000,0.001000
sift1m,10000,128,18,10,0.001000,adaptive,64,512,5,0.833333,17.212,0.375,16.251,0.122,0.017,512,16289,19,bernoulli,8.0000,0.001000
sift1m,10000,128,18,10,0.010000,adaptive,8,64,10,0.900000,2.675,0.136,2.441,0.017,0.006,64,2240,29,bernoulli,8.0000,0.001000
sift1m,10000,128,18,10,0.010000,adaptive,16,128,10,1.000000,4.657,0.136,4.342,0.032,0.009,128,4345,57,bernoulli,8.0000,0.001000
sift1m,10000,128,18,10,0.010000,adaptive,32,256,10,1.000000,9.111,0.196,8.519,0.108,0.016,256,8421,114,bernoulli,8.0000,0.001000
sift1m,10000,128,18,10,0.010000,adaptive,64,512,10,1.000000,17.479,0.412,16.354,0.122,0.024,512,16289,172,bernoulli,8.0000,0.001000
sift1m,10000,128,18,10,0.050000,adaptive,8,64,10,1.000000,2.387,0.100,2.189,0.024,0.007,64,2240,122,bernoulli,8.0000,0.001000
sift1m,10000,128,18,10,0.050000,adaptive,16,128,10,1.000000,4.570,0.102,4.271,0.048,0.018,128,4345,235,bernoulli,8.0000,0.001000
sift1m,10000,128,18,10,0.050000,adaptive,32,256,10,1.000000,9.245,0.244,8.619,0.090,0.027,256,8421,418,bernoulli,8.0000,0.001000
sift1m,10000,128,18,10,0.050000,adaptive,64,512,10,1.000000,18.339,0.438,17.157,0.178,0.036,512,16289,763,bernoulli,8.0000,0.001000
sift1m,10000,128,18,10,0.100000,adaptive,8,64,10,1.000000,2.647,0.122,2.406,0.034,0.010,64,2240,213,bernoulli,8.0000,0.001000
sift1m,10000,128,18,10,0.100000,adaptive,16,128,10,1.000000,5.016,0.174,4.616,0.065,0.014,128,4345,424,bernoulli,8.0000,0.001000
sift1m,10000,128,18,10,0.100000,adaptive,32,256,10,1.000000,9.321,0.203,8.661,0.124,0.027,256,8421,806,bernoulli,8.0000,0.001000
sift1m,10000,128,18,10,0.100000,adaptive,64,512,10,1.000000,18.075,0.443,16.807,0.240,0.046,512,16289,1577,bernoulli,8.0000,0.001000
sift1m,10000,128,18,10,0.500000,adaptive,8,16,10,1.000000,0.796,0.103,0.643,0.016,0.003,16,579,298,bernoulli,8.0000,0.001000
sift1m,10000,128,18,10,0.500000,adaptive,16,32,10,1.000000,1.364,0.077,1.188,0.030,0.009,32,1140,566,bernoulli,8.0000,0.001000
sift1m,10000,128,18,10,0.500000,adaptive,32,64,10,1.000000,2.446,0.110,2.169,0.057,0.006,64,2240,1107,bernoulli,8.0000,0.001000
sift1m,10000,128,18,10,0.500000,adaptive,64,128,10,1.000000,4.946,0.102,4.495,0.113,0.018,128,4345,2169,bernoulli,8.0000,0.001000
sift1m,10000,128,18,10,1.000000,adaptive,8,8,10,1.000000,0.467,0.097,0.344,0.012,0.002,8,307,307,bernoulli,8.0000,0.001000
sift1m,10000,128,18,10,1.000000,adaptive,16,16,10,1.000000,0.693,0.053,0.595,0.021,0.003,16,579,579,bernoulli,8.0000,0.001000
sift1m,10000,128,18,10,1.000000,adaptive,32,32,10,1.000000,1.387,0.060,1.227,0.045,0.005,32,1140,1140,bernoulli,8.0000,0.001000
sift1m,10000,128,18,10,1.000000,adaptive,64,64,10,1.000000,2.539,0.082,2.287,0.083,0.006,64,2240,2240,bernoulli,8.0000,0.001000
sift1m,10000,128,19,10,0.001000,adaptive,8,64,1,0.100000,2.478,0.112,2.287,0.013,0.005,64,2233,1,bernoulli,8.0000,0.001000
sift1m,10000,128,19,10,0.001000,adaptive,16,128,2,0.200000,4.761,0.161,4.454,0.025,0.004,128,4353,2,bernoulli,8.0000,0.001000
sift1m,10000,128,19,10,0.001000,adaptive,32,256,4,0.400000,9.117,0.205,8.610,0.050,0.008,256,8698,6,bernoulli,8.0000,0.001000
sift1m,10000,128,19,10,0.001000,adaptive,64,512,7,0.700000,18.340,0.378,17.305,0.168,0.019,512,16626,14,bernoulli,8.0000,0.001000
sift1m,10000,128,19,10,0.010000,adaptive,8,64,10,0.700000,2.537,0.150,2.297,0.016,0.005,64,2233,19,bernoulli,8.0000,0.001000
sift1m,10000,128,19,10,0.010000,adaptive,16,128,10,1.000000,4.989,0.125,4.676,0.034,0.014,128,4353,39,bernoulli,8.0000,0.001000
sift1m,10000,128,19,10,0.010000,adaptive,32,256,10,1.000000,9.745,0.258,9.117,0.065,0.014,256,8698,68,bernoulli,8.0000,0.001000
sift1m,10000,128,19,10,0.010000,adaptive,64,512,10,1.000000,18.150,0.444,17.019,0.129,0.026,512,16626,110,bernoulli,8.0000,0.001000
sift1m,10000,128,19,10,0.050000,adaptive,8,64,10,1.000000,2.424,0.133,2.194,0.023,0.006,64,2233,98,bernoulli,8.0000,0.001000
sift1m,10000,128,19,10,0.050000,adaptive,16,128,10,1.000000,4.843,0.101,4.525,0.047,0.019,128,4353,215,bernoulli,8.0000,0.001000
sift1m,10000,128,19,10,0.050000,adaptive,32,256,10,1.000000,9.415,0.237,8.786,0.094,0.028,256,8698,432,bernoulli,8.0000,0.001000
sift1m,10000,128,19,10,0.050000,adaptive,64,512,10,1.000000,18.556,0.457,17.275,0.203,0.034,512,16626,826,bernoulli,8.0000,0.001000
sift1m,10000,128,19,10,0.100000,adaptive,8,64,10,1.000000,2.682,0.107,2.440,0.037,0.014,64,2233,273,bernoulli,8.0000,0.001000
sift1m,10000,128,19,10,0.100000,adaptive,16,128,10,1.000000,4.729,0.166,4.340,0.066,0.015,128,4353,495,bernoulli,8.0000,0.001000
sift1m,10000,128,19,10,0.100000,adaptive,32,256,10,1.000000,9.411,0.184,8.792,0.130,0.020,256,8698,944,bernoulli,8.0000,0.001000
sift1m,10000,128,19,10,0.100000,adaptive,64,512,10,1.000000,17.644,0.346,16.478,0.243,0.035,512,16626,1699,bernoulli,8.0000,0.001000
sift1m,10000,128,19,10,0.500000,adaptive,8,16,10,1.000000,0.726,0.077,0.605,0.015,0.003,16,560,292,bernoulli,8.0000,0.001000
sift1m,10000,128,19,10,0.500000,adaptive,16,32,10,1.000000,1.308,0.050,1.170,0.029,0.005,32,1110,579,bernoulli,8.0000,0.001000
sift1m,10000,128,19,10,0.500000,adaptive,32,64,10,1.000000,2.377,0.070,2.148,0.054,0.007,64,2233,1118,bernoulli,8.0000,0.001000
sift1m,10000,128,19,10,0.500000,adaptive,64,128,10,1.000000,4.677,0.093,4.262,0.106,0.011,128,4353,2166,bernoulli,8.0000,0.001000
sift1m,10000,128,19,10,1.000000,adaptive,8,8,10,0.900000,0.404,0.052,0.327,0.012,0.002,8,306,306,bernoulli,8.0000,0.001000
sift1m,10000,128,19,10,1.000000,adaptive,16,16,10,1.000000,0.644,0.035,0.568,0.020,0.003,16,560,560,bernoulli,8.0000,0.001000
sift1m,10000,128,19,10,1.000000,adaptive,32,32,10,1.000000,1.195,0.039,1.076,0.039,0.005,32,1110,1110,bernoulli,8.0000,0.001000
sift1m,10000,128,19,10,1.000000,adaptive,64,64,10,1.000000,2.373,0.054,2.158,0.080,0.008,64,2233,2233,bernoulli,8.0000,0.001000
sift1m,10000,128,20,10,0.001000,adaptive,8,64,2,0.250000,2.269,0.100,2.081,0.026,0.005,64,2001,4,bernoulli,8.0000,0.001000
sift1m,10000,128,20,10,0.001000,adaptive,16,128,2,0.250000,4.493,0.152,4.138,0.075,0.005,128,4115,4,bernoulli,8.0000,0.001000
sift1m,10000,128,20,10,0.001000,adaptive,32,256,6,0.750000,8.862,0.213,8.359,0.044,0.013,256,8359,11,bernoulli,8.0000,0.001000
sift1m,10000,128,20,10,0.001000,adaptive,64,512,6,0.750000,17.773,0.427,16.728,0.171,0.012,512,16447,20,bernoulli,8.0000,0.001000
sift1m,10000,128,20,10,0.010000,adaptive,8,64,9,0.700000,2.015,0.085,1.845,0.015,0.003,64,2001,12,bernoulli,8.0000,0.001000
sift1m,10000,128,20,10,0.010000,adaptive,16,128,10,1.000000,4.179,0.093,3.918,0.030,0.005,128,4115,30,bernoulli,8.0000,0.001000
sift1m,10000,128,20,10,0.010000,adaptive,32,256,10,1.000000,8.569,0.166,8.058,0.066,0.009,256,8359,70,bernoulli,8.0000,0.001000
sift1m,10000,128,20,10,0.010000,adaptive,64,512,10,1.000000,17.839,0.340,16.678,0.233,0.026,512,16447,142,bernoulli,8.0000,0.001000
sift1m,10000,128,20,10,0.050000,adaptive,8,64,10,1.000000,2.285,0.124,2.062,0.024,0.008,64,2001,110,bernoulli,8.0000,0.001000
sift1m,10000,128,20,10,0.050000,adaptive,16,128,10,1.000000,4.326,0.106,4.031,0.048,0.013,128,4115,245,bernoulli,8.0000,0.001000
sift1m,10000,128,20,10,0.050000,adaptive,32,256,10,1.000000,8.703,0.181,8.142,0.100,0.019,256,8359,502,bernoulli,8.0000,0.001000
sift1m,10000,128,20,10,0.050000,adaptive,64,512,10,1.000000,17.605,0.388,16.457,0.195,0.036,512,16447,947,bernoulli,8.0000,0.001000
sift1m,10000,128,20,10,0.100000,adaptive,8,64,10,1.000000,2.321,0.113,2.094,0.032,0.010,64,2001,233,bernoulli,8.0000,0.001000
sift1m,10000,128,20,10,0.100000,adaptive,16,128,10,1.000000,4.354,0.145,4.001,0.061,0.013,128,4115,463,bernoulli,8.0000,0.001000
sift1m,10000,128,20,10,0.100000,adaptive,32,256,10,1.000000,8.982,0.212,8.324,0.125,0.023,256,8359,879,bernoulli,8.0000,0.001000
sift1m,10000,128,20,10,0.100000,adaptive,64,512,10,1.000000,17.623,0.369,16.398,0.245,0.048,512,16447,1617,bernoulli,8.0000,0.001000
sift1m,10000,128,20,10,0.500000,adaptive,8,16,10,1.000000,0.773,0.099,0.613,0.014,0.003,16,539,256,bernoulli,8.0000,0.001000
sift1m,10000,128,20,10,0.500000,adaptive,16,32,10,1.000000,1.144,0.072,0.997,0.025,0.005,32,974,474,bernoulli,8.0000,0.001000
sift1m,10000,128,20,10,0.500000,adaptive,32,64,10,1.000000,2.313,0.082,2.071,0.052,0.009,64,2001,997,bernoulli,8.0000,0.001000
sift1m,10000,128,20,10,0.500000,adaptive,64,128,10,1.000000,4.673,0.132,4.228,0.107,0.011,128,4115,2050,bernoulli,8.0000,0.001000
sift1m,10000,128,20,10,1.000000,adaptive,8,8,10,1.000000,0.333,0.055,0.257,0.010,0.002,8,250,250,bernoulli,8.0000,0.001000
sift1m,10000,128,20,10,1.000000,adaptive,16,16,10,1.000000,0.610,0.038,0.531,0.020,0.002,16,539,539,bernoulli,8.0000,0.001000
sift1m,10000,128,20,10,1.000000,adaptive,32,32,10,1.000000,1.012,0.038,0.900,0.036,0.004,32,974,974,bernoulli,8.0000,0.001000
sift1m,10000,128,20,10,1.000000,adaptive,64,64,10,1.000000,2.148,0.051,1.947,0.073,0.006,64,2001,2001,bernoulli,8.0000,0.001000
sift1m,10000,128,21,10,0.001000,adaptive,8,64,2,0.285714,2.516,0.111,2.333,0.011,0.002,64,2283,2,bernoulli,8.0000,0.001000
sift1m,10000,128,21,10,0.001000,adaptive,16,128,2,0.285714,4.474,0.110,4.225,0.021,0.003,128,4340,3,bernoulli,8.0000,0.001000
sift1m,10000,128,21,10,0.001000,adaptive,32,256,4,0.571429,8.961,0.197,8.483,0.045,0.007,256,8606,7,bernoulli,8.0000,0.001000
sift1m,10000,128,21,10,0.001000,adaptive,64,512,5,0.714286,17.084,0.397,16.115,0.098,0.010,512,16279,12,bernoulli,8.0000,0.001000
sift1m,10000,128,21,10,0.010000,adaptive,8,64,10,0.800000,2.629,0.106,2.389,0.025,0.005,64,2283,32,bernoulli,8.0000,0.001000
sift1m,10000,128,21,10,0.010000,adaptive,16,128,10,1.000000,4.668,0.117,4.302,0.037,0.012,128,4340,65,bernoulli,8.0000,0.001000
sift1m,10000,128,21,10,0.010000,adaptive,32,256,10,1.000000,9.534,0.256,8.772,0.110,0.013,256,8606,109,bernoulli,8.0000,0.001000
sift1m,10000,128,21,10,0.010000,adaptive,64,512,10,1.000000,17.430,0.387,16.041,0.227,0.031,512,16279,170,bernoulli,8.0000,0.001000
sift1m,10000,128,21,10,0.050000,adaptive,8,64,10,0.900000,2.612,0.122,2.394,0.023,0.007,64,2283,105,bernoulli,8.0000,0.001000
sift1m,10000,128,21,10,0.050000,adaptive,16,128,10,1.000000,4.600,0.112,4.302,0.045,0.011,128,4340,220,bernoulli,8.0000,0.001000
sift1m,10000,128,21,10,0.050000,adaptive,32,256,10,1.000000,9.265,0.176,8.719,0.094,0.020,256,8606,411,bernoulli,8.0000,0.001000
sift1m,10000,128,21,10,0.050000,adaptive,64,512,10,1.000000,17.382,0.368,16.284,0.179,0.040,512,16279,801,bernoulli,8.0000,0.001000
sift1m,10000,128,21,10,0.100000,adaptive,8,64,10,1.000000,2.670,0.135,2.410,0.034,0.015,64,2283,242,bernoulli,8.0000,0.001000
sift1m,10000,128,21,10,0.100000,adaptive,16,128,10,1.000000,4.787,0.147,4.405,0.065,0.023,128,4340,467,bernoulli,8.0000,0.001000
sift1m,10000,128,21,10,0.100000,adaptive,32,256,10,1.000000,9.278,0.285,8.563,0.128,0.027,256,8606,924,bernoulli,8.0000,0.001000
sift1m,10000,128,21,10,0.100000,adaptive,64,512,10,1.000000,17.315,0.379,16.108,0.239,0.042,512,16279,1691,bernoulli,8.0000,0.001000
sift1m,10000,128,21,10,0.500000,adaptive,8,16,10,1.000000,0.773,0.115,0.610,0.015,0.004,16,566,268,bernoulli,8.0000,0.001000
sift1m,10000,128,21,10,0.500000,adaptive,16,32,10,1.000000,1.339,0.073,1.179,0.030,0.006,32,1175,578,bernoulli,8.0000,0.001000
sift1m,10000,128,21,10,0.500000,adaptive,32,64,10,1.000000,2.575,0.073,2.335,0.055,0.008,64,2283,1104,bernoulli,8.0000,0.001000
sift1m,10000,128,21,10,0.500000,adaptive,64,128,10,1.000000,4.683,0.101,4.268,0.106,0.013,128,4340,2091,bernoulli,8.0000,0.001000
sift1m,10000,128,21,10,1.000000,adaptive,8,8,10,1.000000,0.327,0.074,0.231,0.010,0.002,8,247,247,bernoulli,8.0000,0.001000
sift1m,10000,128,21,10,1.000000,adaptive,16,16,10,1.000000,0.723,0.049,0.623,0.023,0.004,16,566,566,bernoulli,8.0000,0.001000
sift1m,10000,128,21,10,1.000000,adaptive,32,32,10,1.000000,1.372,0.065,1.213,0.043,0.005,32,1175,1175,bernoulli,8.0000,0.001000
sift1m,10000,128,21,10,1.000000,adaptive,64,64,10,1.000000,2.738,0.074,2.474,0.086,0.009,64,2283,2283,bernoulli,8.0000,0.001000
sift1m,10000,128,22,10,0.001000,adaptive,8,64,1,0.166667,2.329,0.113,2.146,0.011,0.002,64,2237,1,bernoulli,8.0000,0.001000
sift1m,10000,128,22,10,0.001000,adaptive,16,128,2,0.333333,4.572,0.121,4.312,0.022,0.003,128,4313,2,bernoulli,8.0000,0.001000
sift1m,10000,128,22,10,0.001000,adaptive,32,256,2,0.333333,8.672,0.200,8.194,0.047,0.007,256,8563,7,bernoulli,8.0000,0.001000
sift1m,10000,128,22,10,0.001000,adaptive,64,512,3,0.500000,17.429,0.371,16.455,0.142,0.009,512,16279,10,bernoulli,8.0000,0.001000
sift1m,10000,128,22,10,0.010000,adaptive,8,64,10,0.900000,2.421,0.087,2.218,0.016,0.005,64,2237,38,bernoulli,8.0000,0.001000
sift1m,10000,128,22,10,0.010000,adaptive,16,128,10,1.000000,4.875,0.101,4.484,0.084,0.016,128,4313,61,bernoulli,8.0000,0.001000
sift1m,10000,128,22,10,0.010000,adaptive,32,256,10,1.000000,9.622,0.244,8.833,0.155,0.015,256,8563,105,bernoulli,8.0000,0.001000
sift1m,10000,128,22,10,0.010000,adaptive,64,512,10,1.000000,18.028,0.424,16.686,0.153,0.023,512,16279,163,bernoulli,8.0000,0.001000
sift1m,10000,128,22,10,0.050000,adaptive,8,64,10,1.000000,2.519,0.103,2.292,0.034,0.011,64,2237,128,bernoulli,8.0000,0.001000
sift1m,10000,128,22,10,0.050000,adaptive,16,128,10,1.000000,4.656,0.176,4.276,0.052,0.014,128,4313,243,bernoulli,8.0000,0.001000
sift1m,10000,128,22,10,0.050000,adaptive,32,256,10,1.000000,9.379,0.182,8.798,0.101,0.021,256,8563,457,bernoulli,8.0000,0.001000
sift1m,10000,128,22,10,0.050000,adaptive,64,512,10,1.000000,17.291,0.390,16.133,0.216,0.040,512,16279,840,bernoulli,8.0000,0.001000
sift1m,10000,128,22,10,0.100000,adaptive,8,64,10,1.000000,2.477,0.134,2.224,0.033,0.012,64,2237,240,bernoulli,8.0000,0.001000
sift1m,10000,128,22,10,0.100000,adaptive,16,128,10,1.000000,4.647,0.117,4.305,0.066,0.017,128,4313,492,bernoulli,8.0000,0.001000
sift1m,10000,128,22,10,0.100000,adaptive,32,256,10,1.000000,9.353,0.253,8.654,0.133,0.030,256,8563,971,bernoulli,8.0000,0.001000
sift1m,10000,128,22,10,0.100000,adaptive,64,512,10,1.000000,16.681,0.414,15.449,0.245,0.034,512,16279,1803,bernoulli,8.0000,0.001000
sift1m,10000,128,22,10,0.500000,adaptive,8,16,10,0.900000,0.688,0.070,0.574,0.015,0.003,16,568,283,bernoulli,8.0000,0.001000
sift1m,10000,128,22,10,0.500000,adaptive,16,32,10,1.000000,1.218,0.052,1.083,0.028,0.005,32,1121,549,bernoulli,8.0000,0.001000
sift1m,10000,128,22,10,0.500000,adaptive,32,64,10,1.000000,2.686,0.062,2.444,0.059,0.008,64,2237,1142,bernoulli,8.0000,0.001000
sift1m,10000,128,22,10,0.500000,adaptive,64,128,10,1.000000,4.795,0.100,4.350,0.121,0.021,128,4313,2165,bernoulli,8.0000,0.001000
sift1m,10000,128,22,10,1.000000,adaptive,8,8,10,0.800000,0.436,0.095,0.317,0.011,0.002,8,292,292,bernoulli,8.0000,0.001000
sift1m,10000,128,22,10,1.000000,adaptive,16,16,10,0.800000,0.639,0.053,0.540,0.021,0.003,16,568,568,bernoulli,8.0000,0.001000
sift1m,10000,128,22,10,1.000000,adaptive,32,32,10,1.000000,1.347,0.053,1.198,0.043,0.005,32,1121,1121,bernoulli,8.0000,0.001000
sift1m,10000,128,22,10,1.000000,adaptive,64,64,10,1.000000,2.741,0.069,2.471,0.084,0.014,64,2237,2237,bernoulli,8.0000,0.001000
sift1m,10000,128,23,10,0.001000,adaptive,8,64,0,0.000000,2.464,0.141,2.251,0.011,0.003,64,2065,0,bernoulli,8.0000,0.001000
sift1m,10000,128,23,10,0.001000,adaptive,16,128,1,0.142857,4.332,0.157,4.039,0.022,0.004,128,4068,1,bernoulli,8.0000,0.001000
sift1m,10000,128,23,10,0.001000,adaptive,32,256,4,0.571429,8.604,0.228,8.092,0.049,0.006,256,8288,6,bernoulli,8.0000,0.001000
sift1m,10000,128,23,10,0.001000,adaptive,64,512,4,0.571429,17.274,0.363,16.348,0.097,0.012,512,16381,8,bernoulli,8.0000,0.001000
sift1m,10000,128,23,10,0.010000,adaptive,8,64,10,0.700000,2.381,0.132,2.118,0.017,0.004,64,2065,17,bernoulli,8.0000,0.001000
sift1m,10000,128,23,10,0.010000,adaptive,16,128,10,0.800000,4.349,0.120,3.986,0.030,0.007,128,4068,35,bernoulli,8.0000,0.001000
sift1m,10000,128,23,10,0.010000,adaptive,32,256,10,1.000000,8.969,0.236,8.242,0.063,0.013,256,8288,85,bernoulli,8.0000,0.001000
sift1m,10000,128,23,10,0.010000,adaptive,64,512,10,1.000000,17.883,0.388,16.514,0.134,0.022,512,16381,179,bernoulli,8.0000,0.001000
sift1m,10000,128,23,10,0.050000,adaptive,8,64,10,1.000000,2.281,0.122,2.025,0.022,0.007,64,2065,98,bernoulli,8.0000,0.001000
sift1m,10000,128,23,10,0.050000,adaptive,16,128,10,1.000000,4.793,0.101,4.401,0.044,0.015,128,4068,179,bernoulli,8.0000,0.001000
sift1m,10000,128,23,10,0.050000,adaptive,32,256,10,1.000000,9.278,0.247,8.481,0.088,0.023,256,8288,378,bernoulli,8.0000,0.001000
sift1m,10000,128,23,10,0.050000,adaptive,64,512,10,1.000000,17.426,0.383,15.996,0.171,0.040,512,16381,737,bernoulli,8.0000,0.001000
sift1m,10000,128,23,10,0.100000,adaptive,8,64,10,1.000000,2.431,0.133,2.187,0.030,0.008,64,2065,193,bernoulli,8.0000,0.001000
sift1m,10000,128,23,10,0.100000,adaptive,16,128,10,1.000000,4.179,0.124,3.850,0.057,0.015,128,4068,375,bernoulli,8.0000,0.001000
sift1m,10000,128,23,10,0.100000,adaptive,32,256,10,1.000000,8.917,0.204,8.277,0.119,0.023,256,8288,796,bernoulli,8.0000,0.001000
sift1m,10000,128,23,10,0.100000,adaptive,64,512,10,1.000000,18.352,0.387,17.093,0.252,0.045,512,16381,1553,bernoulli,8.0000,0.001000
sift1m,10000,128,23,10,0.500000,adaptive,8,16,10,1.000000,0.867,0.119,0.687,0.016,0.005,16,585,279,bernoulli,8.0000,0.001000
sift1m,10000,128,23,10,0.500000,adaptive,16,32,10,1.000000,1.302,0.092,1.121,0.028,0.005,32,1126,549,bernoulli,8.0000,0.001000
sift1m,10000,128,23,10,0.500000,adaptive,32,64,10,1.000000,2.186,0.071,1.960,0.051,0.007,64,2065,1013,bernoulli,8.0000,0.001000
sift1m,10000,128,23,10,0.500000,adaptive,64,128,10,1.000000,4.526,0.093,4.110,0.103,0.017,128,4068,2007,bernoulli,8.0000,0.001000
sift1m,10000,128,23,10,1.000000,adaptive,8,8,10,0.800000,0.454,0.085,0.340,0.012,0.003,8,284,284,bernoulli,8.0000,0.001000
sift1m,10000,128,23,10,1.000000,adaptive,16,16,10,1.000000,0.708,0.045,0.598,0.022,0.003,16,585,585,bernoulli,8.0000,0.001000
sift1m,10000,128,23,10,1.000000,adaptive,32,32,10,1.000000,1.209,0.041,1.086,0.041,0.004,32,1126,1126,bernoulli,8.0000,0.001000
sift1m,10000,128,23,10,1.000000,adaptive,64,64,10,1.000000,2.143,0.052,1.934,0.075,0.006,64,2065,2065,bernoulli,8.0000,0.001000
sift1m,10000,128,24,10,0.001000,adaptive,8,64,2,0.200000,2.691,0.089,2.520,0.013,0.004,64,2417,2,bernoulli,8.0000,0.001000
sift1m,10000,128,24,10,0.001000,adaptive,16,128,2,0.200000,4.978,0.188,4.645,0.025,0.003,128,4382,4,bernoulli,8.0000,0.001000
sift1m,10000,128,24,10,0.001000,adaptive,32,256,2,0.200000,9.175,0.203,8.685,0.048,0.008,256,8553,8,bernoulli,8.0000,0.001000
sift1m,10000,128,24,10,0.001000,adaptive,64,512,4,0.400000,16.878,0.411,15.869,0.147,0.012,512,16279,12,bernoulli,8.0000,0.001000
sift1m,10000,128,24,10,0.010000,adaptive,8,64,10,0.700000,2.715,0.114,2.495,0.017,0.004,64,2417,23,bernoulli,8.0000,0.001000
sift1m,10000,128,24,10,0.010000,adaptive,16,128,10,1.000000,4.685,0.107,4.389,0.032,0.007,128,4382,52,bernoulli,8.0000,0.001000
sift1m,10000,128,24,10,0.010000,adaptive,32,256,10,1.000000,9.447,0.180,8.874,0.067,0.016,256,8553,98,bernoulli,8.0000,0.001000
sift1m,10000,128,24,10,0.010000,adaptive,64,512,10,1.000000,17.952,0.389,16.746,0.198,0.030,512,16279,178,bernoulli,8.0000,0.001000
sift1m,10000,128,24,10,0.050000,adaptive,8,64,10,1.000000,2.757,0.129,2.516,0.028,0.010,64,2417,163,bernoulli,8.0000,0.001000
sift1m,10000,128,24,10,0.050000,adaptive,16,128,10,1.000000,4.861,0.126,4.532,0.050,0.014,128,4382,270,bernoulli,8.0000,0.001000
sift1m,10000,128,24,10,0.050000,adaptive,32,256,10,1.000000,8.931,0.217,8.346,0.092,0.019,256,8553,490,bernoulli,8.0000,0.001000
sift1m,10000,128,24,10,0.050000,adaptive,64,512,10,1.000000,17.275,0.390,16.170,0.176,0.038,512,16279,868,bernoulli,8.0000,0.001000
sift1m,10000,128,24,10,0.100000,adaptive,8,64,10,1.000000,2.837,0.134,2.580,0.036,0.008,64,2417,242,bernoulli,8.0000,0.001000
sift1m,10000,128,24,10,0.100000,adaptive,16,128,10,1.000000,4.665,0.118,4.336,0.062,0.012,128,4382,423,bernoulli,8.0000,0.001000
sift1m,10000,128,24,10,0.100000,adaptive,32,256,10,1.000000,9.062,0.177,8.462,0.124,0.023,256,8553,860,bernoulli,8.0000,0.001000
sift1m,10000,128,24,10,0.100000,adaptive,64,512,10,1.000000,17.904,0.351,16.716,0.237,0.043,512,16279,1640,bernoulli,8.0000,0.001000
sift1m,10000,128,24,10,0.500000,adaptive,8,16,10,1.000000,0.799,0.105,0.646,0.017,0.003,16,601,316,bernoulli,8.0000,0.001000
sift1m,10000,128,24,10,0.500000,adaptive,16,32,10,1.000000,1.371,0.058,1.227,0.030,0.005,32,1214,616,bernoulli,8.0000,0.001000
sift1m,10000,128,24,10,0.500000,adaptive,32,64,10,1.000000,2.697,0.068,2.441,0.060,0.009,64,2417,1211,bernoulli,8.0000,0.001000
sift1m,10000,128,24,10,0.500000,adaptive,64,128,10,1.000000,4.935,0.110,4.482,0.114,0.014,128,4382,2215,bernoulli,8.0000,0.001000
sift1m,10000,128,24,10,1.000000,adaptive,8,8,10,0.900000,0.448,0.081,0.327,0.011,0.003,8,292,292,bernoulli,8.0000,0.001000
sift1m,10000,128,24,10,1.000000,adaptive,16,16,10,1.000000,0.711,0.050,0.607,0.021,0.003,16,601,601,bernoulli,8.0000,0.001000
sift1m,10000,128,24,10,1.000000,adaptive,32,32,10,1.000000,1.334,0.048,1.181,0.046,0.005,32,1214,1214,bernoulli,8.0000,0.001000
sift1m,10000,128,24,10,1.000000,adaptive,64,64,10,1.000000,2.604,0.062,2.367,0.083,0.010,64,2417,2417,bernoulli,8.0000,0.001000
sift1m,10000,128,25,10,0.001000,adaptive,8,64,1,0.100000,2.312,0.081,2.140,0.012,0.001,64,2222,1,bernoulli,8.0000,0.001000
sift1m,10000,128,25,10,0.001000,adaptive,16,128,1,0.100000,4.425,0.108,4.140,0.023,0.005,128,4174,2,bernoulli,8.0000,0.001000
sift1m,10000,128,25,10,0.001000,adaptive,32,256,3,0.300000,9.121,0.245,8.515,0.046,0.008,256,8466,6,bernoulli,8.0000,0.001000
sift1m,10000,128,25,10,0.001000,adaptive,64,512,7,0.700000,17.196,0.409,15.996,0.171,0.011,512,16351,17,bernoulli,8.0000,0.001000
sift1m,10000,128,25,10,0.010000,adaptive,8,64,10,0.700000,2.403,0.089,2.201,0.016,0.004,64,2222,22,bernoulli,8.0000,0.001000
sift1m,10000,128,25,10,0.010000,adaptive,16,128,10,0.800000,4.722,0.127,4.376,0.032,0.010,128,4174,36,bernoulli,8.0000,0.001000
sift1m,10000,128,25,10,0.010000,adaptive,32,256,10,1.000000,9.697,0.272,8.961,0.082,0.012,256,8466,69,bernoulli,8.0000,0.001000
sift1m,10000,128,25,10,0.010000,adaptive,64,512,10,1.000000,17.345,0.396,16.125,0.123,0.019,512,16351,145,bernoulli,8.0000,0.001000
sift1m,10000,128,25,10,0.050000,adaptive,8,64,10,1.000000,2.486,0.116,2.265,0.025,0.010,64,2222,104,bernoulli,8.0000,0.001000
sift1m,10000,128,25,10,0.050000,adaptive,16,128,10,1.000000,4.769,0.146,4.422,0.050,0.013,128,4174,232,bernoulli,8.0000,0.001000
sift1m,10000,128,25,10,0.050000,adaptive,32,256,10,1.000000,9.152,0.195,8.545,0.099,0.019,256,8466,449,bernoulli,8.0000,0.001000
sift1m,10000,128,25,10,0.050000,adaptive,64,512,10,1.000000,17.101,0.348,16.000,0.188,0.033,512,16351,813,bernoulli,8.0000,0.001000
sift1m,10000,128,25,10,0.100000,adaptive,8,64,10,1.000000,2.450,0.099,2.244,0.031,0.006,64,2222,207,bernoulli,8.0000,0.001000
sift1m,10000,128,25,10,0.100000,adaptive,16,128,10,1.000000,4.388,0.105,4.075,0.060,0.013,128,4174,436,bernoulli,8.0000,0.001000
sift1m,10000,128,25,10,0.100000,adaptive,32,256,10,1.000000,9.048,0.180,8.441,0.124,0.021,256,8466,890,bernoulli,8.0000,0.001000
sift1m,10000,128,25,10,0.100000,adaptive,64,512,10,1.000000,17.972,0.341,16.784,0.251,0.035,512,16351,1724,bernoulli,8.0000,0.001000
sift1m,10000,128,25,10,0.500000,adaptive,8,16,10,0.800000,0.742,0.085,0.612,0.015,0.003,16,571,289,bernoulli,8.0000,0.001000
sift1m,10000,128,25,10,0.500000,adaptive,16,32,10,0.800000,1.144,0.058,1.009,0.026,0.004,32,1037,516,bernoulli,8.0000,0.001000
sift1m,10000,128,25,10,0.500000,adaptive,32,64,10,1.000000,2.696,0.066,2.446,0.058,0.009,64,2222,1087,bernoulli,8.0000,0.001000
sift1m,10000,128,25,10,0.500000,adaptive,64,128,10,1.000000,4.468,0.115,4.043,0.105,0.012,128,4174,2040,bernoulli,8.0000,0.001000
sift1m,10000,128,25,10,1.000000,adaptive,8,8,10,0.600000,0.384,0.055,0.307,0.011,0.002,8,286,286,bernoulli,8.0000,0.001000
sift1m,10000,128,25,10,1.000000,adaptive,16,16,10,0.800000,0.670,0.043,0.586,0.020,0.002,16,571,571,bernoulli,8.0000,0.001000
sift1m,10000,128,25,10,1.000000,adaptive,32,32,10,0.800000,1.399,0.044,1.249,0.042,0.007,32,1037,1037,bernoulli,8.0000,0.001000
sift1m,10000,128,25,10,1.000000,adaptive,64,64,10,1.000000,2.691,0.139,2.367,0.082,0.008,64,2222,2222,bernoulli,8.0000,0.001000
sift1m,10000,128,26,10,0.001000,adaptive,8,64,3,0.333333,2.561,0.126,2.357,0.013,0.004,64,2223,4,bernoulli,8.0000,0.001000
sift1m,10000,128,26,10,0.001000,adaptive,16,128,3,0.333333,4.890,0.162,4.576,0.026,0.005,128,4443,6,bernoulli,8.0000,0.001000
sift1m,10000,128,26,10,0.001000,adaptive,32,256,3,0.333333,9.008,0.222,8.497,0.056,0.006,256,8548,8,bernoulli,8.0000,0.001000
sift1m,10000,128,26,10,0.001000,adaptive,64,512,5,0.555556,18.049,0.350,17.016,0.204,0.016,512,16279,11,bernoulli,8.0000,0.001000
sift1m,10000,128,26,10,0.010000,adaptive,8,64,10,0.800000,2.550,0.141,2.327,0.017,0.005,64,2223,21,bernoulli,8.0000,0.001000
sift1m,10000,128,26,10,0.010000,adaptive,16,128,10,0.900000,4.892,0.127,4.587,0.039,0.014,128,4443,44,bernoulli,8.0000,0.001000
sift1m,10000,128,26,10,0.010000,adaptive,32,256,10,1.000000,9.687,0.238,9.126,0.065,0.017,256,8548,101,bernoulli,8.0000,0.001000
sift1m,10000,128,26,10,0.010000,adaptive,64,512,10,1.000000,17.587,0.468,16.508,0.125,0.024,512,16279,201,bernoulli,8.0000,0.001000
sift1m,10000,128,26,10,0.050000,adaptive,8,64,10,1.000000,2.375,0.125,2.148,0.027,0.008,64,2223,131,bernoulli,8.0000,0.001000
sift1m,10000,128,26,10,0.050000,adaptive,16,128,10,1.000000,4.943,0.105,4.628,0.053,0.012,128,4443,254,bernoulli,8.0000,0.001000
sift1m,10000,128,26,10,0.050000,adaptive,32,256,10,1.000000,8.899,0.191,8.328,0.099,0.020,256,8548,477,bernoulli,8.0000,0.001000
sift1m,10000,128,26,10,0.050000,adaptive,64,512,10,1.000000,17.174,0.357,16.072,0.190,0.036,512,16279,871,bernoulli,8.0000,0.001000
sift1m,10000,128,26,10,0.100000,adaptive,8,64,10,1.000000,2.524,0.119,2.293,0.034,0.007,64,2223,230,bernoulli,8.0000,0.001000
sift1m,10000,128,26,10,0.100000,adaptive,16,128,10,1.000000,4.858,0.104,4.516,0.068,0.019,128,4443,446,bernoulli,8.0000,0.001000
sift1m,10000,128,26,10,0.100000,adaptive,32,256,10,1.000000,9.377,0.243,8.710,0.130,0.022,256,8548,844,bernoulli,8.0000,0.001000
sift1m,10000,128,26,10,0.100000,adaptive,64,512,10,1.000000,17.315,0.370,16.096,0.257,0.040,512,16279,1656,bernoulli,8.0000,0.001000
sift1m,10000,128,26,10,0.500000,adaptive,8,16,10,1.000000,0.645,0.081,0.521,0.015,0.003,16,525,282,bernoulli,8.0000,0.001000
sift1m,10000,128,26,10,0.500000,adaptive,16,32,10,1.000000,1.187,0.061,1.048,0.027,0.005,32,1067,552,bernoulli,8.0000,0.001000
sift1m,10000,128,26,10,0.500000,adaptive,32,64,10,1.000000,2.456,0.063,2.224,0.055,0.007,64,2223,1149,bernoulli,8.0000,0.001000
sift1m,10000,128,26,10,0.500000,adaptive,64,128,10,1.000000,5.285,0.134,4.770,0.130,0.016,128,4443,2258,bernoulli,8.0000,0.001000
sift1m,10000,128,26,10,1.000000,adaptive,8,8,10,1.000000,0.467,0.099,0.341,0.012,0.002,8,285,285,bernoulli,8.0000,0.001000
sift1m,10000,128,26,10,1.000000,adaptive,16,16,10,1.000000,0.614,0.069,0.505,0.019,0.002,16,525,525,bernoulli,8.0000,0.001000
sift1m,10000,128,26,10,1.000000,adaptive,32,32,10,1.000000,1.181,0.063,1.037,0.039,0.006,32,1067,1067,bernoulli,8.0000,0.001000
sift1m,10000,128,26,10,1.000000,adaptive,64,64,10,1.000000,2.399,0.068,2.168,0.079,0.008,64,2223,2223,bernoulli,8.0000,0.001000
sift1m,10000,128,27,10,0.001000,adaptive,8,64,1,0.142857,2.364,0.092,2.201,0.011,0.002,64,2186,1,bernoulli,8.0000,0.001000
sift1m,10000,128,27,10,0.001000,adaptive,16,128,2,0.285714,4.383,0.116,4.133,0.020,0.003,128,4239,3,bernoulli,8.0000,0.001000
sift1m,10000,128,27,10,0.001000,adaptive,32,256,3,0.428571,8.628,0.189,8.162,0.042,0.005,256,8352,8,bernoulli,8.0000,0.001000
sift1m,10000,128,27,10,0.001000,adaptive,64,512,3,0.428571,17.018,0.366,16.037,0.173,0.011,512,16301,8,bernoulli,8.0000,0.001000
sift1m,10000,128,27,10,0.010000,adaptive,8,64,10,0.800000,2.406,0.123,2.163,0.016,0.006,64,2186,26,bernoulli,8.0000,0.001000
sift1m,10000,128,27,10,0.010000,adaptive,16,128,10,1.000000,4.448,0.114,4.103,0.031,0.008,128,4239,50,bernoulli,8.0000,0.001000
sift1m,10000,128,27,10,0.010000,adaptive,32,256,10,1.000000,9.028,0.189,8.357,0.069,0.015,256,8352,117,bernoulli,8.0000,0.001000
sift1m,10000,128,27,10,0.010000,adaptive,64,512,10,1.000000,17.543,0.401,16.190,0.138,0.031,512,16301,225,bernoulli,8.0000,0.001000
sift1m,10000,128,27,10,0.050000,adaptive,8,64,10,0.900000,2.495,0.128,2.268,0.023,0.008,64,2186,109,bernoulli,8.0000,0.001000
sift1m,10000,128,27,10,0.050000,adaptive,16,128,10,1.000000,4.539,0.111,4.238,0.046,0.011,128,4239,197,bernoulli,8.0000,0.001000
sift1m,10000,128,27,10,0.050000,adaptive,32,256,10,1.000000,9.013,0.199,8.421,0.093,0.024,256,8352,407,bernoulli,8.0000,0.001000
sift1m,10000,128,27,10,0.050000,adaptive,64,512,10,1.000000,17.481,0.442,16.258,0.188,0.035,512,16301,812,bernoulli,8.0000,0.001000
sift1m,10000,128,27,10,0.100000,adaptive,8,64,10,1.000000,2.364,0.120,2.138,0.031,0.007,64,2186,209,bernoulli,8.0000,0.001000
sift1m,10000,128,27,10,0.100000,adaptive,16,128,10,1.000000,4.305,0.102,3.999,0.060,0.011,128,4239,423,bernoulli,8.0000,0.001000
sift1m,10000,128,27,10,0.100000,adaptive,32,256,10,1.000000,9.078,0.181,8.468,0.123,0.026,256,8352,829,bernoulli,8.0000,0.001000
sift1m,10000,128,27,10,0.100000,adaptive,64,512,10,1.000000,17.563,0.451,16.285,0.238,0.043,512,16301,1613,bernoulli,8.0000,0.001000
sift1m,10000,128,27,10,0.500000,adaptive,8,16,10,1.000000,0.741,0.077,0.621,0.014,0.003,16,559,265,bernoulli,8.0000,0.001000
sift1m,10000,128,27,10,0.500000,adaptive,16,32,10,1.000000,1.247,0.051,1.116,0.026,0.004,32,1110,543,bernoulli,8.0000,0.001000
sift1m,10000,128,27,10,0.500000,adaptive,32,64,10,1.000000,2.386,0.062,2.166,0.053,0.007,64,2186,1102,bernoulli,8.0000,0.001000
sift1m,10000,128,27,10,0.500000,adaptive,64,128,10,1.000000,4.786,0.088,4.368,0.110,0.019,128,4239,2187,bernoulli,8.0000,0.001000
sift1m,10000,128,27,10,1.000000,adaptive,8,8,10,0.800000,0.443,0.101,0.317,0.010,0.002,8,270,270,bernoulli,8.0000,0.001000
sift1m,10000,128,27,10,1.000000,adaptive,16,16,10,0.900000,0.719,0.053,0.623,0.019,0.003,16,559,559,bernoulli,8.0000,0.001000
sift1m,10000,128,27,10,1.000000,adaptive,32,32,10,1.000000,1.301,0.062,1.135,0.039,0.008,32,1110,1110,bernoulli,8.0000,0.001000
sift1m,10000,128,27,10,1.000000,adaptive,64,64,10,1.000000,2.445,0.062,2.217,0.079,0.008,64,2186,2186,bernoulli,8.0000,0.001000
sift1m,10000,128,28,10,0.001000,adaptive,8,64,3,0.300000,2.345,0.102,2.160,0.012,0.003,64,2159,5,bernoulli,8.0000,0.001000
sift1m,10000,128,28,10,0.001000,adaptive,16,128,5,0.500000,4.832,0.116,4.536,0.027,0.009,128,4409,8,bernoulli,8.0000,0.001000
sift1m,10000,128,28,10,0.001000,adaptive,32,256,9,0.800000,9.464,0.212,8.838,0.087,0.010,256,8551,14,bernoulli,8.0000,0.001000
sift1m,10000,128,28,10,0.001000,adaptive,64,512,10,1.000000,17.479,0.439,16.358,0.129,0.026,512,16279,35,bernoulli,8.0000,0.001000
sift1m,10000,128,28,10,0.010000,adaptive,8,64,10,0.900000,2.484,0.162,2.225,0.016,0.004,64,2159,22,bernoulli,8.0000,0.001000
sift1m,10000,128,28,10,0.010000,adaptive,16,128,10,1.000000,4.971,0.126,4.641,0.033,0.008,128,4409,50,bernoulli,8.0000,0.001000
sift1m,10000,128,28,10,0.010000,adaptive,32,256,10,1.000000,8.755,0.199,8.190,0.061,0.012,256,8551,103,bernoulli,8.0000,0.001000
sift1m,10000,128,28,10,0.010000,adaptive,64,512,10,1.000000,17.753,0.447,16.530,0.174,0.021,512,16279,181,bernoulli,8.0000,0.001000
sift1m,10000,128,28,10,0.050000,adaptive,8,64,10,1.000000,2.244,0.100,2.043,0.024,0.006,64,2159,98,bernoulli,8.0000,0.001000
sift1m,10000,128,28,10,0.050000,adaptive,16,128,10,1.000000,4.854,0.098,4.543,0.061,0.017,128,4409,205,bernoulli,8.0000,0.001000
sift1m,10000,128,28,10,0.050000,adaptive,32,256,10,1.000000,9.431,0.251,8.762,0.104,0.032,256,8551,408,bernoulli,8.0000,0.001000
sift1m,10000,128,28,10,0.050000,adaptive,64,512,10,1.000000,17.397,0.432,16.206,0.206,0.032,512,16279,796,bernoulli,8.0000,0.001000
sift1m,10000,128,28,10,0.100000,adaptive,8,64,10,1.000000,2.360,0.110,2.138,0.031,0.011,64,2159,209,bernoulli,8.0000,0.001000
sift1m,10000,128,28,10,0.100000,adaptive,16,128,10,1.000000,5.175,0.125,4.815,0.064,0.019,128,4409,433,bernoulli,8.0000,0.001000
sift1m,10000,128,28,10,0.100000,adaptive,32,256,10,1.000000,9.169,0.247,8.505,0.128,0.025,256,8551,833,bernoulli,8.0000,0.001000
sift1m,10000,128,28,10,0.100000,adaptive,64,512,10,1.000000,17.506,0.382,16.293,0.256,0.051,512,16279,1555,bernoulli,8.0000,0.001000
sift1m,10000,128,28,10,0.500000,adaptive,8,16,10,1.000000,0.751,0.116,0.588,0.015,0.003,16,510,284,bernoulli,8.0000,0.001000
sift1m,10000,128,28,10,0.500000,adaptive,16,32,10,1.000000,1.289,0.066,1.132,0.029,0.008,32,1090,582,bernoulli,8.0000,0.001000
sift1m,10000,128,28,10,0.500000,adaptive,32,64,10,1.000000,2.563,0.077,2.296,0.061,0.009,64,2159,1161,bernoulli,8.0000,0.001000
sift1m,10000,128,28,10,0.500000,adaptive,64,128,10,1.000000,5.012,0.156,4.519,0.119,0.014,128,4409,2350,bernoulli,8.0000,0.001000
sift1m,10000,128,28,10,1.000000,adaptive,8,8,10,1.000000,0.367,0.070,0.274,0.010,0.002,8,256,256,bernoulli,8.0000,0.001000
sift1m,10000,128,28,10,1.000000,adaptive,16,16,10,1.000000,0.758,0.048,0.652,0.023,0.004,16,510,510,bernoulli,8.0000,0.001000
sift1m,10000,128,28,10,1.000000,adaptive,32,32,10,1.000000,1.193,0.063,1.038,0.040,0.005,32,1090,1090,bernoulli,8.0000,0.001000
sift1m,10000,128,28,10,1.000000,adaptive,64,64,10,1.000000,2.243,0.064,2.014,0.078,0.009,64,2159,2159,bernoulli,8.0000,0.001000
sift1m,10000,128,29,10,0.001000,adaptive,8,64,4,0.400000,2.053,0.084,1.882,0.011,0.003,64,2024,10,bernoulli,8.0000,0.001000
sift1m,10000,128,29,10,0.001000,adaptive,16,128,4,0.400000,4.317,0.097,4.041,0.024,0.007,128,4127,16,bernoulli,8.0000,0.001000
sift1m,10000,128,29,10,0.001000,adaptive,32,256,6,0.600000,9.243,0.239,8.644,0.048,0.010,256,8249,18,bernoulli,8.0000,0.001000
sift1m,10000,128,29,10,0.001000,adaptive,64,512,10,1.000000,17.388,0.484,16.212,0.096,0.014,512,16418,34,bernoulli,8.0000,0.001000
sift1m,10000,128,29,10,0.010000,adaptive,8,64,7,0.600000,2.163,0.116,1.954,0.015,0.002,64,2024,10,bernoulli,8.0000,0.001000
sift1m,10000,128,29,10,0.010000,adaptive,16,128,10,0.800000,4.642,0.093,4.304,0.063,0.012,128,4127,23,bernoulli,8.0000,0.001000
sift1m,10000,128,29,10,0.010000,adaptive,32,256,10,1.000000,8.878,0.233,8.238,0.062,0.017,256,8249,55,bernoulli,8.0000,0.001000
sift1m,10000,128,29,10,0.010000,adaptive,64,512,10,1.000000,18.242,0.444,16.973,0.168,0.027,512,16418,121,bernoulli,8.0000,0.001000
sift1m,10000,128,29,10,0.050000,adaptive,8,64,10,1.000000,2.243,0.129,2.012,0.025,0.010,64,2024,120,bernoulli,8.0000,0.001000
sift1m,10000,128,29,10,0.050000,adaptive,16,128,10,1.000000,4.130,0.097,3.846,0.049,0.010,128,4127,247,bernoulli,8.0000,0.001000
sift1m,10000,128,29,10,0.050000,adaptive,32,256,10,1.000000,9.050,0.169,8.476,0.101,0.020,256,8249,515,bernoulli,8.0000,0.001000
sift1m,10000,128,29,10,0.050000,adaptive,64,512,10,1.000000,17.686,0.381,16.502,0.209,0.044,512,16418,964,bernoulli,8.0000,0.001000
sift1m,10000,128,29,10,0.100000,adaptive,8,64,10,1.000000,2.332,0.140,2.080,0.032,0.008,64,2024,220,bernoulli,8.0000,0.001000
sift1m,10000,128,29,10,0.100000,adaptive,16,128,10,1.000000,4.588,0.118,4.252,0.062,0.014,128,4127,448,bernoulli,8.0000,0.001000
sift1m,10000,128,29,10,0.100000,adaptive,32,256,10,1.000000,9.058,0.200,8.420,0.126,0.023,256,8249,901,bernoulli,8.0000,0.001000
sift1m,10000,128,29,10,0.100000,adaptive,64,512,10,1.000000,17.610,0.488,16.322,0.244,0.033,512,16418,1765,bernoulli,8.0000,0.001000
sift1m,10000,128,29,10,0.500000,adaptive,8,16,10,1.000000,0.516,0.069,0.409,0.012,0.003,16,434,216,bernoulli,8.0000,0.001000
sift1m,10000,128,29,10,0.500000,adaptive,16,32,10,1.000000,1.023,0.052,0.897,0.024,0.004,32,970,491,bernoulli,8.0000,0.001000
sift1m,10000,128,29,10,0.500000,adaptive,32,64,10,1.000000,2.204,0.062,1.991,0.051,0.007,64,2024,1020,bernoulli,8.0000,0.001000
sift1m,10000,128,29,10,0.500000,adaptive,64,128,10,1.000000,4.586,0.093,4.160,0.105,0.013,128,4127,2020,bernoulli,8.0000,0.001000
sift1m,10000,128,29,10,1.000000,adaptive,8,8,10,1.000000,0.272,0.063,0.189,0.008,0.002,8,187,187,bernoulli,8.0000,0.001000
sift1m,10000,128,29,10,1.000000,adaptive,16,16,10,1.000000,0.546,0.041,0.463,0.017,0.004,16,434,434,bernoulli,8.0000,0.001000
sift1m,10000,128,29,10,1.000000,adaptive,32,32,10,1.000000,1.181,0.069,1.000,0.037,0.006,32,970,970,bernoulli,8.0000,0.001000
sift1m,10000,128,29,10,1.000000,adaptive,64,64,10,1.000000,2.153,0.080,1.906,0.075,0.006,64,2024,2024,bernoulli,8.0000,0.001000
sift1m,10000,128,30,10,0.001000,adaptive,8,64,1,0.142857,2.283,0.084,2.127,0.011,0.001,64,2231,3,bernoulli,8.0000,0.001000
sift1m,10000,128,30,10,0.001000,adaptive,16,128,3,0.428571,4.587,0.098,4.340,0.025,0.006,128,4361,7,bernoulli,8.0000,0.001000
sift1m,10000,128,30,10,0.001000,adaptive,32,256,4,0.571429,8.537,0.276,7.980,0.053,0.007,256,8384,14,bernoulli,8.0000,0.001000
sift1m,10000,128,30,10,0.001000,adaptive,64,512,5,0.714286,16.576,0.350,15.694,0.089,0.011,512,16290,20,bernoulli,8.0000,0.001000
sift1m,10000,128,30,10,0.010000,adaptive,8,64,10,1.000000,2.349,0.077,2.148,0.016,0.004,64,2231,31,bernoulli,8.0000,0.001000
sift1m,10000,128,30,10,0.010000,adaptive,16,128,10,1.000000,4.938,0.092,4.580,0.049,0.012,128,4361,61,bernoulli,8.0000,0.001000
sift1m,10000,128,30,10,0.010000,adaptive,32,256,10,1.000000,9.443,0.246,8.707,0.064,0.018,256,8384,89,bernoulli,8.0000,0.001000
sift1m,10000,128,30,10,0.010000,adaptive,64,512,10,1.000000,17.881,0.484,16.486,0.145,0.022,512,16290,167,bernoulli,8.0000,0.001000
sift1m,10000,128,30,10,0.050000,adaptive,8,64,10,1.000000,2.625,0.126,2.382,0.027,0.010,64,2231,99,bernoulli,8.0000,0.001000
sift1m,10000,128,30,10,0.050000,adaptive,16,128,10,1.000000,4.723,0.131,4.377,0.050,0.013,128,4361,203,bernoulli,8.0000,0.001000
sift1m,10000,128,30,10,0.050000,adaptive,32,256,10,1.000000,8.968,0.205,8.386,0.098,0.019,256,8384,437,bernoulli,8.0000,0.001000
sift1m,10000,128,30,10,0.050000,adaptive,64,512,10,1.000000,17.426,0.356,16.307,0.207,0.042,512,16290,842,bernoulli,8.0000,0.001000
sift1m,10000,128,30,10,0.100000,adaptive,8,64,10,1.000000,2.518,0.138,2.278,0.028,0.006,64,2231,175,bernoulli,8.0000,0.001000
sift1m,10000,128,30,10,0.100000,adaptive,16,128,10,1.000000,4.831,0.109,4.520,0.058,0.011,128,4361,374,bernoulli,8.0000,0.001000
sift1m,10000,128,30,10,0.100000,adaptive,32,256,10,1.000000,9.103,0.206,8.487,0.113,0.024,256,8384,718,bernoulli,8.0000,0.001000
sift1m,10000,128,30,10,0.100000,adaptive,64,512,10,1.000000,16.841,0.432,15.639,0.220,0.035,512,16290,1442,bernoulli,8.0000,0.001000
sift1m,10000,128,30,10,0.500000,adaptive,8,16,10,1.000000,0.644,0.081,0.520,0.013,0.003,16,524,261,bernoulli,8.0000,0.001000
sift1m,10000,128,30,10,0.500000,adaptive,16,32,10,1.000000,1.207,0.058,1.068,0.027,0.005,32,1077,535,bernoulli,8.0000,0.001000
sift1m,10000,128,30,10,0.500000,adaptive,32,64,10,1.000000,2.491,0.084,2.242,0.056,0.007,64,2231,1088,bernoulli,8.0000,0.001000
sift1m,10000,128,30,10,0.500000,adaptive,64,128,10,1.000000,4.780,0.110,4.353,0.107,0.013,128,4361,2121,bernoulli,8.0000,0.001000
sift1m,10000,128,30,10,1.000000,adaptive,8,8,10,0.900000,0.295,0.057,0.218,0.009,0.002,8,230,230,bernoulli,8.0000,0.001000
sift1m,10000,128,30,10,1.000000,adaptive,16,16,10,0.900000,0.575,0.041,0.495,0.018,0.002,16,524,524,bernoulli,8.0000,0.001000
sift1m,10000,128,30,10,1.000000,adaptive,32,32,10,0.900000,1.208,0.042,1.082,0.038,0.004,32,1077,1077,bernoulli,8.0000,0.001000
sift1m,10000,128,30,10,1.000000,adaptive,64,64,10,1.000000,2.396,0.053,2.186,0.078,0.006,64,2231,2231,bernoulli,8.0000,0.001000
sift1m,10000,128,31,10,0.001000,adaptive,8,64,4,0.400000,2.347,0.089,2.186,0.012,0.002,64,2227,6,bernoulli,8.0000,0.001000
sift1m,10000,128,31,10,0.001000,adaptive,16,128,5,0.500000,4.972,0.100,4.688,0.052,0.008,128,4245,8,bernoulli,8.0000,0.001000
sift1m,10000,128,31,10,0.001000,adaptive,32,256,6,0.600000,8.929,0.263,8.383,0.053,0.007,256,8431,14,bernoulli,8.0000,0.001000
sift1m,10000,128,31,10,0.001000,adaptive,64,512,7,0.700000,17.178,0.388,16.169,0.165,0.015,512,16279,21,bernoulli,8.0000,0.001000
sift1m,10000,128,31,10,0.010000,adaptive,8,64,10,1.000000,2.552,0.146,2.295,0.022,0.006,64,2227,18,bernoulli,8.0000,0.001000
sift1m,10000,128,31,10,0.010000,adaptive,16,128,10,1.000000,4.618,0.141,4.281,0.041,0.007,128,4245,36,bernoulli,8.0000,0.001000
sift1m,10000,128,31,10,0.010000,adaptive,32,256,10,1.000000,9.082,0.182,8.496,0.062,0.014,256,8431,76,bernoulli,8.0000,0.001000
sift1m,10000,128,31,10,0.010000,adaptive,64,512,10,1.000000,17.303,0.373,16.114,0.177,0.030,512,16279,138,bernoulli,8.0000,0.001000
sift1m,10000,128,31,10,0.050000,adaptive,8,64,10,1.000000,2.580,0.149,2.328,0.024,0.008,64,2227,108,bernoulli,8.0000,0.001000
sift1m,10000,128,31,10,0.050000,adaptive,16,128,10,1.000000,4.479,0.143,4.158,0.044,0.011,128,4245,198,bernoulli,8.0000,0.001000
sift1m,10000,128,31,10,0.050000,adaptive,32,256,10,1.000000,9.138,0.196,8.572,0.091,0.022,256,8431,408,bernoulli,8.0000,0.001000
sift1m,10000,128,31,10,0.050000,adaptive,64,512,10,1.000000,17.204,0.417,16.084,0.179,0.034,512,16279,829,bernoulli,8.0000,0.001000
sift1m,10000,128,31,10,0.100000,adaptive,8,64,10,1.000000,2.523,0.098,2.315,0.031,0.007,64,2227,204,bernoulli,8.0000,0.001000
sift1m,10000,128,31,10,0.100000,adaptive,16,128,10,1.000000,4.631,0.112,4.302,0.061,0.017,128,4245,393,bernoulli,8.0000,0.001000
sift1m,10000,128,31,10,0.100000,adaptive,32,256,10,1.000000,9.057,0.222,8.417,0.119,0.021,256,8431,781,bernoulli,8.0000,0.001000
sift1m,10000,128,31,10,0.100000,adaptive,64,512,10,1.000000,17.177,0.355,15.988,0.233,0.045,512,16279,1538,bernoulli,8.0000,0.001000
sift1m,10000,128,31,10,0.500000,adaptive,8,16,10,0.900000,0.732,0.110,0.579,0.014,0.003,16,542,244,bernoulli,8.0000,0.001000
sift1m,10000,128,31,10,0.500000,adaptive,16,32,10,1.000000,1.284,0.064,1.138,0.026,0.005,32,1081,514,bernoulli,8.0000,0.001000
sift1m,10000,128,31,10,0.500000,adaptive,32,64,10,1.000000,2.570,0.075,2.320,0.057,0.010,64,2227,1112,bernoulli,8.0000,0.001000
sift1m,10000,128,31,10,0.500000,adaptive,64,128,10,1.000000,5.020,0.156,4.505,0.118,0.013,128,4245,2172,bernoulli,8.0000,0.001000
sift1m,10000,128,31,10,1.000000,adaptive,8,8,10,1.000000,0.433,0.103,0.305,0.010,0.002,8,258,258,bernoulli,8.0000,0.001000
sift1m,10000,128,31,10,1.000000,adaptive,16,16,10,1.000000,0.733,0.066,0.619,0.020,0.002,16,542,542,bernoulli,8.0000,0.001000
sift1m,10000,128,31,10,1.000000,adaptive,32,32,10,1.000000,1.276,0.072,1.118,0.040,0.004,32,1081,1081,bernoulli,8.0000,0.001000
sift1m,10000,128,31,10,1.000000,adaptive,64,64,10,1.000000,2.538,0.074,2.294,0.081,0.005,64,2227,2227,bernoulli,8.0000,0.001000
sift1m,10000,128,32,10,0.001000,adaptive,8,64,1,0.250000,2.277,0.089,2.120,0.010,0.002,64,2188,1,bernoulli,8.0000,0.001000
sift1m,10000,128,32,10,0.001000,adaptive,16,128,2,0.500000,4.810,0.101,4.561,0.022,0.005,128,4340,6,bernoulli,8.0000,0.001000
sift1m,10000,128,32,10,0.001000,adaptive,32,256,3,0.750000,9.516,0.190,9.016,0.064,0.007,256,8505,8,bernoulli,8.0000,0.001000
sift1m,10000,128,32,10,0.001000,adaptive,64,512,3,0.750000,17.040,0.393,16.094,0.100,0.011,512,16301,10,bernoulli,8.0000,0.001000
sift1m,10000,128,32,10,0.010000,adaptive,8,64,10,0.700000,2.344,0.128,2.115,0.016,0.004,64,2188,20,bernoulli,8.0000,0.001000
sift1m,10000,128,32,10,0.010000,adaptive,16,128,10,1.000000,4.826,0.104,4.510,0.037,0.007,128,4340,37,bernoulli,8.0000,0.001000
sift1m,10000,128,32,10,0.010000,adaptive,32,256,10,1.000000,9.510,0.187,8.894,0.065,0.014,256,8505,65,bernoulli,8.0000,0.001000
sift1m,10000,128,32,10,0.010000,adaptive,64,512,10,1.000000,18.331,0.414,17.109,0.127,0.020,512,16301,127,bernoulli,8.0000,0.001000
sift1m,10000,128,32,10,0.050000,adaptive,8,64,10,1.000000,2.385,0.129,2.155,0.026,0.007,64,2188,135,bernoulli,8.0000,0.001000
sift1m,10000,128,32,10,0.050000,adaptive,16,128,10,1.000000,4.576,0.108,4.271,0.053,0.012,128,4340,275,bernoulli,8.0000,0.001000
sift1m,10000,128,32,10,0.050000,adaptive,32,256,10,1.000000,9.336,0.193,8.741,0.106,0.025,256,8505,507,bernoulli,8.0000,0.001000
sift1m,10000,128,32,10,0.050000,adaptive,64,512,10,1.000000,18.106,0.430,16.869,0.195,0.037,512,16301,890,bernoulli,8.0000,0.001000
sift1m,10000,128,32,10,0.100000,adaptive,8,64,10,0.900000,2.334,0.132,2.100,0.029,0.006,64,2188,180,bernoulli,8.0000,0.001000
sift1m,10000,128,32,10,0.100000,adaptive,16,128,10,1.000000,4.804,0.108,4.471,0.060,0.021,128,4340,384,bernoulli,8.0000,0.001000
sift1m,10000,128,32,10,0.100000,adaptive,32,256,10,1.000000,9.209,0.237,8.557,0.117,0.023,256,8505,758,bernoulli,8.0000,0.001000
sift1m,10000,128,32,10,0.100000,adaptive,64,512,10,1.000000,17.619,0.507,16.304,0.235,0.035,512,16301,1512,bernoulli,8.0000,0.001000
sift1m,10000,128,32,10,0.500000,adaptive,8,16,10,0.500000,0.651,0.088,0.522,0.013,0.003,16,515,251,bernoulli,8.0000,0.001000
sift1m,10000,128,32,10,0.500000,adaptive,16,32,10,0.800000,1.144,0.059,1.008,0.025,0.004,32,1055,514,bernoulli,8.0000,0.001000
sift1m,10000,128,32,10,0.500000,adaptive,32,64,10,1.000000,2.698,0.065,2.443,0.059,0.014,64,2188,1079,bernoulli,8.0000,0.001000
sift1m,10000,128,32,10,0.500000,adaptive,64,128,10,1.000000,5.128,0.170,4.617,0.113,0.015,128,4340,2130,bernoulli,8.0000,0.001000
sift1m,10000,128,32,10,1.000000,adaptive,8,8,10,0.300000,0.490,0.109,0.353,0.011,0.003,8,258,258,bernoulli,8.0000,0.001000
sift1m,10000,128,32,10,1.000000,adaptive,16,16,10,0.400000,0.699,0.073,0.575,0.020,0.004,16,515,515,bernoulli,8.0000,0.001000
sift1m,10000,128,32,10,1.000000,adaptive,32,32,10,1.000000,1.358,0.081,1.173,0.042,0.006,32,1055,1055,bernoulli,8.0000,0.001000
sift1m,10000,128,32,10,1.000000,adaptive,64,64,10,1.000000,2.772,0.111,2.453,0.088,0.009,64,2188,2188,bernoulli,8.0000,0.001000
sift1m,10000,128,33,10,0.001000,adaptive,8,64,0,0.000000,2.356,0.104,2.183,0.011,0.001,64,2245,0,bernoulli,8.0000,0.001000
sift1m,10000,128,33,10,0.001000,adaptive,16,128,1,0.125000,4.773,0.102,4.532,0.022,0.004,128,4405,1,bernoulli,8.0000,0.001000
sift1m,10000,128,33,10,0.001000,adaptive,32,256,3,0.375000,9.515,0.215,9.016,0.047,0.007,256,8558,5,bernoulli,8.0000,0.001000
sift1m,10000,128,33,10,0.001000,adaptive,64,512,5,0.625000,18.557,0.415,17.552,0.102,0.011,512,16662,10,bernoulli,8.0000,0.001000
sift1m,10000,128,33,10,0.010000,adaptive,8,64,10,0.400000,2.420,0.119,2.195,0.016,0.003,64,2245,16,bernoulli,8.0000,0.001000
sift1m,10000,128,33,10,0.010000,adaptive,16,128,10,0.800000,5.019,0.096,4.675,0.057,0.011,128,4405,31,bernoulli,8.0000,0.001000
sift1m,10000,128,33,10,0.010000,adaptive,32,256,10,1.000000,9.560,0.243,8.836,0.088,0.013,256,8558,80,bernoulli,8.0000,0.001000
sift1m,10000,128,33,10,0.010000,adaptive,64,512,10,1.000000,17.769,0.374,16.540,0.177,0.026,512,16662,197,bernoulli,8.0000,0.001000
sift1m,10000,128,33,10,0.050000,adaptive,8,64,10,1.000000,2.735,0.138,2.486,0.028,0.009,64,2245,105,bernoulli,8.0000,0.001000
sift1m,10000,128,33,10,0.050000,adaptive,16,128,10,1.000000,4.500,0.105,4.202,0.053,0.010,128,4405,209,bernoulli,8.0000,0.001000
sift1m,10000,128,33,10,0.050000,adaptive,32,256,10,1.000000,8.917,0.165,8.353,0.099,0.018,256,8558,412,bernoulli,8.0000,0.001000
sift1m,10000,128,33,10,0.050000,adaptive,64,512,10,1.000000,18.157,0.344,17.039,0.204,0.042,512,16662,813,bernoulli,8.0000,0.001000
sift1m,10000,128,33,10,0.100000,adaptive,8,64,10,0.900000,2.554,0.129,2.306,0.037,0.010,64,2245,260,bernoulli,8.0000,0.001000
sift1m,10000,128,33,10,0.100000,adaptive,16,128,10,1.000000,4.781,0.111,4.441,0.072,0.012,128,4405,497,bernoulli,8.0000,0.001000
sift1m,10000,128,33,10,0.100000,adaptive,32,256,10,1.000000,9.602,0.197,8.925,0.154,0.024,256,8558,963,bernoulli,8.0000,0.001000
sift1m,10000,128,33,10,0.100000,adaptive,64,512,10,1.000000,18.058,0.453,16.715,0.268,0.037,512,16662,1843,bernoulli,8.0000,0.001000
sift1m,10000,128,33,10,0.500000,adaptive,8,16,10,0.700000,0.677,0.090,0.546,0.014,0.003,16,532,269,bernoulli,8.0000,0.001000
sift1m,10000,128,33,10,0.500000,adaptive,16,32,10,0.900000,1.219,0.058,1.080,0.027,0.004,32,1115,560,bernoulli,8.0000,0.001000
sift1m,10000,128,33,10,0.500000,adaptive,32,64,10,1.000000,2.644,0.068,2.391,0.057,0.007,64,2245,1117,bernoulli,8.0000,0.001000
sift1m,10000,128,33,10,0.500000,adaptive,64,128,10,1.000000,4.805,0.112,4.364,0.113,0.010,128,4405,2227,bernoulli,8.0000,0.001000
sift1m,10000,128,33,10,1.000000,adaptive,8,8,10,0.600000,0.341,0.059,0.260,0.009,0.002,8,253,253,bernoulli,8.0000,0.001000
sift1m,10000,128,33,10,1.000000,adaptive,16,16,10,0.700000,0.616,0.045,0.533,0.018,0.002,16,532,532,bernoulli,8.0000,0.001000
sift1m,10000,128,33,10,1.000000,adaptive,32,32,10,0.800000,1.239,0.045,1.114,0.038,0.004,32,1115,1115,bernoulli,8.0000,0.001000
sift1m,10000,128,33,10,1.000000,adaptive,64,64,10,0.900000,2.652,0.059,2.411,0.081,0.010,64,2245,2245,bernoulli,8.0000,0.001000
sift1m,10000,128,34,10,0.001000,adaptive,8,64,0,0.000000,2.481,0.148,2.258,0.011,0.006,64,2156,0,bernoulli,8.0000,0.001000
sift1m,10000,128,34,10,0.001000,adaptive,16,128,0,0.000000,4.626,0.133,4.359,0.021,0.002,128,4421,0,bernoulli,8.0000,0.001000
sift1m,10000,128,34,10,0.001000,adaptive,32,256,2,0.250000,8.885,0.181,8.429,0.048,0.005,256,8421,3,bernoulli,8.0000,0.001000
sift1m,10000,128,34,10,0.001000,adaptive,64,512,2,0.250000,17.183,0.338,16.219,0.166,0.012,512,16293,6,bernoulli,8.0000,0.001000
sift1m,10000,128,34,10,0.010000,adaptive,8,64,10,1.000000,2.404,0.132,2.185,0.020,0.006,64,2156,35,bernoulli,8.0000,0.001000
sift1m,10000,128,34,10,0.010000,adaptive,16,128,10,1.000000,4.838,0.114,4.549,0.034,0.017,128,4421,68,bernoulli,8.0000,0.001000
sift1m,10000,128,34,10,0.010000,adaptive,32,256,10,1.000000,9.192,0.248,8.610,0.076,0.019,256,8421,109,bernoulli,8.0000,0.001000
sift1m,10000,128,34,10,0.010000,adaptive,64,512,10,1.000000,17.737,0.462,16.640,0.130,0.023,512,16293,197,bernoulli,8.0000,0.001000
sift1m,10000,128,34,10,0.050000,adaptive,8,64,10,0.900000,2.316,0.127,2.095,0.023,0.007,64,2156,103,bernoulli,8.0000,0.001000
sift1m,10000,128,34,10,0.050000,adaptive,16,128,10,0.900000,4.821,0.103,4.513,0.048,0.021,128,4421,223,bernoulli,8.0000,0.001000
sift1m,10000,128,34,10,0.050000,adaptive,32,256,10,1.000000,9.528,0.240,8.903,0.094,0.022,256,8421,437,bernoulli,8.0000,0.001000
sift1m,10000,128,34,10,0.050000,adaptive,64,512,10,1.000000,17.107,0.363,16.025,0.179,0.033,512,16293,882,bernoulli,8.0000,0.001000
sift1m,10000,128,34,10,0.100000,adaptive,8,64,10,1.000000,2.486,0.099,2.269,0.033,0.008,64,2156,228,bernoulli,8.0000,0.001000
sift1m,10000,128,34,10,0.100000,adaptive,16,128,10,1.000000,4.735,0.138,4.378,0.065,0.013,128,4421,462,bernoulli,8.0000,0.001000
sift1m,10000,128,34,10,0.100000,adaptive,32,256,10,1.000000,9.415,0.189,8.779,0.124,0.029,256,8421,832,bernoulli,8.0000,0.001000
sift1m,10000,128,34,10,0.100000,adaptive,64,512,10,1.000000,17.891,0.458,16.560,0.243,0.038,512,16293,1625,bernoulli,8.0000,0.001000
sift1m,10000,128,34,10,0.500000,adaptive,8,16,10,1.000000,0.693,0.105,0.546,0.013,0.003,16,528,247,bernoulli,8.0000,0.001000
sift1m,10000,128,34,10,0.500000,adaptive,16,32,10,1.000000,1.231,0.058,1.091,0.027,0.005,32,1099,546,bernoulli,8.0000,0.001000
sift1m,10000,128,34,10,0.500000,adaptive,32,64,10,1.000000,2.337,0.066,2.116,0.052,0.007,64,2156,1050,bernoulli,8.0000,0.001000
sift1m,10000,128,34,10,0.500000,adaptive,64,128,10,1.000000,5.024,0.095,4.590,0.110,0.019,128,4421,2189,bernoulli,8.0000,0.001000
sift1m,10000,128,34,10,1.000000,adaptive,8,8,10,0.900000,0.420,0.089,0.309,0.010,0.002,8,271,271,bernoulli,8.0000,0.001000
sift1m,10000,128,34,10,1.000000,adaptive,16,16,10,1.000000,0.680,0.050,0.575,0.018,0.003,16,528,528,bernoulli,8.0000,0.001000
sift1m,10000,128,34,10,1.000000,adaptive,32,32,10,1.000000,1.314,0.048,1.181,0.040,0.005,32,1099,1099,bernoulli,8.0000,0.001000
sift1m,10000,128,34,10,1.000000,adaptive,64,64,10,1.000000,2.460,0.086,2.212,0.080,0.007,64,2156,2156,bernoulli,8.0000,0.001000
sift1m,10000,128,35,10,0.001000,adaptive,8,64,1,0.142857,2.590,0.121,2.393,0.011,0.003,64,2339,1,bernoulli,8.0000,0.001000
sift1m,10000,128,35,10,0.001000,adaptive,16,128,3,0.428571,4.645,0.105,4.391,0.024,0.004,128,4430,3,bernoulli,8.0000,0.001000
sift1m,10000,128,35,10,0.001000,adaptive,32,256,3,0.428571,8.925,0.194,8.447,0.044,0.011,256,8520,4,bernoulli,8.0000,0.001000
sift1m,10000,128,35,10,0.001000,adaptive,64,512,4,0.571429,17.448,0.428,16.474,0.088,0.012,512,16626,12,bernoulli,8.0000,0.001000
sift1m,10000,128,35,10,0.010000,adaptive,8,64,10,0.900000,2.964,0.135,2.690,0.018,0.006,64,2339,28,bernoulli,8.0000,0.001000
sift1m,10000,128,35,10,0.010000,adaptive,16,128,10,1.000000,4.595,0.122,4.237,0.032,0.007,128,4430,62,bernoulli,8.0000,0.001000
sift1m,10000,128,35,10,0.010000,adaptive,32,256,10,1.000000,8.961,0.170,8.304,0.064,0.012,256,8520,111,bernoulli,8.0000,0.001000
sift1m,10000,128,35,10,0.010000,adaptive,64,512,10,1.000000,18.360,0.350,17.023,0.188,0.034,512,16626,211,bernoulli,8.0000,0.001000
sift1m,10000,128,35,10,0.050000,adaptive,8,64,10,0.900000,2.645,0.143,2.396,0.024,0.009,64,2339,107,bernoulli,8.0000,0.001000
sift1m,10000,128,35,10,0.050000,adaptive,16,128,10,1.000000,4.817,0.114,4.507,0.046,0.015,128,4430,198,bernoulli,8.0000,0.001000
sift1m,10000,128,35,10,0.050000,adaptive,32,256,10,1.000000,9.425,0.202,8.836,0.095,0.024,256,8520,367,bernoulli,8.0000,0.001000
sift1m,10000,128,35,10,0.050000,adaptive,64,512,10,1.000000,18.522,0.441,17.285,0.188,0.037,512,16626,794,bernoulli,8.0000,0.001000
sift1m,10000,128,35,10,0.100000,adaptive,8,64,10,1.000000,2.831,0.139,2.535,0.046,0.009,64,2339,259,bernoulli,8.0000,0.001000
sift1m,10000,128,35,10,0.100000,adaptive,16,128,10,1.000000,5.011,0.124,4.646,0.073,0.018,128,4430,477,bernoulli,8.0000,0.001000
sift1m,10000,128,35,10,0.100000,adaptive,32,256,10,1.000000,10.041,0.237,9.272,0.162,0.027,256,8520,925,bernoulli,8.0000,0.001000
sift1m,10000,128,35,10,0.100000,adaptive,64,512,10,1.000000,18.004,0.399,16.735,0.268,0.050,512,16626,1781,bernoulli,8.0000,0.001000
sift1m,10000,128,35,10,0.500000,adaptive,8,16,10,0.900000,0.686,0.073,0.567,0.015,0.003,16,581,269,bernoulli,8.0000,0.001000
sift1m,10000,128,35,10,0.500000,adaptive,16,32,10,1.000000,1.599,0.054,1.436,0.032,0.006,32,1186,587,bernoulli,8.0000,0.001000
sift1m,10000,128,35,10,0.500000,adaptive,32,64,10,1.000000,2.743,0.114,2.425,0.060,0.007,64,2339,1157,bernoulli,8.0000,0.001000
sift1m,10000,128,35,10,0.500000,adaptive,64,128,10,1.000000,5.278,0.124,4.761,0.115,0.018,128,4430,2154,bernoulli,8.0000,0.001000
sift1m,10000,128,35,10,1.000000,adaptive,8,8,10,0.900000,0.411,0.104,0.285,0.010,0.002,8,273,273,bernoulli,8.0000,0.001000
sift1m,10000,128,35,10,1.000000,adaptive,16,16,10,1.000000,0.709,0.056,0.608,0.022,0.002,16,581,581,bernoulli,8.0000,0.001000
sift1m,10000,128,35,10,1.000000,adaptive,32,32,10,1.000000,1.434,0.059,1.277,0.043,0.005,32,1186,1186,bernoulli,8.0000,0.001000
sift1m,10000,128,35,10,1.000000,adaptive,64,64,10,1.000000,2.779,0.092,2.469,0.108,0.006,64,2339,2339,bernoulli,8.0000,0.001000
sift1m,10000,128,36,10,0.001000,adaptive,8,64,0,0.000000,2.244,0.084,2.091,0.011,0.001,64,2135,0,bernoulli,8.0000,0.001000
sift1m,10000,128,36,10,0.001000,adaptive,16,128,0,0.000000,4.542,0.098,4.303,0.023,0.003,128,4481,0,bernoulli,8.0000,0.001000
sift1m,10000,128,36,10,0.001000,adaptive,32,256,2,0.200000,8.897,0.168,8.451,0.047,0.004,256,8648,2,bernoulli,8.0000,0.001000
sift1m,10000,128,36,10,0.001000,adaptive,64,512,6,0.600000,18.400,0.341,17.427,0.157,0.012,512,16742,12,bernoulli,8.0000,0.001000
sift1m,10000,128,36,10,0.010000,adaptive,8,64,10,0.700000,2.342,0.126,2.109,0.015,0.004,64,2135,15,bernoulli,8.0000,0.001000
sift1m,10000,128,36,10,0.010000,adaptive,16,128,10,0.800000,5.041,0.103,4.671,0.059,0.014,128,4481,37,bernoulli,8.0000,0.001000
sift1m,10000,128,36,10,0.010000,adaptive,32,256,10,1.000000,9.398,0.242,8.717,0.078,0.019,256,8648,68,bernoulli,8.0000,0.001000
sift1m,10000,128,36,10,0.010000,adaptive,64,512,10,1.000000,18.369,0.502,17.033,0.145,0.023,512,16742,131,bernoulli,8.0000,0.001000
sift1m,10000,128,36,10,0.050000,adaptive,8,64,10,1.000000,2.595,0.134,2.345,0.027,0.011,64,2135,125,bernoulli,8.0000,0.001000
sift1m,10000,128,36,10,0.050000,adaptive,16,128,10,1.000000,4.688,0.121,4.370,0.051,0.011,128,4481,251,bernoulli,8.0000,0.001000
sift1m,10000,128,36,10,0.050000,adaptive,32,256,10,1.000000,9.857,0.171,9.262,0.105,0.019,256,8648,489,bernoulli,8.0000,0.001000
sift1m,10000,128,36,10,0.050000,adaptive,64,512,10,1.000000,17.710,0.378,16.564,0.198,0.042,512,16742,943,bernoulli,8.0000,0.001000
sift1m,10000,128,36,10,0.100000,adaptive,8,64,10,0.800000,2.362,0.163,2.086,0.033,0.009,64,2135,219,bernoulli,8.0000,0.001000
sift1m,10000,128,36,10,0.100000,adaptive,16,128,10,0.900000,5.022,0.113,4.670,0.073,0.015,128,4481,479,bernoulli,8.0000,0.001000
sift1m,10000,128,36,10,0.100000,adaptive,32,256,10,1.000000,9.345,0.177,8.710,0.139,0.027,256,8648,928,bernoulli,8.0000,0.001000
sift1m,10000,128,36,10,0.100000,adaptive,64,512,10,1.000000,18.840,0.445,17.497,0.279,0.040,512,16742,1880,bernoulli,8.0000,0.001000
sift1m,10000,128,36,10,0.500000,adaptive,8,16,10,0.900000,0.729,0.093,0.591,0.015,0.003,16,569,283,bernoulli,8.0000,0.001000
sift1m,10000,128,36,10,0.500000,adaptive,16,32,10,1.000000,1.219,0.057,1.084,0.026,0.004,32,1079,534,bernoulli,8.0000,0.001000
sift1m,10000,128,36,10,0.500000,adaptive,32,64,10,1.000000,2.368,0.064,2.150,0.053,0.006,64,2135,1118,bernoulli,8.0000,0.001000
sift1m,10000,128,36,10,0.500000,adaptive,64,128,10,1.000000,5.001,0.091,4.588,0.110,0.011,128,4481,2265,bernoulli,8.0000,0.001000
sift1m,10000,128,36,10,1.000000,adaptive,8,8,10,0.800000,0.398,0.073,0.299,0.010,0.002,8,259,259,bernoulli,8.0000,0.001000
sift1m,10000,128,36,10,1.000000,adaptive,16,16,10,0.900000,0.718,0.055,0.615,0.021,0.004,16,569,569,bernoulli,8.0000,0.001000
sift1m,10000,128,36,10,1.000000,adaptive,32,32,10,1.000000,1.371,0.061,1.211,0.042,0.007,32,1079,1079,bernoulli,8.0000,0.001000
sift1m,10000,128,36,10,1.000000,adaptive,64,64,10,1.000000,2.822,0.124,2.501,0.084,0.009,64,2135,2135,bernoulli,8.0000,0.001000
sift1m,10000,128,37,10,0.001000,adaptive,8,64,1,0.100000,3.022,0.122,2.812,0.014,0.004,64,2243,1,bernoulli,8.0000,0.001000
sift1m,10000,128,37,10,0.001000,adaptive,16,128,5,0.500000,4.784,0.153,4.471,0.032,0.004,128,4357,6,bernoulli,8.0000,0.001000
sift1m,10000,128,37,10,0.001000,adaptive,32,256,6,0.600000,9.118,0.186,8.621,0.059,0.007,256,8385,15,bernoulli,8.0000,0.001000
sift1m,10000,128,37,10,0.001000,adaptive,64,512,8,0.700000,17.947,0.368,16.960,0.124,0.013,512,16684,22,bernoulli,8.0000,0.001000
sift1m,10000,128,37,10,0.010000,adaptive,8,64,10,0.800000,2.421,0.095,2.244,0.016,0.004,64,2243,19,bernoulli,8.0000,0.001000
sift1m,10000,128,37,10,0.010000,adaptive,16,128,10,1.000000,4.578,0.104,4.316,0.032,0.006,128,4357,34,bernoulli,8.0000,0.001000
sift1m,10000,128,37,10,0.010000,adaptive,32,256,10,1.000000,9.431,0.183,8.919,0.065,0.012,256,8385,65,bernoulli,8.0000,0.001000
sift1m,10000,128,37,10,0.010000,adaptive,64,512,10,1.000000,18.160,0.375,17.153,0.132,0.020,512,16684,119,bernoulli,8.0000,0.001000
sift1m,10000,128,37,10,0.050000,adaptive,8,64,10,1.000000,2.505,0.127,2.283,0.022,0.007,64,2243,93,bernoulli,8.0000,0.001000
sift1m,10000,128,37,10,0.050000,adaptive,16,128,10,1.000000,4.906,0.095,4.598,0.049,0.018,128,4357,183,bernoulli,8.0000,0.001000
sift1m,10000,128,37,10,0.050000,adaptive,32,256,10,1.000000,9.035,0.228,8.436,0.091,0.021,256,8385,357,bernoulli,8.0000,0.001000
sift1m,10000,128,37,10,0.050000,adaptive,64,512,10,1.000000,17.347,0.386,16.252,0.174,0.029,512,16684,750,bernoulli,8.0000,0.001000
sift1m,10000,128,37,10,0.100000,adaptive,8,64,10,1.000000,2.622,0.085,2.420,0.031,0.010,64,2243,193,bernoulli,8.0000,0.001000
sift1m,10000,128,37,10,0.100000,adaptive,16,128,10,1.000000,4.987,0.156,4.609,0.062,0.014,128,4357,395,bernoulli,8.0000,0.001000
sift1m,10000,128,37,10,0.100000,adaptive,32,256,10,1.000000,9.022,0.250,8.359,0.118,0.022,256,8385,777,bernoulli,8.0000,0.001000
sift1m,10000,128,37,10,0.100000,adaptive,64,512,10,1.000000,18.065,0.369,16.846,0.260,0.037,512,16684,1609,bernoulli,8.0000,0.001000
sift1m,10000,128,37,10,0.500000,adaptive,8,16,10,0.900000,0.732,0.106,0.582,0.015,0.003,16,567,281,bernoulli,8.0000,0.001000
sift1m,10000,128,37,10,0.500000,adaptive,16,32,10,1.000000,1.274,0.058,1.134,0.027,0.005,32,1109,543,bernoulli,8.0000,0.001000
sift1m,10000,128,37,10,0.500000,adaptive,32,64,10,1.000000,2.471,0.064,2.248,0.053,0.006,64,2243,1082,bernoulli,8.0000,0.001000
sift1m,10000,128,37,10,0.500000,adaptive,64,128,10,1.000000,5.266,0.107,4.781,0.113,0.030,128,4357,2082,bernoulli,8.0000,0.001000
sift1m,10000,128,37,10,1.000000,adaptive,8,8,10,0.900000,0.445,0.084,0.334,0.012,0.002,8,289,289,bernoulli,8.0000,0.001000
sift1m,10000,128,37,10,1.000000,adaptive,16,16,10,1.000000,0.725,0.057,0.622,0.020,0.003,16,567,567,bernoulli,8.0000,0.001000
sift1m,10000,128,37,10,1.000000,adaptive,32,32,10,1.000000,1.313,0.057,1.169,0.039,0.005,32,1109,1109,bernoulli,8.0000,0.001000
sift1m,10000,128,37,10,1.000000,adaptive,64,64,10,1.000000,2.766,0.069,2.499,0.083,0.010,64,2243,2243,bernoulli,8.0000,0.001000
sift1m,10000,128,38,10,0.001000,adaptive,8,64,0,0.000000,2.435,0.141,2.210,0.012,0.002,64,2170,0,bernoulli,8.0000,0.001000
sift1m,10000,128,38,10,0.001000,adaptive,16,128,1,0.100000,5.098,0.143,4.786,0.024,0.005,128,4389,1,bernoulli,8.0000,0.001000
sift1m,10000,128,38,10,0.001000,adaptive,32,256,3,0.300000,9.611,0.247,9.040,0.059,0.007,256,8479,3,bernoulli,8.0000,0.001000
sift1m,10000,128,38,10,0.001000,adaptive,64,512,6,0.600000,17.590,0.405,16.507,0.147,0.016,512,16301,11,bernoulli,8.0000,0.001000
sift1m,10000,128,38,10,0.010000,adaptive,8,64,10,0.600000,2.535,0.144,2.293,0.016,0.004,64,2170,19,bernoulli,8.0000,0.001000
sift1m,10000,128,38,10,0.010000,adaptive,16,128,10,0.900000,4.997,0.123,4.668,0.034,0.009,128,4389,36,bernoulli,8.0000,0.001000
sift1m,10000,128,38,10,0.010000,adaptive,32,256,10,1.000000,9.337,0.231,8.699,0.080,0.014,256,8479,62,bernoulli,8.0000,0.001000
sift1m,10000,128,38,10,0.010000,adaptive,64,512,10,1.000000,18.356,0.472,17.101,0.126,0.021,512,16301,119,bernoulli,8.0000,0.001000
sift1m,10000,128,38,10,0.050000,adaptive,8,64,10,1.000000,2.504,0.153,2.250,0.025,0.008,64,2170,125,bernoulli,8.0000,0.001000
sift1m,10000,128,38,10,0.050000,adaptive,16,128,10,1.000000,5.278,0.155,4.910,0.051,0.017,128,4389,228,bernoulli,8.0000,0.001000
sift1m,10000,128,38,10,0.050000,adaptive,32,256,10,1.000000,9.982,0.263,9.311,0.098,0.022,256,8479,421,bernoulli,8.0000,0.001000
sift1m,10000,128,38,10,0.050000,adaptive,64,512,10,1.000000,17.854,0.403,16.717,0.176,0.037,512,16301,784,bernoulli,8.0000,0.001000
sift1m,10000,128,38,10,0.100000,adaptive,8,64,10,1.000000,2.413,0.144,2.161,0.032,0.007,64,2170,225,bernoulli,8.0000,0.001000
sift1m,10000,128,38,10,0.100000,adaptive,16,128,10,1.000000,4.752,0.123,4.411,0.065,0.013,128,4389,466,bernoulli,8.0000,0.001000
sift1m,10000,128,38,10,0.100000,adaptive,32,256,10,1.000000,9.380,0.189,8.753,0.125,0.025,256,8479,849,bernoulli,8.0000,0.001000
sift1m,10000,128,38,10,0.100000,adaptive,64,512,10,1.000000,18.535,0.405,17.267,0.246,0.042,512,16301,1545,bernoulli,8.0000,0.001000
sift1m,10000,128,38,10,0.500000,adaptive,8,16,10,1.000000,0.985,0.159,0.771,0.016,0.004,16,530,259,bernoulli,8.0000,0.001000
sift1m,10000,128,38,10,0.500000,adaptive,16,32,10,1.000000,1.414,0.105,1.214,0.030,0.005,32,1136,540,bernoulli,8.0000,0.001000
sift1m,10000,128,38,10,0.500000,adaptive,32,64,10,1.000000,2.677,0.091,2.406,0.058,0.009,64,2170,1052,bernoulli,8.0000,0.001000
sift1m,10000,128,38,10,0.500000,adaptive,64,128,10,1.000000,5.129,0.159,4.625,0.115,0.014,128,4389,2156,bernoulli,8.0000,0.001000
sift1m,10000,128,38,10,1.000000,adaptive,8,8,10,1.000000,0.381,0.101,0.259,0.010,0.002,8,242,242,bernoulli,8.0000,0.001000
sift1m,10000,128,38,10,1.000000,adaptive,16,16,10,1.000000,0.665,0.056,0.566,0.021,0.003,16,530,530,bernoulli,8.0000,0.001000
sift1m,10000,128,38,10,1.000000,adaptive,32,32,10,1.000000,1.262,0.053,1.126,0.040,0.004,32,1136,1136,bernoulli,8.0000,0.001000
sift1m,10000,128,38,10,1.000000,adaptive,64,64,10,1.000000,2.424,0.061,2.207,0.077,0.006,64,2170,2170,bernoulli,8.0000,0.001000
sift1m,10000,128,39,10,0.001000,adaptive,8,64,5,0.500000,2.321,0.087,2.153,0.013,0.003,64,2166,12,bernoulli,8.0000,0.001000
sift1m,10000,128,39,10,0.001000,adaptive,16,128,7,0.700000,4.769,0.108,4.493,0.030,0.006,128,4351,17,bernoulli,8.0000,0.001000
sift1m,10000,128,39,10,0.001000,adaptive,32,256,9,0.900000,9.024,0.180,8.516,0.067,0.010,256,8449,21,bernoulli,8.0000,0.001000
sift1m,10000,128,39,10,0.001000,adaptive,64,512,10,1.000000,17.520,0.440,16.451,0.107,0.015,512,16244,39,bernoulli,8.0000,0.001000
sift1m,10000,128,39,10,0.010000,adaptive,8,64,10,1.000000,2.436,0.111,2.203,0.017,0.011,64,2166,31,bernoulli,8.0000,0.001000
sift1m,10000,128,39,10,0.010000,adaptive,16,128,10,1.000000,5.204,0.194,4.747,0.050,0.011,128,4351,58,bernoulli,8.0000,0.001000
sift1m,10000,128,39,10,0.010000,adaptive,32,256,10,1.000000,9.279,0.256,8.567,0.064,0.016,256,8449,105,bernoulli,8.0000,0.001000
sift1m,10000,128,39,10,0.010000,adaptive,64,512,10,1.000000,18.038,0.406,16.674,0.208,0.028,512,16244,187,bernoulli,8.0000,0.001000
sift1m,10000,128,39,10,0.050000,adaptive,8,64,10,1.000000,2.445,0.145,2.200,0.024,0.009,64,2166,117,bernoulli,8.0000,0.001000
sift1m,10000,128,39,10,0.050000,adaptive,16,128,10,1.000000,4.473,0.123,4.153,0.060,0.011,128,4351,217,bernoulli,8.0000,0.001000
sift1m,10000,128,39,10,0.050000,adaptive,32,256,10,1.000000,8.805,0.208,8.236,0.090,0.018,256,8449,430,bernoulli,8.0000,0.001000
sift1m,10000,128,39,10,0.050000,adaptive,64,512,10,1.000000,17.852,0.340,16.765,0.183,0.037,512,16244,834,bernoulli,8.0000,0.001000
sift1m,10000,128,39,10,0.100000,adaptive,8,64,10,1.000000,2.353,0.115,2.128,0.033,0.007,64,2166,220,bernoulli,8.0000,0.001000
sift1m,10000,128,39,10,0.100000,adaptive,16,128,10,1.000000,4.756,0.101,4.420,0.068,0.021,128,4351,405,bernoulli,8.0000,0.001000
sift1m,10000,128,39,10,0.100000,adaptive,32,256,10,1.000000,9.105,0.225,8.448,0.131,0.020,256,8449,837,bernoulli,8.0000,0.001000
sift1m,10000,128,39,10,0.100000,adaptive,64,512,10,1.000000,17.230,0.394,16.008,0.245,0.042,512,16244,1583,bernoulli,8.0000,0.001000
sift1m,10000,128,39,10,0.500000,adaptive,8,16,10,1.000000,0.698,0.097,0.556,0.014,0.004,16,504,260,bernoulli,8.0000,0.001000
sift1m,10000,128,39,10,0.500000,adaptive,16,32,10,1.000000,1.261,0.063,1.114,0.027,0.005,32,1089,545,bernoulli,8.0000,0.001000
sift1m,10000,128,39,10,0.500000,adaptive,32,64,10,1.000000,2.425,0.070,2.180,0.056,0.010,64,2166,1109,bernoulli,8.0000,0.001000
sift1m,10000,128,39,10,0.500000,adaptive,64,128,10,1.000000,4.974,0.114,4.470,0.156,0.012,128,4351,2207,bernoulli,8.0000,0.001000
sift1m,10000,128,39,10,1.000000,adaptive,8,8,10,1.000000,0.361,0.068,0.271,0.011,0.002,8,266,266,bernoulli,8.0000,0.001000
sift1m,10000,128,39,10,1.000000,adaptive,16,16,10,1.000000,0.554,0.039,0.477,0.018,0.003,16,504,504,bernoulli,8.0000,0.001000
sift1m,10000,128,39,10,1.000000,adaptive,32,32,10,1.000000,1.160,0.041,1.041,0.038,0.004,32,1089,1089,bernoulli,8.0000,0.001000
sift1m,10000,128,39,10,1.000000,adaptive,64,64,10,1.000000,2.542,0.054,2.313,0.081,0.010,64,2166,2166,bernoulli,8.0000,0.001000
sift1m,10000,128,40,10,0.001000,adaptive,8,64,0,0.000000,2.532,0.157,2.296,0.012,0.002,64,2331,0,bernoulli,8.0000,0.001000
sift1m,10000,128,40,10,0.001000,adaptive,16,128,0,0.000000,4.702,0.125,4.430,0.023,0.003,128,4577,0,bernoulli,8.0000,0.001000
sift1m,10000,128,40,10,0.001000,adaptive,32,256,0,0.000000,8.940,0.179,8.457,0.049,0.007,256,8513,0,bernoulli,8.0000,0.001000
sift1m,10000,128,40,10,0.001000,adaptive,64,512,2,0.222222,16.760,0.427,15.751,0.119,0.012,512,16279,3,bernoulli,8.0000,0.001000
sift1m,10000,128,40,10,0.010000,adaptive,8,64,10,0.700000,2.608,0.105,2.376,0.017,0.004,64,2331,27,bernoulli,8.0000,0.001000
sift1m,10000,128,40,10,0.010000,adaptive,16,128,10,1.000000,5.103,0.112,4.706,0.068,0.014,128,4577,53,bernoulli,8.0000,0.001000
sift1m,10000,128,40,10,0.010000,adaptive,32,256,10,1.000000,9.059,0.225,8.361,0.073,0.014,256,8513,100,bernoulli,8.0000,0.001000
sift1m,10000,128,40,10,0.010000,adaptive,64,512,10,1.000000,17.527,0.356,16.239,0.154,0.030,512,16279,220,bernoulli,8.0000,0.001000
sift1m,10000,128,40,10,0.050000,adaptive,8,64,10,1.000000,2.771,0.142,2.518,0.026,0.009,64,2331,116,bernoulli,8.0000,0.001000
sift1m,10000,128,40,10,0.050000,adaptive,16,128,10,1.000000,5.072,0.165,4.689,0.049,0.020,128,4577,213,bernoulli,8.0000,0.001000
sift1m,10000,128,40,10,0.050000,adaptive,32,256,10,1.000000,9.124,0.227,8.531,0.089,0.023,256,8513,412,bernoulli,8.0000,0.001000
sift1m,10000,128,40,10,0.050000,adaptive,64,512,10,1.000000,17.167,0.393,16.046,0.178,0.036,512,16279,819,bernoulli,8.0000,0.001000
sift1m,10000,128,40,10,0.100000,adaptive,8,64,10,0.900000,2.573,0.127,2.337,0.032,0.006,64,2331,206,bernoulli,8.0000,0.001000
sift1m,10000,128,40,10,0.100000,adaptive,16,128,10,1.000000,4.898,0.105,4.573,0.065,0.013,128,4577,437,bernoulli,8.0000,0.001000
sift1m,10000,128,40,10,0.100000,adaptive,32,256,10,1.000000,9.200,0.195,8.583,0.120,0.024,256,8513,807,bernoulli,8.0000,0.001000
sift1m,10000,128,40,10,0.100000,adaptive,64,512,10,1.000000,17.106,0.396,15.851,0.239,0.040,512,16279,1648,bernoulli,8.0000,0.001000
sift1m,10000,128,40,10,0.500000,adaptive,8,16,10,1.000000,0.697,0.095,0.559,0.015,0.003,16,546,292,bernoulli,8.0000,0.001000
sift1m,10000,128,40,10,0.500000,adaptive,16,32,10,1.000000,1.178,0.062,1.036,0.027,0.004,32,1083,555,bernoulli,8.0000,0.001000
sift1m,10000,128,40,10,0.500000,adaptive,32,64,10,1.000000,2.501,0.067,2.267,0.057,0.009,64,2331,1177,bernoulli,8.0000,0.001000
sift1m,10000,128,40,10,0.500000,adaptive,64,128,10,1.000000,5.033,0.098,4.598,0.113,0.019,128,4577,2304,bernoulli,8.0000,0.001000
sift1m,10000,128,40,10,1.000000,adaptive,8,8,10,1.000000,0.395,0.098,0.276,0.010,0.002,8,263,263,bernoulli,8.0000,0.001000
sift1m,10000,128,40,10,1.000000,adaptive,16,16,10,1.000000,0.659,0.053,0.565,0.019,0.002,16,546,546,bernoulli,8.0000,0.001000
sift1m,10000,128,40,10,1.000000,adaptive,32,32,10,1.000000,1.221,0.053,1.091,0.036,0.004,32,1083,1083,bernoulli,8.0000,0.001000
sift1m,10000,128,40,10,1.000000,adaptive,64,64,10,1.000000,2.660,0.063,2.431,0.079,0.006,64,2331,2331,bernoulli,8.0000,0.001000
sift1m,10000,128,41,10,0.001000,adaptive,8,64,1,0.111111,2.338,0.118,2.142,0.012,0.004,64,2052,6,bernoulli,8.0000,0.001000
sift1m,10000,128,41,10,0.001000,adaptive,16,128,3,0.333333,4.631,0.124,4.322,0.060,0.006,128,4225,8,bernoulli,8.0000,0.001000
sift1m,10000,128,41,10,0.001000,adaptive,32,256,6,0.666667,8.703,0.242,8.162,0.054,0.009,256,8340,17,bernoulli,8.0000,0.001000
sift1m,10000,128,41,10,0.001000,adaptive,64,512,7,0.777778,17.713,0.400,16.673,0.142,0.014,512,16644,22,bernoulli,8.0000,0.001000
sift1m,10000,128,41,10,0.010000,adaptive,8,64,10,0.800000,2.328,0.133,2.091,0.015,0.004,64,2052,17,bernoulli,8.0000,0.001000
sift1m,10000,128,41,10,0.010000,adaptive,16,128,10,1.000000,4.614,0.116,4.294,0.031,0.006,128,4225,34,bernoulli,8.0000,0.001000
sift1m,10000,128,41,10,0.010000,adaptive,32,256,10,1.000000,9.213,0.200,8.604,0.063,0.015,256,8340,68,bernoulli,8.0000,0.001000
sift1m,10000,128,41,10,0.010000,adaptive,64,512,10,1.000000,17.969,0.411,16.766,0.123,0.024,512,16644,145,bernoulli,8.0000,0.001000
sift1m,10000,128,41,10,0.050000,adaptive,8,64,10,1.000000,2.247,0.122,2.027,0.020,0.012,64,2052,53,bernoulli,8.0000,0.001000
sift1m,10000,128,41,10,0.050000,adaptive,16,128,10,1.000000,4.410,0.127,4.104,0.044,0.010,128,4225,162,bernoulli,8.0000,0.001000
sift1m,10000,128,41,10,0.050000,adaptive,32,256,10,1.000000,8.694,0.177,8.156,0.092,0.017,256,8340,367,bernoulli,8.0000,0.001000
sift1m,10000,128,41,10,0.050000,adaptive,64,512,10,1.000000,17.944,0.344,16.853,0.187,0.043,512,16644,759,bernoulli,8.0000,0.001000
sift1m,10000,128,41,10,0.100000,adaptive,8,64,10,1.000000,2.505,0.143,2.242,0.032,0.010,64,2052,203,bernoulli,8.0000,0.001000
sift1m,10000,128,41,10,0.100000,adaptive,16,128,10,1.000000,4.587,0.135,4.225,0.072,0.013,128,4225,443,bernoulli,8.0000,0.001000
sift1m,10000,128,41,10,0.100000,adaptive,32,256,10,1.000000,9.003,0.197,8.378,0.125,0.023,256,8340,883,bernoulli,8.0000,0.001000
sift1m,10000,128,41,10,0.100000,adaptive,64,512,10,1.000000,18.501,0.392,17.229,0.244,0.065,512,16644,1682,bernoulli,8.0000,0.001000
sift1m,10000,128,41,10,0.500000,adaptive,8,16,10,1.000000,0.597,0.059,0.496,0.013,0.003,16,495,245,bernoulli,8.0000,0.001000
sift1m,10000,128,41,10,0.500000,adaptive,16,32,10,1.000000,1.094,0.052,0.964,0.025,0.005,32,1016,500,bernoulli,8.0000,0.001000
sift1m,10000,128,41,10,0.500000,adaptive,32,64,10,1.000000,2.188,0.064,1.973,0.050,0.007,64,2052,1002,bernoulli,8.0000,0.001000
sift1m,10000,128,41,10,0.500000,adaptive,64,128,10,1.000000,4.694,0.091,4.268,0.105,0.018,128,4225,2075,bernoulli,8.0000,0.001000
sift1m,10000,128,41,10,1.000000,adaptive,8,8,10,0.900000,0.348,0.084,0.238,0.009,0.003,8,208,208,bernoulli,8.0000,0.001000
sift1m,10000,128,41,10,1.000000,adaptive,16,16,10,1.000000,0.587,0.059,0.484,0.018,0.003,16,495,495,bernoulli,8.0000,0.001000
sift1m,10000,128,41,10,1.000000,adaptive,32,32,10,1.000000,1.102,0.049,0.974,0.039,0.005,32,1016,1016,bernoulli,8.0000,0.001000
sift1m,10000,128,41,10,1.000000,adaptive,64,64,10,1.000000,2.379,0.063,2.148,0.076,0.008,64,2052,2052,bernoulli,8.0000,0.001000
sift1m,10000,128,42,10,0.001000,adaptive,8,64,0,0.000000,2.636,0.153,2.406,0.012,0.003,64,2311,0,bernoulli,8.0000,0.001000
sift1m,10000,128,42,10,0.001000,adaptive,16,128,0,0.000000,4.570,0.134,4.293,0.025,0.003,128,4333,0,bernoulli,8.0000,0.001000
sift1m,10000,128,42,10,0.001000,adaptive,32,256,2,0.200000,9.139,0.199,8.634,0.067,0.007,256,8630,3,bernoulli,8.0000,0.001000
sift1m,10000,128,42,10,0.001000,adaptive,64,512,4,0.400000,17.542,0.463,16.528,0.097,0.012,512,16300,14,bernoulli,8.0000,0.001000
sift1m,10000,128,42,10,0.010000,adaptive,8,64,10,0.600000,2.545,0.111,2.341,0.017,0.003,64,2311,16,bernoulli,8.0000,0.001000
sift1m,10000,128,42,10,0.010000,adaptive,16,128,10,0.900000,4.513,0.113,4.229,0.030,0.006,128,4333,39,bernoulli,8.0000,0.001000
sift1m,10000,128,42,10,0.010000,adaptive,32,256,10,1.000000,9.620,0.172,9.037,0.089,0.017,256,8630,83,bernoulli,8.0000,0.001000
sift1m,10000,128,42,10,0.010000,adaptive,64,512,10,1.000000,17.109,0.455,15.957,0.140,0.020,512,16300,154,bernoulli,8.0000,0.001000
sift1m,10000,128,42,10,0.050000,adaptive,8,64,10,1.000000,2.708,0.084,2.515,0.026,0.007,64,2311,116,bernoulli,8.0000,0.001000
sift1m,10000,128,42,10,0.050000,adaptive,16,128,10,1.000000,4.764,0.105,4.464,0.047,0.012,128,4333,227,bernoulli,8.0000,0.001000
sift1m,10000,128,42,10,0.050000,adaptive,32,256,10,1.000000,10.134,0.223,9.492,0.096,0.027,256,8630,436,bernoulli,8.0000,0.001000
sift1m,10000,128,42,10,0.050000,adaptive,64,512,10,1.000000,17.741,0.522,16.493,0.179,0.039,512,16300,817,bernoulli,8.0000,0.001000
sift1m,10000,128,42,10,0.100000,adaptive,8,64,10,0.900000,2.720,0.133,2.466,0.033,0.007,64,2311,194,bernoulli,8.0000,0.001000
sift1m,10000,128,42,10,0.100000,adaptive,16,128,10,1.000000,5.048,0.123,4.694,0.062,0.018,128,4333,398,bernoulli,8.0000,0.001000
sift1m,10000,128,42,10,0.100000,adaptive,32,256,10,1.000000,9.452,0.209,8.798,0.123,0.034,256,8630,826,bernoulli,8.0000,0.001000
sift1m,10000,128,42,10,0.100000,adaptive,64,512,10,1.000000,17.701,0.433,16.413,0.236,0.041,512,16300,1597,bernoulli,8.0000,0.001000
sift1m,10000,128,42,10,0.500000,adaptive,8,16,10,1.000000,0.759,0.103,0.608,0.015,0.003,16,577,263,bernoulli,8.0000,0.001000
sift1m,10000,128,42,10,0.500000,adaptive,16,32,10,1.000000,1.284,0.077,1.121,0.027,0.004,32,1156,547,bernoulli,8.0000,0.001000
sift1m,10000,128,42,10,0.500000,adaptive,32,64,10,1.000000,2.641,0.068,2.395,0.058,0.007,64,2311,1096,bernoulli,8.0000,0.001000
sift1m,10000,128,42,10,0.500000,adaptive,64,128,10,1.000000,4.800,0.105,4.363,0.109,0.012,128,4333,2058,bernoulli,8.0000,0.001000
sift1m,10000,128,42,10,1.000000,adaptive,8,8,10,1.000000,0.412,0.078,0.310,0.011,0.002,8,302,302,bernoulli,8.0000,0.001000
sift1m,10000,128,42,10,1.000000,adaptive,16,16,10,1.000000,0.662,0.050,0.569,0.020,0.003,16,577,577,bernoulli,8.0000,0.001000
sift1m,10000,128,42,10,1.000000,adaptive,32,32,10,1.000000,1.362,0.052,1.218,0.040,0.005,32,1156,1156,bernoulli,8.0000,0.001000
sift1m,10000,128,42,10,1.000000,adaptive,64,64,10,1.000000,2.646,0.081,2.381,0.083,0.008,64,2311,2311,bernoulli,8.0000,0.001000
sift1m,10000,128,43,10,0.001000,adaptive,8,64,4,0.400000,2.440,0.127,2.236,0.013,0.002,64,2284,5,bernoulli,8.0000,0.001000
sift1m,10000,128,43,10,0.001000,adaptive,16,128,5,0.500000,5.101,0.112,4.824,0.026,0.007,128,4481,9,bernoulli,8.0000,0.001000
sift1m,10000,128,43,10,0.001000,adaptive,32,256,7,0.700000,9.748,0.247,9.177,0.054,0.011,256,8466,15,bernoulli,8.0000,0.001000
sift1m,10000,128,43,10,0.001000,adaptive,64,512,8,0.800000,24.475,0.408,23.401,0.121,0.014,512,16279,19,bernoulli,8.0000,0.001000
sift1m,10000,128,43,10,0.010000,adaptive,8,64,10,0.700000,3.212,0.162,2.924,0.020,0.008,64,2284,23,bernoulli,8.0000,0.001000
sift1m,10000,128,43,10,0.010000,adaptive,16,128,10,1.000000,5.701,0.221,5.247,0.034,0.013,128,4481,44,bernoulli,8.0000,0.001000
sift1m,10000,128,43,10,0.010000,adaptive,32,256,10,1.000000,10.283,0.298,9.541,0.067,0.019,256,8466,94,bernoulli,8.0000,0.001000
sift1m,10000,128,43,10,0.010000,adaptive,64,512,10,1.000000,18.704,0.459,17.432,0.132,0.026,512,16279,186,bernoulli,8.0000,0.001000
sift1m,10000,128,43,10,0.050000,adaptive,8,64,10,0.700000,2.701,0.151,2.444,0.024,0.008,64,2284,89,bernoulli,8.0000,0.001000
sift1m,10000,128,43,10,0.050000,adaptive,16,128,10,1.000000,5.168,0.146,4.808,0.047,0.015,128,4481,187,bernoulli,8.0000,0.001000
sift1m,10000,128,43,10,0.050000,adaptive,32,256,10,1.000000,9.075,0.240,8.465,0.089,0.020,256,8466,367,bernoulli,8.0000,0.001000
sift1m,10000,128,43,10,0.050000,adaptive,64,512,10,1.000000,16.858,0.356,15.777,0.168,0.034,512,16279,741,bernoulli,8.0000,0.001000
sift1m,10000,128,43,10,0.100000,adaptive,8,64,10,1.000000,2.738,0.124,2.488,0.036,0.009,64,2284,234,bernoulli,8.0000,0.001000
sift1m,10000,128,43,10,0.100000,adaptive,16,128,10,1.000000,5.075,0.118,4.722,0.070,0.013,128,4481,481,bernoulli,8.0000,0.001000
sift1m,10000,128,43,10,0.100000,adaptive,32,256,10,1.000000,9.064,0.219,8.389,0.135,0.022,256,8466,922,bernoulli,8.0000,0.001000
sift1m,10000,128,43,10,0.100000,adaptive,64,512,10,1.000000,17.719,0.359,16.498,0.267,0.049,512,16279,1693,bernoulli,8.0000,0.001000
sift1m,10000,128,43,10,0.500000,adaptive,8,16,10,0.900000,0.849,0.119,0.663,0.016,0.003,16,608,284,bernoulli,8.0000,0.001000
sift1m,10000,128,43,10,0.500000,adaptive,16,32,10,1.000000,1.328,0.077,1.164,0.029,0.004,32,1194,559,bernoulli,8.0000,0.001000
sift1m,10000,128,43,10,0.500000,adaptive,32,64,10,1.000000,2.420,0.077,2.182,0.053,0.009,64,2284,1077,bernoulli,8.0000,0.001000
sift1m,10000,128,43,10,0.500000,adaptive,64,128,10,1.000000,5.061,0.133,4.592,0.109,0.011,128,4481,2137,bernoulli,8.0000,0.001000
sift1m,10000,128,43,10,1.000000,adaptive,8,8,10,0.900000,0.436,0.063,0.349,0.011,0.002,8,320,320,bernoulli,8.0000,0.001000
sift1m,10000,128,43,10,1.000000,adaptive,16,16,10,0.900000,0.725,0.041,0.641,0.020,0.003,16,608,608,bernoulli,8.0000,0.001000
sift1m,10000,128,43,10,1.000000,adaptive,32,32,10,1.000000,1.312,0.045,1.185,0.040,0.004,32,1194,1194,bernoulli,8.0000,0.001000
sift1m,10000,128,43,10,1.000000,adaptive,64,64,10,1.000000,2.649,0.059,2.381,0.110,0.012,64,2284,2284,bernoulli,8.0000,0.001000
sift1m,10000,128,44,10,0.001000,adaptive,8,64,0,0.000000,2.360,0.125,2.163,0.011,0.001,64,2111,0,bernoulli,8.0000,0.001000
sift1m,10000,128,44,10,0.001000,adaptive,16,128,2,0.400000,4.527,0.113,4.273,0.021,0.006,128,4273,3,bernoulli,8.0000,0.001000
sift1m,10000,128,44,10,0.001000,adaptive,32,256,3,0.600000,9.073,0.200,8.592,0.044,0.006,256,8426,7,bernoulli,8.0000,0.001000
sift1m,10000,128,44,10,0.001000,adaptive,64,512,4,0.800000,17.834,0.393,16.881,0.092,0.013,512,16598,13,bernoulli,8.0000,0.001000
sift1m,10000,128,44,10,0.010000,adaptive,8,64,10,0.900000,2.519,0.138,2.270,0.016,0.004,64,2111,21,bernoulli,8.0000,0.001000
sift1m,10000,128,44,10,0.010000,adaptive,16,128,10,1.000000,4.603,0.123,4.257,0.032,0.009,128,4273,54,bernoulli,8.0000,0.001000
sift1m,10000,128,44,10,0.010000,adaptive,32,256,10,1.000000,9.127,0.218,8.474,0.063,0.014,256,8426,109,bernoulli,8.0000,0.001000
sift1m,10000,128,44,10,0.010000,adaptive,64,512,10,1.000000,17.861,0.396,16.609,0.127,0.023,512,16598,202,bernoulli,8.0000,0.001000
sift1m,10000,128,44,10,0.050000,adaptive,8,64,10,1.000000,2.293,0.117,2.079,0.024,0.007,64,2111,116,bernoulli,8.0000,0.001000
sift1m,10000,128,44,10,0.050000,adaptive,16,128,10,1.000000,4.830,0.099,4.515,0.049,0.012,128,4273,235,bernoulli,8.0000,0.001000
sift1m,10000,128,44,10,0.050000,adaptive,32,256,10,1.000000,9.607,0.180,9.012,0.098,0.025,256,8426,477,bernoulli,8.0000,0.001000
sift1m,10000,128,44,10,0.050000,adaptive,64,512,10,1.000000,18.558,0.420,17.315,0.190,0.036,512,16598,928,bernoulli,8.0000,0.001000
sift1m,10000,128,44,10,0.100000,adaptive,8,64,10,1.000000,2.523,0.168,2.240,0.032,0.009,64,2111,200,bernoulli,8.0000,0.001000
sift1m,10000,128,44,10,0.100000,adaptive,16,128,10,1.000000,4.805,0.133,4.426,0.065,0.015,128,4273,421,bernoulli,8.0000,0.001000
sift1m,10000,128,44,10,0.100000,adaptive,32,256,10,1.000000,11.548,0.217,10.801,0.139,0.028,256,8426,862,bernoulli,8.0000,0.001000
sift1m,10000,128,44,10,0.100000,adaptive,64,512,10,1.000000,20.310,0.527,18.792,0.277,0.042,512,16598,1634,bernoulli,8.0000,0.001000
sift1m,10000,128,44,10,0.500000,adaptive,8,16,10,1.000000,0.653,0.099,0.511,0.014,0.003,16,508,247,bernoulli,8.0000,0.001000
sift1m,10000,128,44,10,0.500000,adaptive,16,32,10,1.000000,1.286,0.059,1.141,0.028,0.005,32,1091,545,bernoulli,8.0000,0.001000
sift1m,10000,128,44,10,0.500000,adaptive,32,64,10,1.000000,2.421,0.071,2.186,0.054,0.007,64,2111,1045,bernoulli,8.0000,0.001000
sift1m,10000,128,44,10,0.500000,adaptive,64,128,10,1.000000,4.805,0.109,4.368,0.113,0.012,128,4273,2120,bernoulli,8.0000,0.001000
sift1m,10000,128,44,10,1.000000,adaptive,8,8,10,0.900000,0.410,0.083,0.300,0.011,0.003,8,251,251,bernoulli,8.0000,0.001000
sift1m,10000,128,44,10,1.000000,adaptive,16,16,10,1.000000,0.618,0.058,0.516,0.020,0.003,16,508,508,bernoulli,8.0000,0.001000
sift1m,10000,128,44,10,1.000000,adaptive,32,32,10,1.000000,1.328,0.057,1.158,0.061,0.005,32,1091,1091,bernoulli,8.0000,0.001000
sift1m,10000,128,44,10,1.000000,adaptive,64,64,10,1.000000,2.743,0.122,2.405,0.089,0.007,64,2111,2111,bernoulli,8.0000,0.001000
sift1m,10000,128,45,10,0.001000,adaptive,8,64,1,0.100000,2.396,0.127,2.184,0.012,0.003,64,2013,1,bernoulli,8.0000,0.001000
sift1m,10000,128,45,10,0.001000,adaptive,16,128,1,0.100000,4.600,0.143,4.291,0.024,0.004,128,4128,1,bernoulli,8.0000,0.001000
sift1m,10000,128,45,10,0.001000,adaptive,32,256,2,0.200000,8.888,0.234,8.328,0.047,0.008,256,8309,6,bernoulli,8.0000,0.001000
sift1m,10000,128,45,10,0.001000,adaptive,64,512,4,0.400000,18.023,0.467,16.910,0.099,0.012,512,16319,13,bernoulli,8.0000,0.001000
sift1m,10000,128,45,10,0.010000,adaptive,8,64,10,0.700000,2.335,0.120,2.116,0.017,0.004,64,2013,18,bernoulli,8.0000,0.001000
sift1m,10000,128,45,10,0.010000,adaptive,16,128,10,1.000000,4.162,0.114,3.873,0.030,0.007,128,4128,47,bernoulli,8.0000,0.001000
sift1m,10000,128,45,10,0.010000,adaptive,32,256,10,1.000000,9.065,0.182,8.489,0.089,0.014,256,8309,96,bernoulli,8.0000,0.001000
sift1m,10000,128,45,10,0.010000,adaptive,64,512,10,1.000000,17.436,0.414,16.291,0.125,0.023,512,16319,204,bernoulli,8.0000,0.001000
sift1m,10000,128,45,10,0.050000,adaptive,8,64,10,1.000000,2.343,0.095,2.134,0.037,0.008,64,2013,111,bernoulli,8.0000,0.001000
sift1m,10000,128,45,10,0.050000,adaptive,16,128,10,1.000000,4.367,0.116,4.062,0.047,0.011,128,4128,219,bernoulli,8.0000,0.001000
sift1m,10000,128,45,10,0.050000,adaptive,32,256,10,1.000000,8.931,0.187,8.372,0.089,0.019,256,8309,407,bernoulli,8.0000,0.001000
sift1m,10000,128,45,10,0.050000,adaptive,64,512,10,1.000000,17.419,0.361,16.307,0.177,0.044,512,16319,796,bernoulli,8.0000,0.001000
sift1m,10000,128,45,10,0.100000,adaptive,8,64,10,1.000000,2.335,0.126,2.098,0.032,0.008,64,2013,214,bernoulli,8.0000,0.001000
sift1m,10000,128,45,10,0.100000,adaptive,16,128,10,1.000000,4.610,0.128,4.265,0.061,0.015,128,4128,413,bernoulli,8.0000,0.001000
sift1m,10000,128,45,10,0.100000,adaptive,32,256,10,1.000000,9.115,0.239,8.442,0.121,0.023,256,8309,814,bernoulli,8.0000,0.001000
sift1m,10000,128,45,10,0.100000,adaptive,64,512,10,1.000000,17.243,0.396,16.022,0.233,0.039,512,16319,1576,bernoulli,8.0000,0.001000
sift1m,10000,128,45,10,0.500000,adaptive,8,16,10,1.000000,0.668,0.099,0.527,0.014,0.003,16,516,252,bernoulli,8.0000,0.001000
sift1m,10000,128,45,10,0.500000,adaptive,16,32,10,1.000000,1.096,0.056,0.965,0.025,0.004,32,986,510,bernoulli,8.0000,0.001000
sift1m,10000,128,45,10,0.500000,adaptive,32,64,10,1.000000,2.351,0.065,2.121,0.052,0.012,64,2013,1022,bernoulli,8.0000,0.001000
sift1m,10000,128,45,10,0.500000,adaptive,64,128,10,1.000000,4.513,0.165,4.029,0.109,0.012,128,4128,2107,bernoulli,8.0000,0.001000
sift1m,10000,128,45,10,1.000000,adaptive,8,8,10,0.900000,0.317,0.061,0.234,0.010,0.002,8,246,246,bernoulli,8.0000,0.001000
sift1m,10000,128,45,10,1.000000,adaptive,16,16,10,1.000000,0.564,0.046,0.478,0.019,0.002,16,516,516,bernoulli,8.0000,0.001000
sift1m,10000,128,45,10,1.000000,adaptive,32,32,10,1.000000,1.041,0.045,0.923,0.035,0.004,32,986,986,bernoulli,8.0000,0.001000
sift1m,10000,128,45,10,1.000000,adaptive,64,64,10,1.000000,2.093,0.057,1.887,0.073,0.006,64,2013,2013,bernoulli,8.0000,0.001000
sift1m,10000,128,46,10,0.001000,adaptive,8,64,1,0.125000,2.658,0.167,2.397,0.024,0.004,64,2134,1,bernoulli,8.0000,0.001000
sift1m,10000,128,46,10,0.001000,adaptive,16,128,1,0.125000,4.334,0.177,4.016,0.021,0.003,128,4189,1,bernoulli,8.0000,0.001000
sift1m,10000,128,46,10,0.001000,adaptive,32,256,1,0.125000,8.974,0.193,8.505,0.044,0.006,256,8395,1,bernoulli,8.0000,0.001000
sift1m,10000,128,46,10,0.001000,adaptive,64,512,2,0.250000,18.162,0.390,17.203,0.095,0.010,512,16606,3,bernoulli,8.0000,0.001000
sift1m,10000,128,46,10,0.010000,adaptive,8,64,10,0.800000,2.285,0.123,2.072,0.016,0.005,64,2134,23,bernoulli,8.0000,0.001000
sift1m,10000,128,46,10,0.010000,adaptive,16,128,10,1.000000,4.569,0.103,4.286,0.031,0.010,128,4189,37,bernoulli,8.0000,0.001000
sift1m,10000,128,46,10,0.010000,adaptive,32,256,10,1.000000,8.805,0.244,8.216,0.063,0.014,256,8395,65,bernoulli,8.0000,0.001000
sift1m,10000,128,46,10,0.010000,adaptive,64,512,10,1.000000,17.862,0.446,16.729,0.124,0.022,512,16606,131,bernoulli,8.0000,0.001000
sift1m,10000,128,46,10,0.050000,adaptive,8,64,10,1.000000,2.326,0.125,2.105,0.024,0.007,64,2134,97,bernoulli,8.0000,0.001000
sift1m,10000,128,46,10,0.050000,adaptive,16,128,10,1.000000,4.896,0.102,4.586,0.051,0.015,128,4189,210,bernoulli,8.0000,0.001000
sift1m,10000,128,46,10,0.050000,adaptive,32,256,10,1.000000,9.415,0.236,8.770,0.099,0.023,256,8395,422,bernoulli,8.0000,0.001000
sift1m,10000,128,46,10,0.050000,adaptive,64,512,10,1.000000,17.506,0.427,16.330,0.195,0.034,512,16606,872,bernoulli,8.0000,0.001000
sift1m,10000,128,46,10,0.100000,adaptive,8,64,10,1.000000,2.329,0.124,2.098,0.031,0.008,64,2134,206,bernoulli,8.0000,0.001000
sift1m,10000,128,46,10,0.100000,adaptive,16,128,10,1.000000,4.691,0.101,4.367,0.060,0.019,128,4189,406,bernoulli,8.0000,0.001000
sift1m,10000,128,46,10,0.100000,adaptive,32,256,10,1.000000,9.349,0.229,8.654,0.146,0.029,256,8395,820,bernoulli,8.0000,0.001000
sift1m,10000,128,46,10,0.100000,adaptive,64,512,10,1.000000,18.859,0.437,17.541,0.251,0.041,512,16606,1617,bernoulli,8.0000,0.001000
sift1m,10000,128,46,10,0.500000,adaptive,8,16,10,1.000000,0.755,0.108,0.601,0.015,0.003,16,559,282,bernoulli,8.0000,0.001000
sift1m,10000,128,46,10,0.500000,adaptive,16,32,10,1.000000,1.237,0.058,1.093,0.032,0.005,32,1065,538,bernoulli,8.0000,0.001000
sift1m,10000,128,46,10,0.500000,adaptive,32,64,10,1.000000,2.731,0.070,2.484,0.057,0.009,64,2134,1082,bernoulli,8.0000,0.001000
sift1m,10000,128,46,10,0.500000,adaptive,64,128,10,1.000000,4.449,0.129,4.004,0.108,0.011,128,4189,2111,bernoulli,8.0000,0.001000
sift1m,10000,128,46,10,1.000000,adaptive,8,8,10,0.800000,0.350,0.058,0.269,0.011,0.002,8,267,267,bernoulli,8.0000,0.001000
sift1m,10000,128,46,10,1.000000,adaptive,16,16,10,1.000000,0.637,0.042,0.553,0.020,0.003,16,559,559,bernoulli,8.0000,0.001000
sift1m,10000,128,46,10,1.000000,adaptive,32,32,10,1.000000,1.130,0.041,1.011,0.037,0.005,32,1065,1065,bernoulli,8.0000,0.001000
sift1m,10000,128,46,10,1.000000,adaptive,64,64,10,1.000000,2.642,0.052,2.393,0.082,0.008,64,2134,2134,bernoulli,8.0000,0.001000
sift1m,10000,128,47,10,0.001000,adaptive,8,64,2,0.200000,2.599,0.089,2.433,0.012,0.002,64,2296,2,bernoulli,8.0000,0.001000
sift1m,10000,128,47,10,0.001000,adaptive,16,128,3,0.300000,5.071,0.127,4.774,0.033,0.010,128,4396,3,bernoulli,8.0000,0.001000
sift1m,10000,128,47,10,0.001000,adaptive,32,256,4,0.400000,9.165,0.248,8.626,0.049,0.007,256,8491,5,bernoulli,8.0000,0.001000
sift1m,10000,128,47,10,0.001000,adaptive,64,512,8,0.800000,18.755,0.448,17.686,0.116,0.013,512,16655,20,bernoulli,8.0000,0.001000
sift1m,10000,128,47,10,0.010000,adaptive,8,64,10,0.800000,2.499,0.125,2.257,0.017,0.004,64,2296,24,bernoulli,8.0000,0.001000
sift1m,10000,128,47,10,0.010000,adaptive,16,128,10,0.900000,5.062,0.098,4.712,0.048,0.010,128,4396,48,bernoulli,8.0000,0.001000
sift1m,10000,128,47,10,0.010000,adaptive,32,256,10,1.000000,9.406,0.237,8.732,0.064,0.014,256,8491,87,bernoulli,8.0000,0.001000
sift1m,10000,128,47,10,0.010000,adaptive,64,512,10,1.000000,18.731,0.407,17.450,0.128,0.023,512,16655,162,bernoulli,8.0000,0.001000
sift1m,10000,128,47,10,0.050000,adaptive,8,64,10,1.000000,2.630,0.126,2.401,0.024,0.008,64,2296,110,bernoulli,8.0000,0.001000
sift1m,10000,128,47,10,0.050000,adaptive,16,128,10,1.000000,4.914,0.107,4.602,0.048,0.018,128,4396,206,bernoulli,8.0000,0.001000
sift1m,10000,128,47,10,0.050000,adaptive,32,256,10,1.000000,9.362,0.236,8.741,0.094,0.021,256,8491,395,bernoulli,8.0000,0.001000
sift1m,10000,128,47,10,0.050000,adaptive,64,512,10,1.000000,18.350,0.383,17.162,0.232,0.040,512,16655,817,bernoulli,8.0000,0.001000
sift1m,10000,128,47,10,0.100000,adaptive,8,64,10,1.000000,2.716,0.129,2.469,0.034,0.007,64,2296,212,bernoulli,8.0000,0.001000
sift1m,10000,128,47,10,0.100000,adaptive,16,128,10,1.000000,4.652,0.110,4.328,0.062,0.012,128,4396,419,bernoulli,8.0000,0.001000
sift1m,10000,128,47,10,0.100000,adaptive,32,256,10,1.000000,9.151,0.184,8.540,0.124,0.025,256,8491,876,bernoulli,8.0000,0.001000
sift1m,10000,128,47,10,0.100000,adaptive,64,512,10,1.000000,19.542,0.413,18.224,0.259,0.045,512,16655,1720,bernoulli,8.0000,0.001000
sift1m,10000,128,47,10,0.500000,adaptive,8,16,10,0.900000,0.779,0.130,0.601,0.015,0.003,16,570,262,bernoulli,8.0000,0.001000
sift1m,10000,128,47,10,0.500000,adaptive,16,32,10,1.000000,1.293,0.068,1.140,0.028,0.004,32,1143,555,bernoulli,8.0000,0.001000
sift1m,10000,128,47,10,0.500000,adaptive,32,64,10,1.000000,2.595,0.067,2.350,0.060,0.007,64,2296,1119,bernoulli,8.0000,0.001000
sift1m,10000,128,47,10,0.500000,adaptive,64,128,10,1.000000,4.844,0.122,4.387,0.114,0.010,128,4396,2142,bernoulli,8.0000,0.001000
sift1m,10000,128,47,10,1.000000,adaptive,8,8,10,0.700000,0.440,0.048,0.360,0.013,0.004,8,290,290,bernoulli,8.0000,0.001000
sift1m,10000,128,47,10,1.000000,adaptive,16,16,10,0.900000,0.801,0.084,0.662,0.022,0.003,16,570,570,bernoulli,8.0000,0.001000
sift1m,10000,128,47,10,1.000000,adaptive,32,32,10,1.000000,1.444,0.071,1.269,0.043,0.004,32,1143,1143,bernoulli,8.0000,0.001000
sift1m,10000,128,47,10,1.000000,adaptive,64,64,10,1.000000,2.693,0.086,2.427,0.086,0.007,64,2296,2296,bernoulli,8.0000,0.001000
sift1m,10000,128,48,10,0.001000,adaptive,8,64,1,0.142857,2.364,0.157,2.125,0.019,0.002,64,1981,1,bernoulli,8.0000,0.001000
sift1m,10000,128,48,10,0.001000,adaptive,16,128,1,0.142857,4.372,0.150,4.065,0.022,0.003,128,4160,1,bernoulli,8.0000,0.001000
sift1m,10000,128,48,10,0.001000,adaptive,32,256,3,0.428571,9.181,0.200,8.698,0.049,0.005,256,8426,3,bernoulli,8.0000,0.001000
sift1m,10000,128,48,10,0.001000,adaptive,64,512,4,0.571429,17.715,0.365,16.747,0.094,0.011,512,16274,7,bernoulli,8.0000,0.001000
sift1m,10000,128,48,10,0.010000,adaptive,8,64,10,0.800000,2.703,0.167,2.403,0.019,0.006,64,1981,20,bernoulli,8.0000,0.001000
sift1m,10000,128,48,10,0.010000,adaptive,16,128,10,1.000000,4.816,0.172,4.394,0.033,0.011,128,4160,53,bernoulli,8.0000,0.001000
sift1m,10000,128,48,10,0.010000,adaptive,32,256,10,1.000000,9.899,0.250,9.109,0.066,0.021,256,8426,96,bernoulli,8.0000,0.001000
sift1m,10000,128,48,10,0.010000,adaptive,64,512,10,1.000000,18.038,0.432,16.663,0.127,0.023,512,16274,193,bernoulli,8.0000,0.001000
sift1m,10000,128,48,10,0.050000,adaptive,8,64,10,1.000000,2.395,0.142,2.148,0.026,0.008,64,1981,126,bernoulli,8.0000,0.001000
sift1m,10000,128,48,10,0.050000,adaptive,16,128,10,1.000000,4.416,0.117,4.111,0.047,0.011,128,4160,245,bernoulli,8.0000,0.001000
sift1m,10000,128,48,10,0.050000,adaptive,32,256,10,1.000000,9.808,0.200,9.201,0.100,0.022,256,8426,480,bernoulli,8.0000,0.001000
sift1m,10000,128,48,10,0.050000,adaptive,64,512,10,1.000000,17.483,0.415,16.335,0.180,0.036,512,16274,865,bernoulli,8.0000,0.001000
sift1m,10000,128,48,10,0.100000,adaptive,8,64,10,1.000000,2.333,0.137,2.088,0.028,0.009,64,1981,152,bernoulli,8.0000,0.001000
sift1m,10000,128,48,10,0.100000,adaptive,16,128,10,1.000000,4.461,0.143,4.103,0.057,0.021,128,4160,350,bernoulli,8.0000,0.001000
sift1m,10000,128,48,10,0.100000,adaptive,32,256,10,1.000000,8.820,0.248,8.128,0.115,0.024,256,8426,737,bernoulli,8.0000,0.001000
sift1m,10000,128,48,10,0.100000,adaptive,64,512,10,1.000000,17.545,0.391,16.341,0.231,0.037,512,16274,1494,bernoulli,8.0000,0.001000
sift1m,10000,128,48,10,0.500000,adaptive,8,16,10,0.900000,0.675,0.097,0.534,0.014,0.003,16,506,278,bernoulli,8.0000,0.001000
sift1m,10000,128,48,10,0.500000,adaptive,16,32,10,1.000000,1.165,0.063,1.023,0.027,0.005,32,1032,547,bernoulli,8.0000,0.001000
sift1m,10000,128,48,10,0.500000,adaptive,32,64,10,1.000000,2.421,0.070,2.127,0.096,0.012,64,1981,1040,bernoulli,8.0000,0.001000
sift1m,10000,128,48,10,0.500000,adaptive,64,128,10,1.000000,4.716,0.171,4.220,0.107,0.013,128,4160,2168,bernoulli,8.0000,0.001000
sift1m,10000,128,48,10,1.000000,adaptive,8,8,10,0.800000,0.397,0.095,0.280,0.010,0.002,8,252,252,bernoulli,8.0000,0.001000
sift1m,10000,128,48,10,1.000000,adaptive,16,16,10,0.800000,0.622,0.052,0.530,0.018,0.003,16,506,506,bernoulli,8.0000,0.001000
sift1m,10000,128,48,10,1.000000,adaptive,32,32,10,1.000000,1.277,0.047,1.138,0.039,0.006,32,1032,1032,bernoulli,8.0000,0.001000
sift1m,10000,128,48,10,1.000000,adaptive,64,64,10,1.000000,2.405,0.119,2.115,0.077,0.007,64,1981,1981,bernoulli,8.0000,0.001000
sift1m,10000,128,49,10,0.001000,adaptive,8,64,0,0.000000,2.349,0.127,2.135,0.013,0.003,64,2133,0,bernoulli,8.0000,0.001000
sift1m,10000,128,49,10,0.001000,adaptive,16,128,3,0.300000,4.571,0.133,4.270,0.024,0.003,128,4396,4,bernoulli,8.0000,0.001000
sift1m,10000,128,49,10,0.001000,adaptive,32,256,6,0.600000,9.243,0.178,8.721,0.048,0.010,256,8589,11,bernoulli,8.0000,0.001000
sift1m,10000,128,49,10,0.001000,adaptive,64,512,7,0.700000,17.201,0.396,16.135,0.096,0.013,512,16279,20,bernoulli,8.0000,0.001000
sift1m,10000,128,49,10,0.010000,adaptive,8,64,10,1.000000,2.427,0.155,2.190,0.017,0.006,64,2133,27,bernoulli,8.0000,0.001000
sift1m,10000,128,49,10,0.010000,adaptive,16,128,10,1.000000,4.652,0.161,4.327,0.032,0.009,128,4396,62,bernoulli,8.0000,0.001000
sift1m,10000,128,49,10,0.010000,adaptive,32,256,10,1.000000,10.115,0.200,9.569,0.071,0.017,256,8589,114,bernoulli,8.0000,0.001000
sift1m,10000,128,49,10,0.010000,adaptive,64,512,10,1.000000,16.911,0.420,15.903,0.122,0.024,512,16279,203,bernoulli,8.0000,0.001000
sift1m,10000,128,49,10,0.050000,adaptive,8,64,10,1.000000,2.338,0.123,2.113,0.027,0.009,64,2133,145,bernoulli,8.0000,0.001000
sift1m,10000,128,49,10,0.050000,adaptive,16,128,10,1.000000,4.512,0.109,4.216,0.050,0.012,128,4396,249,bernoulli,8.0000,0.001000
sift1m,10000,128,49,10,0.050000,adaptive,32,256,10,1.000000,9.288,0.175,8.730,0.100,0.023,256,8589,475,bernoulli,8.0000,0.001000
sift1m,10000,128,49,10,0.050000,adaptive,64,512,10,1.000000,17.066,0.380,15.963,0.191,0.033,512,16279,903,bernoulli,8.0000,0.001000
sift1m,10000,128,49,10,0.100000,adaptive,8,64,10,1.000000,2.291,0.105,2.081,0.030,0.007,64,2133,218,bernoulli,8.0000,0.001000
sift1m,10000,128,49,10,0.100000,adaptive,16,128,10,1.000000,4.616,0.097,4.305,0.062,0.013,128,4396,437,bernoulli,8.0000,0.001000
sift1m,10000,128,49,10,0.100000,adaptive,32,256,10,1.000000,9.002,0.185,8.398,0.122,0.023,256,8589,838,bernoulli,8.0000,0.001000
sift1m,10000,128,49,10,0.100000,adaptive,64,512,10,1.000000,17.931,0.365,16.724,0.235,0.043,512,16279,1525,bernoulli,8.0000,0.001000
sift1m,10000,128,49,10,0.500000,adaptive,8,16,10,1.000000,0.690,0.105,0.540,0.014,0.004,16,513,263,bernoulli,8.0000,0.001000
sift1m,10000,128,49,10,0.500000,adaptive,16,32,10,1.000000,1.181,0.065,1.036,0.025,0.005,32,1002,507,bernoulli,8.0000,0.001000
sift1m,10000,128,49,10,0.500000,adaptive,32,64,10,1.000000,2.625,0.068,2.377,0.055,0.008,64,2133,1062,bernoulli,8.0000,0.001000
sift1m,10000,128,49,10,0.500000,adaptive,64,128,10,1.000000,4.763,0.110,4.321,0.113,0.012,128,4396,2169,bernoulli,8.0000,0.001000
sift1m,10000,128,49,10,1.000000,adaptive,8,8,10,1.000000,0.336,0.066,0.249,0.009,0.002,8,234,234,bernoulli,8.0000,0.001000
sift1m,10000,128,49,10,1.000000,adaptive,16,16,10,1.000000,0.617,0.047,0.528,0.020,0.003,16,513,513,bernoulli,8.0000,0.001000
sift1m,10000,128,49,10,1.000000,adaptive,32,32,10,1.000000,1.268,0.129,1.052,0.040,0.006,32,1002,1002,bernoulli,8.0000,0.001000
sift1m,10000,128,49,10,1.000000,adaptive,64,64,10,1.000000,3.000,0.073,2.718,0.083,0.010,64,2133,2133,bernoulli,8.0000,0.001000
