dataset,n_records,dim,query_id,k,selectivity,strategy,base_nprobe,nprobe_used,returned_count,recall_at_k,latency_ms,t_centers_ms,t_fetch_pl_ms,t_bf_pl_ms,t_merge_ms,centers,candidates_before_filter,candidates_after_filter,filter_shape,max_factor,epsilon
sift1m,50000,128,0,10,0.001000,fixed,8,8,0,0.000000,0.653,0.204,0.435,0.002,0.001,8,276,0,bernoulli,8.0000,0.001000
sift1m,50000,128,0,10,0.001000,fixed,16,16,1,0.100000,0.919,0.096,0.792,0.005,0.003,16,580,1,bernoulli,8.0000,0.001000
sift1m,50000,128,0,10,0.001000,fixed,32,32,1,0.100000,1.572,0.170,1.351,0.008,0.002,32,1165,1,bernoulli,8.0000,0.001000
sift1m,50000,128,0,10,0.001000,fixed,64,64,1,0.100000,2.654,0.156,2.403,0.015,0.002,64,2201,1,bernoulli,8.0000,0.001000
sift1m,50000,128,0,10,0.010000,fixed,8,8,0,0.000000,0.431,0.117,0.302,0.003,0.001,8,276,0,bernoulli,8.0000,0.001000
sift1m,50000,128,0,10,0.010000,fixed,16,16,0,0.000000,0.730,0.079,0.628,0.005,0.001,16,580,0,bernoulli,8.0000,0.001000
sift1m,50000,128,0,10,0.010000,fixed,32,32,4,0.200000,1.401,0.081,1.274,0.011,0.002,32,1165,4,bernoulli,8.0000,0.001000
sift1m,50000,128,0,10,0.010000,fixed,64,64,9,0.400000,2.696,0.139,2.466,0.020,0.004,64,2201,9,bernoulli,8.0000,0.001000
sift1m,50000,128,0,10,0.050000,fixed,8,8,9,0.300000,0.527,0.171,0.338,0.004,0.002,8,276,10,bernoulli,8.0000,0.001000
sift1m,50000,128,0,10,0.050000,fixed,16,16,10,0.400000,0.750,0.074,0.642,0.008,0.003,16,580,25,bernoulli,8.0000,0.001000
sift1m,50000,128,0,10,0.050000,fixed,32,32,10,0.600000,1.394,0.077,1.255,0.016,0.004,32,1165,48,bernoulli,8.0000,0.001000
sift1m,50000,128,0,10,0.050000,fixed,64,64,10,0.800000,2.496,0.090,2.291,0.030,0.006,64,2201,97,bernoulli,8.0000,0.001000
sift1m,50000,128,0,10,0.100000,fixed,8,8,10,0.500000,0.606,0.165,0.419,0.004,0.003,8,276,30,bernoulli,8.0000,0.001000
sift1m,50000,128,0,10,0.100000,fixed,16,16,10,0.700000,0.851,0.103,0.711,0.005,0.004,16,580,63,bernoulli,8.0000,0.001000
sift1m,50000,128,0,10,0.100000,fixed,32,32,10,1.000000,1.578,0.111,1.395,0.010,0.007,32,1165,119,bernoulli,8.0000,0.001000
sift1m,50000,128,0,10,0.100000,fixed,64,64,10,1.000000,2.403,0.133,2.161,0.016,0.007,64,2201,208,bernoulli,8.0000,0.001000
sift1m,50000,128,0,10,0.500000,fixed,8,8,10,0.900000,0.644,0.207,0.393,0.009,0.003,8,276,144,bernoulli,8.0000,0.001000
sift1m,50000,128,0,10,0.500000,fixed,16,16,10,0.900000,0.806,0.090,0.655,0.015,0.003,16,580,298,bernoulli,8.0000,0.001000
sift1m,50000,128,0,10,0.500000,fixed,32,32,10,1.000000,1.578,0.095,1.382,0.030,0.005,32,1165,568,bernoulli,8.0000,0.001000
sift1m,50000,128,0,10,0.500000,fixed,64,64,10,1.000000,2.659,0.172,2.312,0.056,0.006,64,2201,1038,bernoulli,8.0000,0.001000
sift1m,50000,128,0,10,1.000000,fixed,8,8,10,0.700000,0.574,0.186,0.361,0.010,0.002,8,276,276,bernoulli,8.0000,0.001000
sift1m,50000,128,0,10,1.000000,fixed,16,16,10,0.900000,0.912,0.082,0.774,0.021,0.004,16,580,580,bernoulli,8.0000,0.001000
sift1m,50000,128,0,10,1.000000,fixed,32,32,10,1.000000,1.509,0.084,1.323,0.043,0.005,32,1165,1165,bernoulli,8.0000,0.001000
sift1m,50000,128,0,10,1.000000,fixed,64,64,10,1.000000,2.756,0.111,2.443,0.080,0.007,64,2201,2201,bernoulli,8.0000,0.001000
sift1m,50000,128,1,10,0.001000,fixed,8,8,0,0.000000,0.578,0.180,0.386,0.002,0.001,8,293,0,bernoulli,8.0000,0.001000
sift1m,50000,128,1,10,0.001000,fixed,16,16,0,0.000000,0.837,0.097,0.716,0.004,0.002,16,518,0,bernoulli,8.0000,0.001000
sift1m,50000,128,1,10,0.001000,fixed,32,32,0,0.000000,1.430,0.107,1.282,0.007,0.001,32,1115,0,bernoulli,8.0000,0.001000
sift1m,50000,128,1,10,0.001000,fixed,64,64,0,0.000000,3.100,0.118,2.852,0.018,0.003,64,2212,0,bernoulli,8.0000,0.001000
sift1m,50000,128,1,10,0.010000,fixed,8,8,1,0.100000,0.599,0.197,0.388,0.003,0.001,8,293,1,bernoulli,8.0000,0.001000
sift1m,50000,128,1,10,0.010000,fixed,16,16,3,0.200000,0.714,0.087,0.605,0.005,0.002,16,518,4,bernoulli,8.0000,0.001000
sift1m,50000,128,1,10,0.010000,fixed,32,32,9,0.400000,1.382,0.074,1.261,0.010,0.002,32,1115,11,bernoulli,8.0000,0.001000
sift1m,50000,128,1,10,0.010000,fixed,64,64,10,0.600000,2.516,0.097,2.333,0.019,0.003,64,2212,15,bernoulli,8.0000,0.001000
sift1m,50000,128,1,10,0.050000,fixed,8,8,10,0.200000,0.476,0.106,0.347,0.005,0.002,8,293,18,bernoulli,8.0000,0.001000
sift1m,50000,128,1,10,0.050000,fixed,16,16,10,0.600000,0.878,0.062,0.771,0.010,0.005,16,518,34,bernoulli,8.0000,0.001000
sift1m,50000,128,1,10,0.050000,fixed,32,32,10,0.700000,1.553,0.156,1.324,0.017,0.005,32,1115,63,bernoulli,8.0000,0.001000
sift1m,50000,128,1,10,0.050000,fixed,64,64,10,1.000000,2.828,0.133,2.559,0.039,0.008,64,2212,124,bernoulli,8.0000,0.001000
sift1m,50000,128,1,10,0.100000,fixed,8,8,10,0.400000,0.481,0.127,0.337,0.003,0.002,8,293,26,bernoulli,8.0000,0.001000
sift1m,50000,128,1,10,0.100000,fixed,16,16,10,0.500000,0.677,0.082,0.564,0.005,0.004,16,518,49,bernoulli,8.0000,0.001000
sift1m,50000,128,1,10,0.100000,fixed,32,32,10,0.800000,1.334,0.103,1.175,0.009,0.005,32,1115,103,bernoulli,8.0000,0.001000
sift1m,50000,128,1,10,0.100000,fixed,64,64,10,1.000000,2.711,0.113,2.478,0.018,0.009,64,2212,215,bernoulli,8.0000,0.001000
sift1m,50000,128,1,10,0.500000,fixed,8,8,10,0.800000,0.651,0.197,0.424,0.009,0.003,8,293,137,bernoulli,8.0000,0.001000
sift1m,50000,128,1,10,0.500000,fixed,16,16,10,1.000000,0.770,0.100,0.609,0.014,0.002,16,518,242,bernoulli,8.0000,0.001000
sift1m,50000,128,1,10,0.500000,fixed,32,32,10,1.000000,1.378,0.100,1.193,0.027,0.004,32,1115,526,bernoulli,8.0000,0.001000
sift1m,50000,128,1,10,0.500000,fixed,64,64,10,1.000000,3.032,0.097,2.735,0.062,0.008,64,2212,1057,bernoulli,8.0000,0.001000
sift1m,50000,128,1,10,1.000000,fixed,8,8,10,0.700000,0.719,0.226,0.457,0.012,0.003,8,293,293,bernoulli,8.0000,0.001000
sift1m,50000,128,1,10,1.000000,fixed,16,16,10,0.900000,0.826,0.143,0.629,0.018,0.003,16,518,518,bernoulli,8.0000,0.001000
sift1m,50000,128,1,10,1.000000,fixed,32,32,10,1.000000,1.342,0.086,1.158,0.038,0.004,32,1115,1115,bernoulli,8.0000,0.001000
sift1m,50000,128,1,10,1.000000,fixed,64,64,10,1.000000,2.632,0.095,2.344,0.079,0.006,64,2212,2212,bernoulli,8.0000,0.001000
sift1m,50000,128,2,10,0.001000,fixed,8,8,0,0.000000,0.485,0.173,0.301,0.002,0.001,8,247,0,bernoulli,8.0000,0.001000
sift1m,50000,128,2,10,0.001000,fixed,16,16,0,0.000000,0.672,0.072,0.577,0.003,0.001,16,560,0,bernoulli,8.0000,0.001000
sift1m,50000,128,2,10,0.001000,fixed,32,32,0,0.000000,1.263,0.068,1.156,0.007,0.001,32,1131,0,bernoulli,8.0000,0.001000
sift1m,50000,128,2,10,0.001000,fixed,64,64,0,0.000000,2.444,0.079,2.289,0.014,0.001,64,2232,0,bernoulli,8.0000,0.001000
sift1m,50000,128,2,10,0.010000,fixed,8,8,2,0.200000,0.339,0.051,0.268,0.003,0.001,8,247,2,bernoulli,8.0000,0.001000
sift1m,50000,128,2,10,0.010000,fixed,16,16,4,0.200000,0.627,0.052,0.551,0.005,0.001,16,560,6,bernoulli,8.0000,0.001000
sift1m,50000,128,2,10,0.010000,fixed,32,32,10,0.300000,1.264,0.054,1.163,0.011,0.002,32,1131,16,bernoulli,8.0000,0.001000
sift1m,50000,128,2,10,0.010000,fixed,64,64,10,0.600000,2.694,0.066,2.528,0.023,0.005,64,2232,23,bernoulli,8.0000,0.001000
sift1m,50000,128,2,10,0.050000,fixed,8,8,10,0.400000,0.438,0.111,0.311,0.004,0.002,8,247,14,bernoulli,8.0000,0.001000
sift1m,50000,128,2,10,0.050000,fixed,16,16,10,0.500000,0.692,0.056,0.606,0.007,0.002,16,560,25,bernoulli,8.0000,0.001000
sift1m,50000,128,2,10,0.050000,fixed,32,32,10,0.800000,1.289,0.057,1.174,0.015,0.003,32,1131,43,bernoulli,8.0000,0.001000
sift1m,50000,128,2,10,0.050000,fixed,64,64,10,0.900000,2.618,0.070,2.424,0.031,0.008,64,2232,98,bernoulli,8.0000,0.001000
sift1m,50000,128,2,10,0.100000,fixed,8,8,10,0.400000,0.763,0.217,0.521,0.004,0.004,8,247,24,bernoulli,8.0000,0.001000
sift1m,50000,128,2,10,0.100000,fixed,16,16,10,0.600000,0.969,0.144,0.787,0.005,0.005,16,560,43,bernoulli,8.0000,0.001000
sift1m,50000,128,2,10,0.100000,fixed,32,32,10,0.800000,1.740,0.157,1.464,0.025,0.008,32,1131,85,bernoulli,8.0000,0.001000
sift1m,50000,128,2,10,0.100000,fixed,64,64,10,0.900000,3.005,0.227,2.649,0.019,0.010,64,2232,178,bernoulli,8.0000,0.001000
sift1m,50000,128,2,10,0.500000,fixed,8,8,10,1.000000,0.703,0.273,0.400,0.008,0.004,8,247,127,bernoulli,8.0000,0.001000
sift1m,50000,128,2,10,0.500000,fixed,16,16,10,1.000000,0.865,0.126,0.683,0.015,0.003,16,560,265,bernoulli,8.0000,0.001000
sift1m,50000,128,2,10,0.500000,fixed,32,32,10,1.000000,1.494,0.107,1.285,0.029,0.005,32,1131,551,bernoulli,8.0000,0.001000
sift1m,50000,128,2,10,0.500000,fixed,64,64,10,1.000000,3.094,0.133,2.742,0.062,0.012,64,2232,1093,bernoulli,8.0000,0.001000
sift1m,50000,128,2,10,1.000000,fixed,8,8,10,0.900000,0.553,0.182,0.346,0.010,0.003,8,247,247,bernoulli,8.0000,0.001000
sift1m,50000,128,2,10,1.000000,fixed,16,16,10,0.900000,0.747,0.075,0.626,0.021,0.002,16,560,560,bernoulli,8.0000,0.001000
sift1m,50000,128,2,10,1.000000,fixed,32,32,10,1.000000,1.332,0.071,1.175,0.039,0.004,32,1131,1131,bernoulli,8.0000,0.001000
sift1m,50000,128,2,10,1.000000,fixed,64,64,10,1.000000,3.012,0.085,2.715,0.085,0.008,64,2232,2232,bernoulli,8.0000,0.001000
sift1m,50000,128,3,10,0.001000,fixed,8,8,1,0.100000,0.575,0.179,0.381,0.002,0.001,8,300,1,bernoulli,8.0000,0.001000
sift1m,50000,128,3,10,0.001000,fixed,16,16,1,0.100000,0.714,0.088,0.604,0.004,0.001,16,540,1,bernoulli,8.0000,0.001000
sift1m,50000,128,3,10,0.001000,fixed,32,32,1,0.100000,1.171,0.078,1.051,0.007,0.001,32,990,1,bernoulli,8.0000,0.001000
sift1m,50000,128,3,10,0.001000,fixed,64,64,1,0.100000,2.859,0.095,2.667,0.017,0.004,64,2204,3,bernoulli,8.0000,0.001000
sift1m,50000,128,3,10,0.010000,fixed,8,8,4,0.400000,0.538,0.164,0.360,0.003,0.001,8,300,5,bernoulli,8.0000,0.001000
sift1m,50000,128,3,10,0.010000,fixed,16,16,6,0.600000,0.879,0.166,0.684,0.006,0.003,16,540,8,bernoulli,8.0000,0.001000
sift1m,50000,128,3,10,0.010000,fixed,32,32,10,0.600000,1.311,0.118,1.142,0.012,0.005,32,990,17,bernoulli,8.0000,0.001000
sift1m,50000,128,3,10,0.010000,fixed,64,64,10,0.700000,2.540,0.152,2.299,0.022,0.004,64,2204,25,bernoulli,8.0000,0.001000
sift1m,50000,128,3,10,0.050000,fixed,8,8,10,0.500000,0.491,0.137,0.337,0.004,0.002,8,300,15,bernoulli,8.0000,0.001000
sift1m,50000,128,3,10,0.050000,fixed,16,16,10,0.700000,0.650,0.069,0.552,0.008,0.002,16,540,30,bernoulli,8.0000,0.001000
sift1m,50000,128,3,10,0.050000,fixed,32,32,10,0.800000,1.100,0.064,0.981,0.014,0.004,32,990,63,bernoulli,8.0000,0.001000
sift1m,50000,128,3,10,0.050000,fixed,64,64,10,1.000000,2.680,0.076,2.460,0.033,0.011,64,2204,123,bernoulli,8.0000,0.001000
sift1m,50000,128,3,10,0.100000,fixed,8,8,10,0.500000,0.528,0.151,0.359,0.003,0.003,8,300,26,bernoulli,8.0000,0.001000
sift1m,50000,128,3,10,0.100000,fixed,16,16,10,0.500000,0.738,0.082,0.622,0.005,0.005,16,540,46,bernoulli,8.0000,0.001000
sift1m,50000,128,3,10,0.100000,fixed,32,32,10,0.600000,1.204,0.093,1.042,0.007,0.005,32,990,86,bernoulli,8.0000,0.001000
sift1m,50000,128,3,10,0.100000,fixed,64,64,10,1.000000,2.444,0.110,2.225,0.016,0.008,64,2204,205,bernoulli,8.0000,0.001000
sift1m,50000,128,3,10,0.500000,fixed,8,8,10,1.000000,0.610,0.185,0.396,0.009,0.003,8,300,150,bernoulli,8.0000,0.001000
sift1m,50000,128,3,10,0.500000,fixed,16,16,10,1.000000,0.676,0.072,0.561,0.013,0.003,16,540,260,bernoulli,8.0000,0.001000
sift1m,50000,128,3,10,0.500000,fixed,32,32,10,1.000000,1.127,0.071,0.975,0.025,0.005,32,990,484,bernoulli,8.0000,0.001000
sift1m,50000,128,3,10,0.500000,fixed,64,64,10,1.000000,2.512,0.089,2.251,0.055,0.008,64,2204,1067,bernoulli,8.0000,0.001000
sift1m,50000,128,3,10,1.000000,fixed,8,8,10,1.000000,0.643,0.177,0.411,0.012,0.003,8,300,300,bernoulli,8.0000,0.001000
sift1m,50000,128,3,10,1.000000,fixed,16,16,10,1.000000,0.723,0.080,0.587,0.020,0.004,16,540,540,bernoulli,8.0000,0.001000
sift1m,50000,128,3,10,1.000000,fixed,32,32,10,1.000000,1.405,0.085,1.204,0.047,0.007,32,990,990,bernoulli,8.0000,0.001000
sift1m,50000,128,3,10,1.000000,fixed,64,64,10,1.000000,2.652,0.163,2.309,0.084,0.007,64,2204,2204,bernoulli,8.0000,0.001000
sift1m,50000,128,4,10,0.001000,fixed,8,8,0,0.000000,0.528,0.181,0.334,0.002,0.001,8,265,0,bernoulli,8.0000,0.001000
sift1m,50000,128,4,10,0.001000,fixed,16,16,0,0.000000,0.685,0.078,0.583,0.004,0.001,16,542,0,bernoulli,8.0000,0.001000
sift1m,50000,128,4,10,0.001000,fixed,32,32,1,0.100000,1.366,0.072,1.242,0.007,0.002,32,1168,1,bernoulli,8.0000,0.001000
sift1m,50000,128,4,10,0.001000,fixed,64,64,1,0.100000,2.545,0.094,2.353,0.015,0.003,64,2223,1,bernoulli,8.0000,0.001000
sift1m,50000,128,4,10,0.010000,fixed,8,8,2,0.100000,0.419,0.114,0.293,0.002,0.001,8,265,3,bernoulli,8.0000,0.001000
sift1m,50000,128,4,10,0.010000,fixed,16,16,4,0.300000,0.651,0.073,0.556,0.005,0.001,16,542,5,bernoulli,8.0000,0.001000
sift1m,50000,128,4,10,0.010000,fixed,32,32,9,0.500000,1.358,0.077,1.236,0.011,0.002,32,1168,10,bernoulli,8.0000,0.001000
sift1m,50000,128,4,10,0.010000,fixed,64,64,10,0.600000,2.514,0.087,2.340,0.020,0.004,64,2223,15,bernoulli,8.0000,0.001000
sift1m,50000,128,4,10,0.050000,fixed,8,8,10,0.500000,0.592,0.152,0.377,0.005,0.003,8,265,12,bernoulli,8.0000,0.001000
sift1m,50000,128,4,10,0.050000,fixed,16,16,10,0.500000,0.966,0.161,0.768,0.009,0.003,16,542,20,bernoulli,8.0000,0.001000
sift1m,50000,128,4,10,0.050000,fixed,32,32,10,1.000000,1.384,0.098,1.223,0.016,0.004,32,1168,49,bernoulli,8.0000,0.001000
sift1m,50000,128,4,10,0.050000,fixed,64,64,10,1.000000,2.443,0.096,2.230,0.032,0.006,64,2223,114,bernoulli,8.0000,0.001000
sift1m,50000,128,4,10,0.100000,fixed,8,8,10,0.400000,0.529,0.145,0.368,0.002,0.002,8,265,26,bernoulli,8.0000,0.001000
sift1m,50000,128,4,10,0.100000,fixed,16,16,10,0.800000,0.747,0.109,0.609,0.005,0.002,16,542,53,bernoulli,8.0000,0.001000
sift1m,50000,128,4,10,0.100000,fixed,32,32,10,0.900000,1.375,0.089,1.230,0.009,0.005,32,1168,116,bernoulli,8.0000,0.001000
sift1m,50000,128,4,10,0.100000,fixed,64,64,10,1.000000,2.558,0.092,2.357,0.017,0.008,64,2223,203,bernoulli,8.0000,0.001000
sift1m,50000,128,4,10,0.500000,fixed,8,8,10,0.800000,0.632,0.208,0.398,0.008,0.003,8,265,127,bernoulli,8.0000,0.001000
sift1m,50000,128,4,10,0.500000,fixed,16,16,10,0.900000,0.714,0.083,0.586,0.014,0.002,16,542,260,bernoulli,8.0000,0.001000
sift1m,50000,128,4,10,0.500000,fixed,32,32,10,1.000000,1.699,0.077,1.480,0.035,0.006,32,1168,570,bernoulli,8.0000,0.001000
sift1m,50000,128,4,10,0.500000,fixed,64,64,10,1.000000,3.230,0.186,2.806,0.064,0.009,64,2223,1098,bernoulli,8.0000,0.001000
sift1m,50000,128,4,10,1.000000,fixed,8,8,10,0.800000,0.653,0.196,0.423,0.012,0.003,8,265,265,bernoulli,8.0000,0.001000
sift1m,50000,128,4,10,1.000000,fixed,16,16,10,0.900000,0.716,0.083,0.586,0.020,0.003,16,542,542,bernoulli,8.0000,0.001000
sift1m,50000,128,4,10,1.000000,fixed,32,32,10,1.000000,1.707,0.068,1.507,0.045,0.006,32,1168,1168,bernoulli,8.0000,0.001000
sift1m,50000,128,4,10,1.000000,fixed,64,64,10,1.000000,3.196,0.189,2.756,0.088,0.011,64,2223,2223,bernoulli,8.0000,0.001000
sift1m,50000,128,5,10,0.001000,fixed,8,8,0,0.000000,0.562,0.214,0.337,0.002,0.001,8,270,0,bernoulli,8.0000,0.001000
sift1m,50000,128,5,10,0.001000,fixed,16,16,0,0.000000,0.648,0.092,0.537,0.004,0.001,16,538,0,bernoulli,8.0000,0.001000
sift1m,50000,128,5,10,0.001000,fixed,32,32,1,0.100000,1.191,0.086,1.067,0.007,0.002,32,1059,1,bernoulli,8.0000,0.001000
sift1m,50000,128,5,10,0.001000,fixed,64,64,2,0.200000,2.605,0.099,2.423,0.015,0.004,64,2173,2,bernoulli,8.0000,0.001000
sift1m,50000,128,5,10,0.010000,fixed,8,8,4,0.200000,0.413,0.106,0.293,0.003,0.001,8,270,4,bernoulli,8.0000,0.001000
sift1m,50000,128,5,10,0.010000,fixed,16,16,4,0.200000,0.624,0.082,0.519,0.005,0.001,16,538,5,bernoulli,8.0000,0.001000
sift1m,50000,128,5,10,0.010000,fixed,32,32,7,0.200000,1.168,0.077,1.048,0.010,0.002,32,1059,10,bernoulli,8.0000,0.001000
sift1m,50000,128,5,10,0.010000,fixed,64,64,10,0.600000,2.504,0.098,2.319,0.020,0.004,64,2173,28,bernoulli,8.0000,0.001000
sift1m,50000,128,5,10,0.050000,fixed,8,8,9,0.100000,0.724,0.153,0.544,0.006,0.004,8,270,12,bernoulli,8.0000,0.001000
sift1m,50000,128,5,10,0.050000,fixed,16,16,10,0.300000,0.880,0.188,0.659,0.008,0.003,16,538,25,bernoulli,8.0000,0.001000
sift1m,50000,128,5,10,0.050000,fixed,32,32,10,0.700000,1.629,0.134,1.428,0.016,0.006,32,1059,53,bernoulli,8.0000,0.001000
sift1m,50000,128,5,10,0.050000,fixed,64,64,10,0.900000,2.908,0.237,2.545,0.032,0.009,64,2173,115,bernoulli,8.0000,0.001000
sift1m,50000,128,5,10,0.100000,fixed,8,8,10,0.200000,0.690,0.250,0.418,0.003,0.003,8,270,23,bernoulli,8.0000,0.001000
sift1m,50000,128,5,10,0.100000,fixed,16,16,10,0.500000,0.835,0.133,0.665,0.005,0.003,16,538,50,bernoulli,8.0000,0.001000
sift1m,50000,128,5,10,0.100000,fixed,32,32,10,0.800000,1.845,0.144,1.619,0.012,0.009,32,1059,101,bernoulli,8.0000,0.001000
sift1m,50000,128,5,10,0.100000,fixed,64,64,10,1.000000,3.466,0.306,3.010,0.021,0.011,64,2173,217,bernoulli,8.0000,0.001000
sift1m,50000,128,5,10,0.500000,fixed,8,8,10,0.600000,0.694,0.239,0.426,0.008,0.002,8,270,125,bernoulli,8.0000,0.001000
sift1m,50000,128,5,10,0.500000,fixed,16,16,10,0.700000,0.842,0.119,0.667,0.014,0.003,16,538,265,bernoulli,8.0000,0.001000
sift1m,50000,128,5,10,0.500000,fixed,32,32,10,0.700000,1.511,0.185,1.221,0.030,0.006,32,1059,522,bernoulli,8.0000,0.001000
sift1m,50000,128,5,10,0.500000,fixed,64,64,10,1.000000,2.969,0.184,2.587,0.058,0.006,64,2173,1047,bernoulli,8.0000,0.001000
sift1m,50000,128,5,10,1.000000,fixed,8,8,10,0.900000,0.723,0.262,0.423,0.011,0.003,8,270,270,bernoulli,8.0000,0.001000
sift1m,50000,128,5,10,1.000000,fixed,16,16,10,1.000000,0.763,0.127,0.582,0.020,0.003,16,538,538,bernoulli,8.0000,0.001000
sift1m,50000,128,5,10,1.000000,fixed,32,32,10,1.000000,1.623,0.107,1.384,0.057,0.006,32,1059,1059,bernoulli,8.0000,0.001000
sift1m,50000,128,5,10,1.000000,fixed,64,64,10,1.000000,3.115,0.186,2.699,0.084,0.011,64,2173,2173,bernoulli,8.0000,0.001000
sift1m,50000,128,6,10,0.001000,fixed,8,8,0,0.000000,0.577,0.197,0.365,0.002,0.001,8,243,0,bernoulli,8.0000,0.001000
sift1m,50000,128,6,10,0.001000,fixed,16,16,0,0.000000,0.863,0.138,0.699,0.004,0.001,16,529,0,bernoulli,8.0000,0.001000
sift1m,50000,128,6,10,0.001000,fixed,32,32,0,0.000000,1.750,0.166,1.521,0.009,0.003,32,1089,0,bernoulli,8.0000,0.001000
sift1m,50000,128,6,10,0.001000,fixed,64,64,2,0.200000,2.554,0.215,2.243,0.015,0.002,64,2173,2,bernoulli,8.0000,0.001000
sift1m,50000,128,6,10,0.010000,fixed,8,8,6,0.300000,0.547,0.149,0.379,0.003,0.002,8,243,6,bernoulli,8.0000,0.001000
sift1m,50000,128,6,10,0.010000,fixed,16,16,7,0.300000,0.896,0.157,0.710,0.006,0.003,16,529,8,bernoulli,8.0000,0.001000
sift1m,50000,128,6,10,0.010000,fixed,32,32,9,0.300000,1.343,0.101,1.198,0.010,0.002,32,1089,10,bernoulli,8.0000,0.001000
sift1m,50000,128,6,10,0.010000,fixed,64,64,10,0.500000,2.409,0.127,2.198,0.019,0.003,64,2173,19,bernoulli,8.0000,0.001000
sift1m,50000,128,6,10,0.050000,fixed,8,8,10,0.000000,0.415,0.132,0.268,0.004,0.002,8,243,10,bernoulli,8.0000,0.001000
sift1m,50000,128,6,10,0.050000,fixed,16,16,10,0.200000,0.716,0.078,0.607,0.008,0.003,16,529,24,bernoulli,8.0000,0.001000
sift1m,50000,128,6,10,0.050000,fixed,32,32,10,0.600000,1.300,0.095,1.147,0.015,0.004,32,1089,57,bernoulli,8.0000,0.001000
sift1m,50000,128,6,10,0.050000,fixed,64,64,10,0.800000,2.689,0.090,2.472,0.033,0.009,64,2173,117,bernoulli,8.0000,0.001000
sift1m,50000,128,6,10,0.100000,fixed,8,8,10,0.300000,0.499,0.178,0.304,0.003,0.002,8,243,25,bernoulli,8.0000,0.001000
sift1m,50000,128,6,10,0.100000,fixed,16,16,10,0.400000,0.663,0.082,0.555,0.004,0.002,16,529,41,bernoulli,8.0000,0.001000
sift1m,50000,128,6,10,0.100000,fixed,32,32,10,0.700000,1.297,0.074,1.171,0.008,0.004,32,1089,102,bernoulli,8.0000,0.001000
sift1m,50000,128,6,10,0.100000,fixed,64,64,10,1.000000,2.437,0.087,2.244,0.016,0.007,64,2173,208,bernoulli,8.0000,0.001000
sift1m,50000,128,6,10,0.500000,fixed,8,8,10,0.700000,0.514,0.178,0.312,0.008,0.002,8,243,122,bernoulli,8.0000,0.001000
sift1m,50000,128,6,10,0.500000,fixed,16,16,10,0.900000,0.693,0.084,0.567,0.014,0.002,16,529,276,bernoulli,8.0000,0.001000
sift1m,50000,128,6,10,0.500000,fixed,32,32,10,1.000000,1.357,0.082,1.184,0.028,0.004,32,1089,553,bernoulli,8.0000,0.001000
sift1m,50000,128,6,10,0.500000,fixed,64,64,10,1.000000,3.009,0.100,2.699,0.059,0.009,64,2173,1062,bernoulli,8.0000,0.001000
sift1m,50000,128,6,10,1.000000,fixed,8,8,10,0.900000,0.599,0.214,0.357,0.011,0.003,8,243,243,bernoulli,8.0000,0.001000
sift1m,50000,128,6,10,1.000000,fixed,16,16,10,1.000000,0.820,0.096,0.671,0.021,0.003,16,529,529,bernoulli,8.0000,0.001000
sift1m,50000,128,6,10,1.000000,fixed,32,32,10,1.000000,1.788,0.132,1.542,0.046,0.006,32,1089,1089,bernoulli,8.0000,0.001000
sift1m,50000,128,6,10,1.000000,fixed,64,64,10,1.000000,2.697,0.220,2.302,0.081,0.005,64,2173,2173,bernoulli,8.0000,0.001000
sift1m,50000,128,7,10,0.001000,fixed,8,8,0,0.000000,0.454,0.126,0.315,0.002,0.001,8,261,0,bernoulli,8.0000,0.001000
sift1m,50000,128,7,10,0.001000,fixed,16,16,0,0.000000,0.660,0.061,0.576,0.003,0.001,16,535,0,bernoulli,8.0000,0.001000
sift1m,50000,128,7,10,0.001000,fixed,32,32,0,0.000000,1.484,0.058,1.368,0.013,0.002,32,1090,0,bernoulli,8.0000,0.001000
sift1m,50000,128,7,10,0.001000,fixed,64,64,1,0.100000,2.888,0.157,2.613,0.030,0.003,64,2207,1,bernoulli,8.0000,0.001000
sift1m,50000,128,7,10,0.010000,fixed,8,8,1,0.100000,0.508,0.140,0.357,0.003,0.001,8,261,1,bernoulli,8.0000,0.001000
sift1m,50000,128,7,10,0.010000,fixed,16,16,4,0.300000,0.796,0.076,0.694,0.006,0.002,16,535,4,bernoulli,8.0000,0.001000
sift1m,50000,128,7,10,0.010000,fixed,32,32,8,0.600000,1.377,0.093,1.237,0.011,0.003,32,1090,14,bernoulli,8.0000,0.001000
sift1m,50000,128,7,10,0.010000,fixed,64,64,10,0.800000,2.608,0.094,2.407,0.022,0.008,64,2207,26,bernoulli,8.0000,0.001000
sift1m,50000,128,7,10,0.050000,fixed,8,8,9,0.500000,0.412,0.090,0.305,0.004,0.002,8,261,13,bernoulli,8.0000,0.001000
sift1m,50000,128,7,10,0.050000,fixed,16,16,10,0.700000,0.645,0.057,0.549,0.008,0.003,16,535,29,bernoulli,8.0000,0.001000
sift1m,50000,128,7,10,0.050000,fixed,32,32,10,0.800000,1.441,0.052,1.323,0.016,0.005,32,1090,54,bernoulli,8.0000,0.001000
sift1m,50000,128,7,10,0.050000,fixed,64,64,10,1.000000,2.726,0.111,2.493,0.032,0.008,64,2207,106,bernoulli,8.0000,0.001000
sift1m,50000,128,7,10,0.100000,fixed,8,8,10,0.900000,0.534,0.141,0.376,0.002,0.003,8,261,21,bernoulli,8.0000,0.001000
sift1m,50000,128,7,10,0.100000,fixed,16,16,10,1.000000,0.827,0.070,0.722,0.005,0.005,16,535,43,bernoulli,8.0000,0.001000
sift1m,50000,128,7,10,0.100000,fixed,32,32,10,1.000000,1.354,0.104,1.195,0.008,0.005,32,1090,94,bernoulli,8.0000,0.001000
sift1m,50000,128,7,10,0.100000,fixed,64,64,10,1.000000,2.491,0.091,2.296,0.016,0.007,64,2207,199,bernoulli,8.0000,0.001000
sift1m,50000,128,7,10,0.500000,fixed,8,8,10,1.000000,0.525,0.139,0.360,0.008,0.003,8,261,139,bernoulli,8.0000,0.001000
sift1m,50000,128,7,10,0.500000,fixed,16,16,10,1.000000,0.688,0.062,0.581,0.014,0.003,16,535,280,bernoulli,8.0000,0.001000
sift1m,50000,128,7,10,0.500000,fixed,32,32,10,1.000000,1.298,0.061,1.140,0.027,0.005,32,1090,546,bernoulli,8.0000,0.001000
sift1m,50000,128,7,10,0.500000,fixed,64,64,10,1.000000,2.846,0.074,2.583,0.059,0.008,64,2207,1095,bernoulli,8.0000,0.001000
sift1m,50000,128,7,10,1.000000,fixed,8,8,10,1.000000,0.560,0.160,0.373,0.011,0.003,8,261,261,bernoulli,8.0000,0.001000
sift1m,50000,128,7,10,1.000000,fixed,16,16,10,1.000000,0.698,0.064,0.587,0.020,0.003,16,535,535,bernoulli,8.0000,0.001000
sift1m,50000,128,7,10,1.000000,fixed,32,32,10,1.000000,1.312,0.062,1.162,0.040,0.005,32,1090,1090,bernoulli,8.0000,0.001000
sift1m,50000,128,7,10,1.000000,fixed,64,64,10,1.000000,3.030,0.076,2.748,0.083,0.008,64,2207,2207,bernoulli,8.0000,0.001000
sift1m,50000,128,8,10,0.001000,fixed,8,8,0,0.000000,0.577,0.225,0.338,0.002,0.001,8,281,0,bernoulli,8.0000,0.001000
sift1m,50000,128,8,10,0.001000,fixed,16,16,0,0.000000,0.779,0.098,0.654,0.004,0.001,16,551,0,bernoulli,8.0000,0.001000
sift1m,50000,128,8,10,0.001000,fixed,32,32,0,0.000000,1.292,0.106,1.138,0.007,0.001,32,1078,0,bernoulli,8.0000,0.001000
sift1m,50000,128,8,10,0.001000,fixed,64,64,2,0.200000,2.504,0.108,2.289,0.014,0.002,64,2193,2,bernoulli,8.0000,0.001000
sift1m,50000,128,8,10,0.010000,fixed,8,8,1,0.100000,0.389,0.075,0.303,0.003,0.001,8,281,1,bernoulli,8.0000,0.001000
sift1m,50000,128,8,10,0.010000,fixed,16,16,3,0.100000,0.867,0.067,0.772,0.007,0.003,16,551,3,bernoulli,8.0000,0.001000
sift1m,50000,128,8,10,0.010000,fixed,32,32,7,0.200000,1.547,0.179,1.321,0.010,0.002,32,1078,7,bernoulli,8.0000,0.001000
sift1m,50000,128,8,10,0.010000,fixed,64,64,10,0.400000,2.721,0.132,2.487,0.023,0.005,64,2193,22,bernoulli,8.0000,0.001000
sift1m,50000,128,8,10,0.050000,fixed,8,8,10,0.200000,0.535,0.181,0.337,0.004,0.002,8,281,11,bernoulli,8.0000,0.001000
sift1m,50000,128,8,10,0.050000,fixed,16,16,10,0.300000,0.717,0.095,0.592,0.007,0.002,16,551,23,bernoulli,8.0000,0.001000
sift1m,50000,128,8,10,0.050000,fixed,32,32,10,0.600000,1.333,0.104,1.172,0.015,0.004,32,1078,58,bernoulli,8.0000,0.001000
sift1m,50000,128,8,10,0.050000,fixed,64,64,10,1.000000,3.049,0.107,2.795,0.043,0.007,64,2193,108,bernoulli,8.0000,0.001000
sift1m,50000,128,8,10,0.100000,fixed,8,8,10,0.400000,0.497,0.144,0.336,0.003,0.002,8,281,35,bernoulli,8.0000,0.001000
sift1m,50000,128,8,10,0.100000,fixed,16,16,10,0.400000,0.689,0.078,0.583,0.004,0.003,16,551,60,bernoulli,8.0000,0.001000
sift1m,50000,128,8,10,0.100000,fixed,32,32,10,0.800000,1.223,0.074,1.095,0.008,0.004,32,1078,114,bernoulli,8.0000,0.001000
sift1m,50000,128,8,10,0.100000,fixed,64,64,10,0.900000,2.419,0.088,2.226,0.017,0.006,64,2193,231,bernoulli,8.0000,0.001000
sift1m,50000,128,8,10,0.500000,fixed,8,8,10,0.500000,0.722,0.218,0.469,0.008,0.003,8,281,132,bernoulli,8.0000,0.001000
sift1m,50000,128,8,10,0.500000,fixed,16,16,10,0.500000,0.804,0.103,0.658,0.014,0.002,16,551,279,bernoulli,8.0000,0.001000
sift1m,50000,128,8,10,0.500000,fixed,32,32,10,0.700000,1.400,0.091,1.221,0.027,0.007,32,1078,530,bernoulli,8.0000,0.001000
sift1m,50000,128,8,10,0.500000,fixed,64,64,10,0.900000,2.724,0.111,2.431,0.058,0.007,64,2193,1091,bernoulli,8.0000,0.001000
sift1m,50000,128,8,10,1.000000,fixed,8,8,10,0.400000,0.648,0.197,0.393,0.011,0.003,8,281,281,bernoulli,8.0000,0.001000
sift1m,50000,128,8,10,1.000000,fixed,16,16,10,0.600000,0.774,0.096,0.612,0.020,0.002,16,551,551,bernoulli,8.0000,0.001000
sift1m,50000,128,8,10,1.000000,fixed,32,32,10,0.900000,1.575,0.088,1.355,0.055,0.004,32,1078,1078,bernoulli,8.0000,0.001000
sift1m,50000,128,8,10,1.000000,fixed,64,64,10,0.900000,2.736,0.135,2.396,0.081,0.007,64,2193,2193,bernoulli,8.0000,0.001000
sift1m,50000,128,9,10,0.001000,fixed,8,8,0,0.000000,0.489,0.143,0.332,0.002,0.001,8,288,0,bernoulli,8.0000,0.001000
sift1m,50000,128,9,10,0.001000,fixed,16,16,0,0.000000,0.789,0.093,0.668,0.005,0.001,16,547,0,bernoulli,8.0000,0.001000
sift1m,50000,128,9,10,0.001000,fixed,32,32,1,0.100000,1.675,0.113,1.503,0.012,0.003,32,1140,2,bernoulli,8.0000,0.001000
sift1m,50000,128,9,10,0.001000,fixed,64,64,1,0.100000,2.765,0.156,2.502,0.021,0.004,64,2220,2,bernoulli,8.0000,0.001000
sift1m,50000,128,9,10,0.010000,fixed,8,8,2,0.200000,0.528,0.171,0.346,0.003,0.001,8,288,2,bernoulli,8.0000,0.001000
sift1m,50000,128,9,10,0.010000,fixed,16,16,4,0.200000,0.665,0.088,0.555,0.005,0.001,16,547,4,bernoulli,8.0000,0.001000
sift1m,50000,128,9,10,0.010000,fixed,32,32,6,0.400000,1.288,0.082,1.162,0.010,0.002,32,1140,11,bernoulli,8.0000,0.001000
sift1m,50000,128,9,10,0.010000,fixed,64,64,10,0.700000,2.450,0.088,2.277,0.019,0.004,64,2220,26,bernoulli,8.0000,0.001000
sift1m,50000,128,9,10,0.050000,fixed,8,8,10,0.400000,0.578,0.161,0.395,0.007,0.002,8,288,10,bernoulli,8.0000,0.001000
sift1m,50000,128,9,10,0.050000,fixed,16,16,10,0.700000,0.845,0.103,0.708,0.008,0.005,16,547,23,bernoulli,8.0000,0.001000
sift1m,50000,128,9,10,0.050000,fixed,32,32,10,0.900000,1.488,0.110,1.302,0.016,0.008,32,1140,59,bernoulli,8.0000,0.001000
sift1m,50000,128,9,10,0.050000,fixed,64,64,10,0.900000,2.533,0.128,2.290,0.031,0.007,64,2220,113,bernoulli,8.0000,0.001000
sift1m,50000,128,9,10,0.100000,fixed,8,8,10,0.500000,0.508,0.126,0.364,0.002,0.004,8,288,18,bernoulli,8.0000,0.001000
sift1m,50000,128,9,10,0.100000,fixed,16,16,10,0.700000,0.700,0.083,0.591,0.004,0.002,16,547,38,bernoulli,8.0000,0.001000
sift1m,50000,128,9,10,0.100000,fixed,32,32,10,1.000000,1.551,0.072,1.410,0.009,0.008,32,1140,94,bernoulli,8.0000,0.001000
sift1m,50000,128,9,10,0.100000,fixed,64,64,10,1.000000,3.135,0.206,2.799,0.021,0.008,64,2220,184,bernoulli,8.0000,0.001000
sift1m,50000,128,9,10,0.500000,fixed,8,8,10,0.700000,0.695,0.234,0.430,0.009,0.003,8,288,136,bernoulli,8.0000,0.001000
sift1m,50000,128,9,10,0.500000,fixed,16,16,10,1.000000,0.819,0.095,0.669,0.015,0.004,16,547,266,bernoulli,8.0000,0.001000
sift1m,50000,128,9,10,0.500000,fixed,32,32,10,1.000000,1.467,0.135,1.241,0.028,0.005,32,1140,535,bernoulli,8.0000,0.001000
sift1m,50000,128,9,10,0.500000,fixed,64,64,10,1.000000,3.179,0.208,2.760,0.062,0.010,64,2220,1073,bernoulli,8.0000,0.001000
sift1m,50000,128,9,10,1.000000,fixed,8,8,10,0.700000,0.621,0.189,0.397,0.011,0.003,8,288,288,bernoulli,8.0000,0.001000
sift1m,50000,128,9,10,1.000000,fixed,16,16,10,1.000000,0.720,0.086,0.571,0.019,0.003,16,547,547,bernoulli,8.0000,0.001000
sift1m,50000,128,9,10,1.000000,fixed,32,32,10,1.000000,1.340,0.076,1.170,0.040,0.004,32,1140,1140,bernoulli,8.0000,0.001000
sift1m,50000,128,9,10,1.000000,fixed,64,64,10,1.000000,2.894,0.094,2.599,0.091,0.007,64,2220,2220,bernoulli,8.0000,0.001000
sift1m,50000,128,10,10,0.001000,fixed,8,8,0,0.000000,0.612,0.207,0.387,0.002,0.001,8,329,0,bernoulli,8.0000,0.001000
sift1m,50000,128,10,10,0.001000,fixed,16,16,0,0.000000,0.719,0.094,0.596,0.004,0.001,16,562,0,bernoulli,8.0000,0.001000
sift1m,50000,128,10,10,0.001000,fixed,32,32,1,0.100000,1.346,0.082,1.206,0.008,0.001,32,1145,1,bernoulli,8.0000,0.001000
sift1m,50000,128,10,10,0.001000,fixed,64,64,2,0.200000,2.570,0.093,2.363,0.015,0.002,64,2260,2,bernoulli,8.0000,0.001000
sift1m,50000,128,10,10,0.010000,fixed,8,8,5,0.200000,0.679,0.165,0.497,0.004,0.002,8,329,6,bernoulli,8.0000,0.001000
sift1m,50000,128,10,10,0.010000,fixed,16,16,6,0.200000,0.765,0.094,0.648,0.005,0.001,16,562,7,bernoulli,8.0000,0.001000
sift1m,50000,128,10,10,0.010000,fixed,32,32,10,0.400000,1.530,0.098,1.383,0.011,0.003,32,1145,19,bernoulli,8.0000,0.001000
sift1m,50000,128,10,10,0.010000,fixed,64,64,10,0.600000,2.819,0.131,2.596,0.020,0.005,64,2260,29,bernoulli,8.0000,0.001000
sift1m,50000,128,10,10,0.050000,fixed,8,8,10,0.200000,0.579,0.151,0.409,0.005,0.002,8,329,17,bernoulli,8.0000,0.001000
sift1m,50000,128,10,10,0.050000,fixed,16,16,10,0.500000,0.814,0.102,0.678,0.009,0.003,16,562,32,bernoulli,8.0000,0.001000
sift1m,50000,128,10,10,0.050000,fixed,32,32,10,0.700000,1.600,0.111,1.412,0.021,0.007,32,1145,61,bernoulli,8.0000,0.001000
sift1m,50000,128,10,10,0.050000,fixed,64,64,10,0.900000,2.780,0.239,2.396,0.054,0.008,64,2260,108,bernoulli,8.0000,0.001000
sift1m,50000,128,10,10,0.100000,fixed,8,8,10,0.500000,0.520,0.136,0.366,0.003,0.002,8,329,41,bernoulli,8.0000,0.001000
sift1m,50000,128,10,10,0.100000,fixed,16,16,10,0.600000,0.692,0.088,0.576,0.004,0.002,16,562,58,bernoulli,8.0000,0.001000
sift1m,50000,128,10,10,0.100000,fixed,32,32,10,0.600000,1.322,0.084,1.182,0.009,0.004,32,1145,114,bernoulli,8.0000,0.001000
sift1m,50000,128,10,10,0.100000,fixed,64,64,10,0.900000,2.718,0.092,2.492,0.022,0.010,64,2260,215,bernoulli,8.0000,0.001000
sift1m,50000,128,10,10,0.500000,fixed,8,8,10,0.900000,0.708,0.205,0.472,0.009,0.002,8,329,161,bernoulli,8.0000,0.001000
sift1m,50000,128,10,10,0.500000,fixed,16,16,10,0.900000,0.787,0.098,0.641,0.015,0.003,16,562,269,bernoulli,8.0000,0.001000
sift1m,50000,128,10,10,0.500000,fixed,32,32,10,0.900000,1.462,0.097,1.277,0.029,0.004,32,1145,569,bernoulli,8.0000,0.001000
sift1m,50000,128,10,10,0.500000,fixed,64,64,10,1.000000,2.894,0.106,2.591,0.062,0.007,64,2260,1123,bernoulli,8.0000,0.001000
sift1m,50000,128,10,10,1.000000,fixed,8,8,10,0.900000,0.597,0.137,0.425,0.012,0.002,8,329,329,bernoulli,8.0000,0.001000
sift1m,50000,128,10,10,1.000000,fixed,16,16,10,0.900000,0.718,0.083,0.584,0.019,0.002,16,562,562,bernoulli,8.0000,0.001000
sift1m,50000,128,10,10,1.000000,fixed,32,32,10,0.900000,1.347,0.075,1.186,0.039,0.004,32,1145,1145,bernoulli,8.0000,0.001000
sift1m,50000,128,10,10,1.000000,fixed,64,64,10,1.000000,2.632,0.089,2.376,0.077,0.005,64,2260,2260,bernoulli,8.0000,0.001000
sift1m,50000,128,11,10,0.001000,fixed,8,8,1,0.000000,0.502,0.175,0.312,0.002,0.001,8,284,1,bernoulli,8.0000,0.001000
sift1m,50000,128,11,10,0.001000,fixed,16,16,1,0.000000,0.745,0.080,0.637,0.004,0.001,16,602,1,bernoulli,8.0000,0.001000
sift1m,50000,128,11,10,0.001000,fixed,32,32,1,0.000000,1.291,0.076,1.155,0.008,0.004,32,1103,1,bernoulli,8.0000,0.001000
sift1m,50000,128,11,10,0.001000,fixed,64,64,1,0.000000,3.074,0.198,2.750,0.020,0.003,64,2268,1,bernoulli,8.0000,0.001000
sift1m,50000,128,11,10,0.010000,fixed,8,8,4,0.200000,0.377,0.078,0.286,0.003,0.001,8,284,5,bernoulli,8.0000,0.001000
sift1m,50000,128,11,10,0.010000,fixed,16,16,5,0.300000,0.690,0.062,0.603,0.005,0.001,16,602,6,bernoulli,8.0000,0.001000
sift1m,50000,128,11,10,0.010000,fixed,32,32,10,0.400000,1.208,0.071,1.095,0.010,0.002,32,1103,12,bernoulli,8.0000,0.001000
sift1m,50000,128,11,10,0.010000,fixed,64,64,10,0.500000,2.504,0.079,2.337,0.021,0.003,64,2268,21,bernoulli,8.0000,0.001000
sift1m,50000,128,11,10,0.050000,fixed,8,8,10,0.300000,0.774,0.230,0.515,0.010,0.002,8,284,11,bernoulli,8.0000,0.001000
sift1m,50000,128,11,10,0.050000,fixed,16,16,10,0.300000,0.768,0.099,0.638,0.008,0.002,16,602,24,bernoulli,8.0000,0.001000
sift1m,50000,128,11,10,0.050000,fixed,32,32,10,0.700000,1.233,0.076,1.101,0.015,0.004,32,1103,48,bernoulli,8.0000,0.001000
sift1m,50000,128,11,10,0.050000,fixed,64,64,10,1.000000,2.493,0.081,2.298,0.032,0.006,64,2268,120,bernoulli,8.0000,0.001000
sift1m,50000,128,11,10,0.100000,fixed,8,8,10,0.700000,0.481,0.123,0.341,0.003,0.002,8,284,32,bernoulli,8.0000,0.001000
sift1m,50000,128,11,10,0.100000,fixed,16,16,10,1.000000,0.721,0.072,0.618,0.006,0.003,16,602,77,bernoulli,8.0000,0.001000
sift1m,50000,128,11,10,0.100000,fixed,32,32,10,1.000000,1.234,0.066,1.112,0.009,0.005,32,1103,129,bernoulli,8.0000,0.001000
sift1m,50000,128,11,10,0.100000,fixed,64,64,10,1.000000,3.068,0.134,2.793,0.021,0.013,64,2268,254,bernoulli,8.0000,0.001000
sift1m,50000,128,11,10,0.500000,fixed,8,8,10,0.900000,0.606,0.185,0.390,0.008,0.003,8,284,134,bernoulli,8.0000,0.001000
sift1m,50000,128,11,10,0.500000,fixed,16,16,10,1.000000,0.831,0.092,0.680,0.016,0.003,16,602,284,bernoulli,8.0000,0.001000
sift1m,50000,128,11,10,0.500000,fixed,32,32,10,1.000000,1.362,0.108,1.165,0.029,0.004,32,1103,546,bernoulli,8.0000,0.001000
sift1m,50000,128,11,10,0.500000,fixed,64,64,10,1.000000,2.772,0.109,2.479,0.059,0.008,64,2268,1112,bernoulli,8.0000,0.001000
sift1m,50000,128,11,10,1.000000,fixed,8,8,10,0.900000,0.596,0.196,0.375,0.010,0.002,8,284,284,bernoulli,8.0000,0.001000
sift1m,50000,128,11,10,1.000000,fixed,16,16,10,1.000000,0.806,0.090,0.668,0.021,0.004,16,602,602,bernoulli,8.0000,0.001000
sift1m,50000,128,11,10,1.000000,fixed,32,32,10,1.000000,1.330,0.100,1.148,0.038,0.004,32,1103,1103,bernoulli,8.0000,0.001000
sift1m,50000,128,11,10,1.000000,fixed,64,64,10,1.000000,2.792,0.108,2.459,0.107,0.007,64,2268,2268,bernoulli,8.0000,0.001000
sift1m,50000,128,12,10,0.001000,fixed,8,8,0,0.000000,0.549,0.170,0.359,0.002,0.003,8,313,0,bernoulli,8.0000,0.001000
sift1m,50000,128,12,10,0.001000,fixed,16,16,1,0.100000,0.702,0.078,0.598,0.004,0.001,16,559,1,bernoulli,8.0000,0.001000
sift1m,50000,128,12,10,0.001000,fixed,32,32,1,0.100000,1.228,0.077,1.098,0.007,0.001,32,1097,1,bernoulli,8.0000,0.001000
sift1m,50000,128,12,10,0.001000,fixed,64,64,1,0.100000,2.375,0.094,2.177,0.014,0.002,64,2165,1,bernoulli,8.0000,0.001000
sift1m,50000,128,12,10,0.010000,fixed,8,8,4,0.200000,0.397,0.063,0.321,0.003,0.001,8,313,6,bernoulli,8.0000,0.001000
sift1m,50000,128,12,10,0.010000,fixed,16,16,7,0.300000,0.639,0.060,0.557,0.005,0.002,16,559,10,bernoulli,8.0000,0.001000
sift1m,50000,128,12,10,0.010000,fixed,32,32,10,0.700000,1.184,0.061,1.080,0.010,0.002,32,1097,18,bernoulli,8.0000,0.001000
sift1m,50000,128,12,10,0.010000,fixed,64,64,10,0.900000,2.795,0.072,2.627,0.026,0.007,64,2165,28,bernoulli,8.0000,0.001000
sift1m,50000,128,12,10,0.050000,fixed,8,8,10,0.300000,0.538,0.145,0.374,0.005,0.002,8,313,16,bernoulli,8.0000,0.001000
sift1m,50000,128,12,10,0.050000,fixed,16,16,10,0.400000,0.754,0.083,0.640,0.008,0.003,16,559,27,bernoulli,8.0000,0.001000
sift1m,50000,128,12,10,0.050000,fixed,32,32,10,0.900000,1.349,0.084,1.203,0.015,0.004,32,1097,53,bernoulli,8.0000,0.001000
sift1m,50000,128,12,10,0.050000,fixed,64,64,10,0.900000,2.706,0.110,2.461,0.032,0.011,64,2165,103,bernoulli,8.0000,0.001000
sift1m,50000,128,12,10,0.100000,fixed,8,8,10,0.300000,0.595,0.176,0.399,0.003,0.003,8,313,33,bernoulli,8.0000,0.001000
sift1m,50000,128,12,10,0.100000,fixed,16,16,10,0.700000,0.688,0.082,0.578,0.004,0.002,16,559,53,bernoulli,8.0000,0.001000
sift1m,50000,128,12,10,0.100000,fixed,32,32,10,0.700000,1.250,0.079,1.116,0.008,0.007,32,1097,94,bernoulli,8.0000,0.001000
sift1m,50000,128,12,10,0.100000,fixed,64,64,10,1.000000,2.423,0.092,2.223,0.017,0.010,64,2165,188,bernoulli,8.0000,0.001000
sift1m,50000,128,12,10,0.500000,fixed,8,8,10,0.700000,0.634,0.186,0.419,0.009,0.002,8,313,152,bernoulli,8.0000,0.001000
sift1m,50000,128,12,10,0.500000,fixed,16,16,10,0.900000,0.891,0.074,0.761,0.015,0.004,16,559,271,bernoulli,8.0000,0.001000
sift1m,50000,128,12,10,0.500000,fixed,32,32,10,1.000000,1.462,0.131,1.212,0.036,0.005,32,1097,553,bernoulli,8.0000,0.001000
sift1m,50000,128,12,10,0.500000,fixed,64,64,10,1.000000,2.696,0.110,2.358,0.059,0.008,64,2165,1069,bernoulli,8.0000,0.001000
sift1m,50000,128,12,10,1.000000,fixed,8,8,10,0.900000,0.736,0.233,0.470,0.013,0.003,8,313,313,bernoulli,8.0000,0.001000
sift1m,50000,128,12,10,1.000000,fixed,16,16,10,0.900000,0.847,0.103,0.689,0.022,0.004,16,559,559,bernoulli,8.0000,0.001000
sift1m,50000,128,12,10,1.000000,fixed,32,32,10,1.000000,1.533,0.101,1.328,0.041,0.004,32,1097,1097,bernoulli,8.0000,0.001000
sift1m,50000,128,12,10,1.000000,fixed,64,64,10,1.000000,2.513,0.126,2.216,0.077,0.007,64,2165,2165,bernoulli,8.0000,0.001000
sift1m,50000,128,13,10,0.001000,fixed,8,8,1,0.100000,0.540,0.148,0.374,0.002,0.001,8,326,1,bernoulli,8.0000,0.001000
sift1m,50000,128,13,10,0.001000,fixed,16,16,1,0.100000,0.733,0.077,0.626,0.004,0.001,16,558,2,bernoulli,8.0000,0.001000
sift1m,50000,128,13,10,0.001000,fixed,32,32,3,0.300000,1.217,0.075,1.087,0.007,0.002,32,1075,5,bernoulli,8.0000,0.001000
sift1m,50000,128,13,10,0.001000,fixed,64,64,3,0.300000,2.703,0.087,2.482,0.030,0.005,64,2211,6,bernoulli,8.0000,0.001000
sift1m,50000,128,13,10,0.010000,fixed,8,8,4,0.300000,0.610,0.165,0.429,0.004,0.001,8,326,5,bernoulli,8.0000,0.001000
sift1m,50000,128,13,10,0.010000,fixed,16,16,6,0.300000,0.757,0.098,0.636,0.005,0.001,16,558,7,bernoulli,8.0000,0.001000
sift1m,50000,128,13,10,0.010000,fixed,32,32,7,0.300000,1.280,0.087,1.150,0.010,0.002,32,1075,8,bernoulli,8.0000,0.001000
sift1m,50000,128,13,10,0.010000,fixed,64,64,10,0.500000,2.551,0.094,2.363,0.021,0.003,64,2211,15,bernoulli,8.0000,0.001000
sift1m,50000,128,13,10,0.050000,fixed,8,8,10,0.600000,0.483,0.096,0.366,0.005,0.004,8,326,17,bernoulli,8.0000,0.001000
sift1m,50000,128,13,10,0.050000,fixed,16,16,10,0.600000,0.707,0.070,0.606,0.008,0.003,16,558,27,bernoulli,8.0000,0.001000
sift1m,50000,128,13,10,0.050000,fixed,32,32,10,0.900000,1.219,0.090,1.075,0.015,0.003,32,1075,51,bernoulli,8.0000,0.001000
sift1m,50000,128,13,10,0.050000,fixed,64,64,10,1.000000,2.443,0.093,2.237,0.030,0.009,64,2211,120,bernoulli,8.0000,0.001000
sift1m,50000,128,13,10,0.100000,fixed,8,8,10,0.500000,0.539,0.116,0.405,0.002,0.002,8,326,29,bernoulli,8.0000,0.001000
sift1m,50000,128,13,10,0.100000,fixed,16,16,10,0.800000,0.781,0.085,0.661,0.005,0.004,16,558,51,bernoulli,8.0000,0.001000
sift1m,50000,128,13,10,0.100000,fixed,32,32,10,0.900000,1.237,0.099,1.069,0.008,0.004,32,1075,95,bernoulli,8.0000,0.001000
sift1m,50000,128,13,10,0.100000,fixed,64,64,10,1.000000,2.463,0.117,2.227,0.016,0.011,64,2211,189,bernoulli,8.0000,0.001000
sift1m,50000,128,13,10,0.500000,fixed,8,8,10,0.900000,0.673,0.161,0.480,0.013,0.002,8,326,181,bernoulli,8.0000,0.001000
sift1m,50000,128,13,10,0.500000,fixed,16,16,10,0.900000,0.737,0.079,0.614,0.015,0.003,16,558,286,bernoulli,8.0000,0.001000
sift1m,50000,128,13,10,0.500000,fixed,32,32,10,0.900000,1.265,0.074,1.108,0.027,0.004,32,1075,539,bernoulli,8.0000,0.001000
sift1m,50000,128,13,10,0.500000,fixed,64,64,10,1.000000,2.983,0.166,2.604,0.059,0.012,64,2211,1111,bernoulli,8.0000,0.001000
sift1m,50000,128,13,10,1.000000,fixed,8,8,10,0.800000,0.755,0.169,0.552,0.013,0.003,8,326,326,bernoulli,8.0000,0.001000
sift1m,50000,128,13,10,1.000000,fixed,16,16,10,0.900000,0.839,0.107,0.681,0.020,0.003,16,558,558,bernoulli,8.0000,0.001000
sift1m,50000,128,13,10,1.000000,fixed,32,32,10,0.900000,1.482,0.119,1.253,0.039,0.005,32,1075,1075,bernoulli,8.0000,0.001000
sift1m,50000,128,13,10,1.000000,fixed,64,64,10,1.000000,3.102,0.162,2.678,0.099,0.009,64,2211,2211,bernoulli,8.0000,0.001000
sift1m,50000,128,14,10,0.001000,fixed,8,8,0,0.000000,0.628,0.206,0.407,0.002,0.001,8,317,0,bernoulli,8.0000,0.001000
sift1m,50000,128,14,10,0.001000,fixed,16,16,0,0.000000,0.737,0.088,0.628,0.004,0.001,16,578,0,bernoulli,8.0000,0.001000
sift1m,50000,128,14,10,0.001000,fixed,32,32,0,0.000000,1.293,0.077,1.174,0.007,0.001,32,1125,0,bernoulli,8.0000,0.001000
sift1m,50000,128,14,10,0.001000,fixed,64,64,0,0.000000,2.525,0.093,2.349,0.015,0.001,64,2214,0,bernoulli,8.0000,0.001000
sift1m,50000,128,14,10,0.010000,fixed,8,8,0,0.000000,0.423,0.063,0.348,0.003,0.001,8,317,0,bernoulli,8.0000,0.001000
sift1m,50000,128,14,10,0.010000,fixed,16,16,5,0.100000,0.680,0.056,0.602,0.005,0.001,16,578,5,bernoulli,8.0000,0.001000
sift1m,50000,128,14,10,0.010000,fixed,32,32,10,0.100000,1.861,0.179,1.611,0.029,0.004,32,1125,11,bernoulli,8.0000,0.001000
sift1m,50000,128,14,10,0.010000,fixed,64,64,10,0.300000,2.954,0.191,2.660,0.021,0.008,64,2214,21,bernoulli,8.0000,0.001000
sift1m,50000,128,14,10,0.050000,fixed,8,8,10,0.400000,0.547,0.150,0.371,0.012,0.002,8,317,24,bernoulli,8.0000,0.001000
sift1m,50000,128,14,10,0.050000,fixed,16,16,10,0.700000,0.711,0.080,0.599,0.009,0.002,16,578,38,bernoulli,8.0000,0.001000
sift1m,50000,128,14,10,0.050000,fixed,32,32,10,0.900000,1.353,0.077,1.216,0.017,0.004,32,1125,76,bernoulli,8.0000,0.001000
sift1m,50000,128,14,10,0.050000,fixed,64,64,10,1.000000,2.822,0.089,2.574,0.035,0.010,64,2214,142,bernoulli,8.0000,0.001000
sift1m,50000,128,14,10,0.100000,fixed,8,8,10,0.600000,0.598,0.195,0.386,0.002,0.002,8,317,28,bernoulli,8.0000,0.001000
sift1m,50000,128,14,10,0.100000,fixed,16,16,10,0.700000,0.754,0.087,0.638,0.005,0.003,16,578,66,bernoulli,8.0000,0.001000
sift1m,50000,128,14,10,0.100000,fixed,32,32,10,1.000000,1.341,0.079,1.204,0.009,0.004,32,1125,110,bernoulli,8.0000,0.001000
sift1m,50000,128,14,10,0.100000,fixed,64,64,10,1.000000,2.670,0.091,2.464,0.017,0.009,64,2214,200,bernoulli,8.0000,0.001000
sift1m,50000,128,14,10,0.500000,fixed,8,8,10,0.800000,0.644,0.197,0.415,0.008,0.002,8,317,152,bernoulli,8.0000,0.001000
sift1m,50000,128,14,10,0.500000,fixed,16,16,10,0.900000,0.748,0.081,0.620,0.013,0.003,16,578,275,bernoulli,8.0000,0.001000
sift1m,50000,128,14,10,0.500000,fixed,32,32,10,1.000000,1.330,0.075,1.171,0.027,0.004,32,1125,564,bernoulli,8.0000,0.001000
sift1m,50000,128,14,10,0.500000,fixed,64,64,10,1.000000,2.522,0.088,2.268,0.055,0.006,64,2214,1116,bernoulli,8.0000,0.001000
sift1m,50000,128,14,10,1.000000,fixed,8,8,10,0.900000,0.686,0.212,0.443,0.012,0.003,8,317,317,bernoulli,8.0000,0.001000
sift1m,50000,128,14,10,1.000000,fixed,16,16,10,1.000000,0.778,0.084,0.647,0.020,0.003,16,578,578,bernoulli,8.0000,0.001000
sift1m,50000,128,14,10,1.000000,fixed,32,32,10,1.000000,1.368,0.084,1.197,0.039,0.004,32,1125,1125,bernoulli,8.0000,0.001000
sift1m,50000,128,14,10,1.000000,fixed,64,64,10,1.000000,2.627,0.091,2.366,0.079,0.007,64,2214,2214,bernoulli,8.0000,0.001000
sift1m,50000,128,15,10,0.001000,fixed,8,8,0,0.000000,0.420,0.156,0.255,0.002,0.001,8,243,0,bernoulli,8.0000,0.001000
sift1m,50000,128,15,10,0.001000,fixed,16,16,0,0.000000,0.714,0.074,0.619,0.005,0.001,16,527,0,bernoulli,8.0000,0.001000
sift1m,50000,128,15,10,0.001000,fixed,32,32,0,0.000000,1.351,0.100,1.212,0.008,0.001,32,1100,0,bernoulli,8.0000,0.001000
sift1m,50000,128,15,10,0.001000,fixed,64,64,1,0.100000,2.622,0.115,2.430,0.016,0.002,64,2296,3,bernoulli,8.0000,0.001000
sift1m,50000,128,15,10,0.010000,fixed,8,8,3,0.000000,0.320,0.071,0.237,0.003,0.001,8,243,3,bernoulli,8.0000,0.001000
sift1m,50000,128,15,10,0.010000,fixed,16,16,6,0.000000,0.607,0.063,0.523,0.005,0.001,16,527,6,bernoulli,8.0000,0.001000
sift1m,50000,128,15,10,0.010000,fixed,32,32,10,0.400000,1.255,0.079,1.132,0.011,0.002,32,1100,12,bernoulli,8.0000,0.001000
sift1m,50000,128,15,10,0.010000,fixed,64,64,10,0.800000,2.549,0.075,2.384,0.022,0.004,64,2296,27,bernoulli,8.0000,0.001000
sift1m,50000,128,15,10,0.050000,fixed,8,8,10,0.500000,0.528,0.143,0.363,0.008,0.003,8,243,14,bernoulli,8.0000,0.001000
sift1m,50000,128,15,10,0.050000,fixed,16,16,10,0.600000,0.754,0.092,0.627,0.009,0.004,16,527,33,bernoulli,8.0000,0.001000
sift1m,50000,128,15,10,0.050000,fixed,32,32,10,0.700000,1.212,0.078,1.075,0.016,0.005,32,1100,62,bernoulli,8.0000,0.001000
sift1m,50000,128,15,10,0.050000,fixed,64,64,10,1.000000,2.575,0.090,2.366,0.032,0.007,64,2296,128,bernoulli,8.0000,0.001000
sift1m,50000,128,15,10,0.100000,fixed,8,8,10,0.500000,0.593,0.209,0.363,0.003,0.003,8,243,31,bernoulli,8.0000,0.001000
sift1m,50000,128,15,10,0.100000,fixed,16,16,10,0.900000,0.806,0.093,0.678,0.006,0.004,16,527,66,bernoulli,8.0000,0.001000
sift1m,50000,128,15,10,0.100000,fixed,32,32,10,0.900000,1.227,0.073,1.095,0.009,0.005,32,1100,119,bernoulli,8.0000,0.001000
sift1m,50000,128,15,10,0.100000,fixed,64,64,10,0.900000,2.732,0.077,2.536,0.019,0.008,64,2296,231,bernoulli,8.0000,0.001000
sift1m,50000,128,15,10,0.500000,fixed,8,8,10,0.600000,0.709,0.214,0.463,0.008,0.003,8,243,111,bernoulli,8.0000,0.001000
sift1m,50000,128,15,10,0.500000,fixed,16,16,10,0.800000,0.737,0.100,0.590,0.014,0.003,16,527,246,bernoulli,8.0000,0.001000
sift1m,50000,128,15,10,0.500000,fixed,32,32,10,0.900000,1.441,0.088,1.254,0.028,0.011,32,1100,524,bernoulli,8.0000,0.001000
sift1m,50000,128,15,10,0.500000,fixed,64,64,10,1.000000,2.826,0.166,2.473,0.062,0.008,64,2296,1099,bernoulli,8.0000,0.001000
sift1m,50000,128,15,10,1.000000,fixed,8,8,10,1.000000,0.574,0.193,0.353,0.010,0.002,8,243,243,bernoulli,8.0000,0.001000
sift1m,50000,128,15,10,1.000000,fixed,16,16,10,1.000000,0.735,0.086,0.600,0.020,0.003,16,527,527,bernoulli,8.0000,0.001000
sift1m,50000,128,15,10,1.000000,fixed,32,32,10,1.000000,1.338,0.079,1.170,0.039,0.004,32,1100,1100,bernoulli,8.0000,0.001000
sift1m,50000,128,15,10,1.000000,fixed,64,64,10,1.000000,3.036,0.088,2.741,0.085,0.007,64,2296,2296,bernoulli,8.0000,0.001000
sift1m,50000,128,16,10,0.001000,fixed,8,8,1,0.100000,0.518,0.190,0.315,0.002,0.001,8,277,1,bernoulli,8.0000,0.001000
sift1m,50000,128,16,10,0.001000,fixed,16,16,1,0.100000,0.727,0.078,0.627,0.004,0.001,16,597,1,bernoulli,8.0000,0.001000
sift1m,50000,128,16,10,0.001000,fixed,32,32,1,0.100000,1.371,0.071,1.257,0.007,0.001,32,1188,1,bernoulli,8.0000,0.001000
sift1m,50000,128,16,10,0.001000,fixed,64,64,1,0.100000,2.553,0.082,2.388,0.015,0.002,64,2312,2,bernoulli,8.0000,0.001000
sift1m,50000,128,16,10,0.010000,fixed,8,8,1,0.000000,0.330,0.054,0.265,0.002,0.001,8,277,1,bernoulli,8.0000,0.001000
sift1m,50000,128,16,10,0.010000,fixed,16,16,6,0.100000,0.666,0.054,0.587,0.006,0.001,16,597,6,bernoulli,8.0000,0.001000
sift1m,50000,128,16,10,0.010000,fixed,32,32,10,0.400000,1.578,0.058,1.459,0.017,0.004,32,1188,12,bernoulli,8.0000,0.001000
sift1m,50000,128,16,10,0.010000,fixed,64,64,10,0.600000,2.939,0.171,2.670,0.021,0.005,64,2312,25,bernoulli,8.0000,0.001000
sift1m,50000,128,16,10,0.050000,fixed,8,8,10,0.100000,0.460,0.102,0.340,0.005,0.002,8,277,11,bernoulli,8.0000,0.001000
sift1m,50000,128,16,10,0.050000,fixed,16,16,10,0.300000,0.694,0.060,0.603,0.008,0.002,16,597,31,bernoulli,8.0000,0.001000
sift1m,50000,128,16,10,0.050000,fixed,32,32,10,0.900000,1.337,0.062,1.214,0.016,0.004,32,1188,61,bernoulli,8.0000,0.001000
sift1m,50000,128,16,10,0.050000,fixed,64,64,10,1.000000,2.970,0.077,2.754,0.034,0.013,64,2312,116,bernoulli,8.0000,0.001000
sift1m,50000,128,16,10,0.100000,fixed,8,8,10,0.500000,0.455,0.137,0.300,0.002,0.003,8,277,24,bernoulli,8.0000,0.001000
sift1m,50000,128,16,10,0.100000,fixed,16,16,10,0.700000,0.747,0.072,0.646,0.004,0.003,16,597,51,bernoulli,8.0000,0.001000
sift1m,50000,128,16,10,0.100000,fixed,32,32,10,0.800000,1.342,0.065,1.220,0.008,0.005,32,1188,100,bernoulli,8.0000,0.001000
sift1m,50000,128,16,10,0.100000,fixed,64,64,10,1.000000,2.538,0.080,2.349,0.017,0.007,64,2312,204,bernoulli,8.0000,0.001000
sift1m,50000,128,16,10,0.500000,fixed,8,8,10,0.800000,0.653,0.198,0.422,0.008,0.004,8,277,137,bernoulli,8.0000,0.001000
sift1m,50000,128,16,10,0.500000,fixed,16,16,10,1.000000,0.826,0.091,0.687,0.014,0.003,16,597,283,bernoulli,8.0000,0.001000
sift1m,50000,128,16,10,0.500000,fixed,32,32,10,1.000000,1.586,0.087,1.398,0.030,0.005,32,1188,587,bernoulli,8.0000,0.001000
sift1m,50000,128,16,10,0.500000,fixed,64,64,10,1.000000,2.806,0.133,2.491,0.057,0.007,64,2312,1139,bernoulli,8.0000,0.001000
sift1m,50000,128,16,10,1.000000,fixed,8,8,10,0.700000,0.597,0.204,0.365,0.011,0.002,8,277,277,bernoulli,8.0000,0.001000
sift1m,50000,128,16,10,1.000000,fixed,16,16,10,1.000000,0.752,0.079,0.623,0.021,0.003,16,597,597,bernoulli,8.0000,0.001000
sift1m,50000,128,16,10,1.000000,fixed,32,32,10,1.000000,1.399,0.074,1.234,0.041,0.004,32,1188,1188,bernoulli,8.0000,0.001000
sift1m,50000,128,16,10,1.000000,fixed,64,64,10,1.000000,2.613,0.090,2.352,0.081,0.006,64,2312,2312,bernoulli,8.0000,0.001000
sift1m,50000,128,17,10,0.001000,fixed,8,8,0,0.000000,0.621,0.187,0.417,0.003,0.002,8,274,0,bernoulli,8.0000,0.001000
sift1m,50000,128,17,10,0.001000,fixed,16,16,0,0.000000,0.666,0.115,0.525,0.004,0.001,16,512,0,bernoulli,8.0000,0.001000
sift1m,50000,128,17,10,0.001000,fixed,32,32,0,0.000000,1.222,0.118,1.058,0.008,0.001,32,1061,0,bernoulli,8.0000,0.001000
sift1m,50000,128,17,10,0.001000,fixed,64,64,1,0.100000,2.358,0.111,2.155,0.015,0.002,64,2154,1,bernoulli,8.0000,0.001000
sift1m,50000,128,17,10,0.010000,fixed,8,8,1,0.100000,0.387,0.085,0.290,0.003,0.001,8,274,1,bernoulli,8.0000,0.001000
sift1m,50000,128,17,10,0.010000,fixed,16,16,6,0.400000,0.572,0.064,0.486,0.005,0.001,16,512,6,bernoulli,8.0000,0.001000
sift1m,50000,128,17,10,0.010000,fixed,32,32,10,0.600000,1.157,0.065,1.050,0.009,0.002,32,1061,13,bernoulli,8.0000,0.001000
sift1m,50000,128,17,10,0.010000,fixed,64,64,10,0.800000,2.360,0.077,2.198,0.019,0.004,64,2154,30,bernoulli,8.0000,0.001000
sift1m,50000,128,17,10,0.050000,fixed,8,8,10,0.400000,0.426,0.113,0.297,0.004,0.002,8,274,14,bernoulli,8.0000,0.001000
sift1m,50000,128,17,10,0.050000,fixed,16,16,10,0.600000,0.590,0.069,0.494,0.007,0.002,16,512,24,bernoulli,8.0000,0.001000
sift1m,50000,128,17,10,0.050000,fixed,32,32,10,0.900000,1.181,0.066,1.059,0.015,0.004,32,1061,62,bernoulli,8.0000,0.001000
sift1m,50000,128,17,10,0.050000,fixed,64,64,10,1.000000,2.431,0.080,2.235,0.032,0.007,64,2154,126,bernoulli,8.0000,0.001000
sift1m,50000,128,17,10,0.100000,fixed,8,8,10,0.300000,0.625,0.200,0.393,0.004,0.003,8,274,31,bernoulli,8.0000,0.001000
sift1m,50000,128,17,10,0.100000,fixed,16,16,10,0.500000,0.709,0.104,0.575,0.004,0.003,16,512,51,bernoulli,8.0000,0.001000
sift1m,50000,128,17,10,0.100000,fixed,32,32,10,0.800000,1.521,0.140,1.305,0.019,0.006,32,1061,102,bernoulli,8.0000,0.001000
sift1m,50000,128,17,10,0.100000,fixed,64,64,10,1.000000,2.522,0.152,2.263,0.017,0.007,64,2154,216,bernoulli,8.0000,0.001000
sift1m,50000,128,17,10,0.500000,fixed,8,8,10,0.600000,0.840,0.246,0.552,0.009,0.004,8,274,143,bernoulli,8.0000,0.001000
sift1m,50000,128,17,10,0.500000,fixed,16,16,10,0.800000,0.913,0.184,0.674,0.016,0.003,16,512,261,bernoulli,8.0000,0.001000
sift1m,50000,128,17,10,0.500000,fixed,32,32,10,1.000000,1.322,0.143,1.091,0.028,0.004,32,1061,537,bernoulli,8.0000,0.001000
sift1m,50000,128,17,10,0.500000,fixed,64,64,10,1.000000,2.657,0.112,2.347,0.056,0.006,64,2154,1058,bernoulli,8.0000,0.001000
sift1m,50000,128,17,10,1.000000,fixed,8,8,10,0.700000,0.642,0.220,0.367,0.011,0.003,8,274,274,bernoulli,8.0000,0.001000
sift1m,50000,128,17,10,1.000000,fixed,16,16,10,0.900000,0.662,0.089,0.503,0.020,0.002,16,512,512,bernoulli,8.0000,0.001000
sift1m,50000,128,17,10,1.000000,fixed,32,32,10,1.000000,1.271,0.079,1.065,0.040,0.004,32,1061,1061,bernoulli,8.0000,0.001000
sift1m,50000,128,17,10,1.000000,fixed,64,64,10,1.000000,2.592,0.096,2.275,0.080,0.007,64,2154,2154,bernoulli,8.0000,0.001000
sift1m,50000,128,18,10,0.001000,fixed,8,8,0,0.000000,0.571,0.180,0.380,0.002,0.001,8,292,0,bernoulli,8.0000,0.001000
sift1m,50000,128,18,10,0.001000,fixed,16,16,0,0.000000,0.752,0.090,0.641,0.004,0.001,16,559,0,bernoulli,8.0000,0.001000
sift1m,50000,128,18,10,0.001000,fixed,32,32,2,0.200000,1.262,0.107,1.118,0.007,0.001,32,1066,2,bernoulli,8.0000,0.001000
sift1m,50000,128,18,10,0.001000,fixed,64,64,2,0.200000,2.427,0.107,2.248,0.015,0.002,64,2125,2,bernoulli,8.0000,0.001000
sift1m,50000,128,18,10,0.010000,fixed,8,8,2,0.200000,0.557,0.154,0.388,0.003,0.002,8,292,2,bernoulli,8.0000,0.001000
sift1m,50000,128,18,10,0.010000,fixed,16,16,3,0.300000,0.966,0.096,0.839,0.006,0.002,16,559,3,bernoulli,8.0000,0.001000
sift1m,50000,128,18,10,0.010000,fixed,32,32,7,0.400000,1.496,0.166,1.282,0.010,0.002,32,1066,8,bernoulli,8.0000,0.001000
sift1m,50000,128,18,10,0.010000,fixed,64,64,10,0.500000,2.610,0.149,2.371,0.020,0.004,64,2125,21,bernoulli,8.0000,0.001000
sift1m,50000,128,18,10,0.050000,fixed,8,8,10,0.200000,0.584,0.169,0.394,0.005,0.002,8,292,15,bernoulli,8.0000,0.001000
sift1m,50000,128,18,10,0.050000,fixed,16,16,10,0.500000,0.777,0.091,0.652,0.009,0.003,16,559,32,bernoulli,8.0000,0.001000
sift1m,50000,128,18,10,0.050000,fixed,32,32,10,0.600000,1.639,0.099,1.473,0.018,0.005,32,1066,55,bernoulli,8.0000,0.001000
sift1m,50000,128,18,10,0.050000,fixed,64,64,10,0.800000,2.866,0.138,2.596,0.033,0.010,64,2125,101,bernoulli,8.0000,0.001000
sift1m,50000,128,18,10,0.100000,fixed,8,8,10,0.500000,0.622,0.177,0.425,0.003,0.002,8,292,23,bernoulli,8.0000,0.001000
sift1m,50000,128,18,10,0.100000,fixed,16,16,10,0.600000,0.768,0.111,0.621,0.005,0.003,16,559,53,bernoulli,8.0000,0.001000
sift1m,50000,128,18,10,0.100000,fixed,32,32,10,0.900000,1.274,0.092,1.128,0.008,0.004,32,1066,100,bernoulli,8.0000,0.001000
sift1m,50000,128,18,10,0.100000,fixed,64,64,10,0.900000,2.657,0.100,2.431,0.021,0.010,64,2125,184,bernoulli,8.0000,0.001000
sift1m,50000,128,18,10,0.500000,fixed,8,8,10,0.800000,0.739,0.230,0.477,0.009,0.004,8,292,139,bernoulli,8.0000,0.001000
sift1m,50000,128,18,10,0.500000,fixed,16,16,10,0.800000,0.911,0.167,0.694,0.015,0.004,16,559,276,bernoulli,8.0000,0.001000
sift1m,50000,128,18,10,0.500000,fixed,32,32,10,1.000000,1.302,0.094,1.124,0.027,0.004,32,1066,526,bernoulli,8.0000,0.001000
sift1m,50000,128,18,10,0.500000,fixed,64,64,10,1.000000,2.520,0.095,2.257,0.054,0.006,64,2125,1043,bernoulli,8.0000,0.001000
sift1m,50000,128,18,10,1.000000,fixed,8,8,10,0.900000,0.729,0.220,0.474,0.013,0.004,8,292,292,bernoulli,8.0000,0.001000
sift1m,50000,128,18,10,1.000000,fixed,16,16,10,1.000000,0.880,0.099,0.729,0.021,0.003,16,559,559,bernoulli,8.0000,0.001000
sift1m,50000,128,18,10,1.000000,fixed,32,32,10,1.000000,1.551,0.099,1.350,0.043,0.005,32,1066,1066,bernoulli,8.0000,0.001000
sift1m,50000,128,18,10,1.000000,fixed,64,64,10,1.000000,2.763,0.174,2.406,0.077,0.007,64,2125,2125,bernoulli,8.0000,0.001000
sift1m,50000,128,19,10,0.001000,fixed,8,8,0,0.000000,0.552,0.169,0.369,0.002,0.001,8,308,0,bernoulli,8.0000,0.001000
sift1m,50000,128,19,10,0.001000,fixed,16,16,0,0.000000,0.640,0.075,0.542,0.004,0.001,16,542,0,bernoulli,8.0000,0.001000
sift1m,50000,128,19,10,0.001000,fixed,32,32,0,0.000000,1.208,0.070,1.091,0.007,0.001,32,1103,0,bernoulli,8.0000,0.001000
sift1m,50000,128,19,10,0.001000,fixed,64,64,0,0.000000,2.300,0.081,2.129,0.015,0.002,64,2120,0,bernoulli,8.0000,0.001000
sift1m,50000,128,19,10,0.010000,fixed,8,8,3,0.000000,0.431,0.086,0.332,0.003,0.001,8,308,3,bernoulli,8.0000,0.001000
sift1m,50000,128,19,10,0.010000,fixed,16,16,5,0.100000,0.616,0.074,0.520,0.005,0.001,16,542,5,bernoulli,8.0000,0.001000
sift1m,50000,128,19,10,0.010000,fixed,32,32,10,0.400000,1.194,0.065,1.086,0.010,0.002,32,1103,13,bernoulli,8.0000,0.001000
sift1m,50000,128,19,10,0.010000,fixed,64,64,10,0.500000,2.451,0.075,2.285,0.020,0.006,64,2120,25,bernoulli,8.0000,0.001000
sift1m,50000,128,19,10,0.050000,fixed,8,8,10,0.400000,0.513,0.129,0.367,0.004,0.002,8,308,12,bernoulli,8.0000,0.001000
sift1m,50000,128,19,10,0.050000,fixed,16,16,10,0.500000,0.723,0.079,0.611,0.008,0.004,16,542,20,bernoulli,8.0000,0.001000
sift1m,50000,128,19,10,0.050000,fixed,32,32,10,0.700000,1.426,0.086,1.275,0.016,0.005,32,1103,48,bernoulli,8.0000,0.001000
sift1m,50000,128,19,10,0.050000,fixed,64,64,10,1.000000,2.483,0.127,2.237,0.032,0.007,64,2120,94,bernoulli,8.0000,0.001000
sift1m,50000,128,19,10,0.100000,fixed,8,8,10,0.200000,0.462,0.088,0.352,0.007,0.002,8,308,28,bernoulli,8.0000,0.001000
sift1m,50000,128,19,10,0.100000,fixed,16,16,10,0.300000,0.631,0.071,0.533,0.005,0.002,16,542,46,bernoulli,8.0000,0.001000
sift1m,50000,128,19,10,0.100000,fixed,32,32,10,0.700000,1.179,0.063,1.063,0.008,0.004,32,1103,92,bernoulli,8.0000,0.001000
sift1m,50000,128,19,10,0.100000,fixed,64,64,10,1.000000,2.508,0.079,2.301,0.016,0.011,64,2120,191,bernoulli,8.0000,0.001000
sift1m,50000,128,19,10,0.500000,fixed,8,8,10,0.900000,0.670,0.173,0.463,0.012,0.003,8,308,159,bernoulli,8.0000,0.001000
sift1m,50000,128,19,10,0.500000,fixed,16,16,10,1.000000,0.756,0.092,0.616,0.015,0.003,16,542,290,bernoulli,8.0000,0.001000
sift1m,50000,128,19,10,0.500000,fixed,32,32,10,1.000000,1.447,0.116,1.227,0.038,0.004,32,1103,562,bernoulli,8.0000,0.001000
sift1m,50000,128,19,10,0.500000,fixed,64,64,10,1.000000,2.570,0.114,2.238,0.059,0.008,64,2120,1064,bernoulli,8.0000,0.001000
sift1m,50000,128,19,10,1.000000,fixed,8,8,10,0.900000,0.675,0.184,0.460,0.012,0.003,8,308,308,bernoulli,8.0000,0.001000
sift1m,50000,128,19,10,1.000000,fixed,16,16,10,1.000000,0.685,0.080,0.561,0.019,0.003,16,542,542,bernoulli,8.0000,0.001000
sift1m,50000,128,19,10,1.000000,fixed,32,32,10,1.000000,1.329,0.074,1.164,0.045,0.004,32,1103,1103,bernoulli,8.0000,0.001000
sift1m,50000,128,19,10,1.000000,fixed,64,64,10,1.000000,2.728,0.097,2.434,0.078,0.007,64,2120,2120,bernoulli,8.0000,0.001000
sift1m,50000,128,20,10,0.001000,fixed,8,8,2,0.200000,0.591,0.157,0.421,0.002,0.001,8,326,2,bernoulli,8.0000,0.001000
sift1m,50000,128,20,10,0.001000,fixed,16,16,2,0.200000,0.742,0.084,0.636,0.004,0.001,16,567,3,bernoulli,8.0000,0.001000
sift1m,50000,128,20,10,0.001000,fixed,32,32,4,0.400000,1.390,0.075,1.272,0.008,0.004,32,1080,8,bernoulli,8.0000,0.001000
sift1m,50000,128,20,10,0.001000,fixed,64,64,5,0.500000,2.657,0.117,2.456,0.017,0.005,64,2254,15,bernoulli,8.0000,0.001000
sift1m,50000,128,20,10,0.010000,fixed,8,8,1,0.100000,0.527,0.130,0.385,0.003,0.001,8,326,1,bernoulli,8.0000,0.001000
sift1m,50000,128,20,10,0.010000,fixed,16,16,4,0.400000,0.665,0.068,0.575,0.005,0.001,16,567,4,bernoulli,8.0000,0.001000
sift1m,50000,128,20,10,0.010000,fixed,32,32,6,0.600000,1.202,0.064,1.098,0.009,0.001,32,1080,6,bernoulli,8.0000,0.001000
sift1m,50000,128,20,10,0.010000,fixed,64,64,10,0.700000,2.487,0.079,2.325,0.019,0.003,64,2254,17,bernoulli,8.0000,0.001000
sift1m,50000,128,20,10,0.050000,fixed,8,8,10,0.800000,0.678,0.124,0.522,0.007,0.006,8,326,25,bernoulli,8.0000,0.001000
sift1m,50000,128,20,10,0.050000,fixed,16,16,10,0.900000,0.779,0.079,0.667,0.009,0.003,16,567,39,bernoulli,8.0000,0.001000
sift1m,50000,128,20,10,0.050000,fixed,32,32,10,1.000000,1.308,0.079,1.167,0.017,0.007,32,1080,70,bernoulli,8.0000,0.001000
sift1m,50000,128,20,10,0.050000,fixed,64,64,10,1.000000,2.890,0.076,2.669,0.034,0.012,64,2254,139,bernoulli,8.0000,0.001000
sift1m,50000,128,20,10,0.100000,fixed,8,8,10,0.700000,0.513,0.110,0.385,0.003,0.002,8,326,38,bernoulli,8.0000,0.001000
sift1m,50000,128,20,10,0.100000,fixed,16,16,10,1.000000,0.714,0.066,0.618,0.005,0.003,16,567,63,bernoulli,8.0000,0.001000
sift1m,50000,128,20,10,0.100000,fixed,32,32,10,1.000000,1.387,0.081,1.233,0.010,0.008,32,1080,115,bernoulli,8.0000,0.001000
sift1m,50000,128,20,10,0.100000,fixed,64,64,10,1.000000,2.883,0.161,2.589,0.025,0.012,64,2254,248,bernoulli,8.0000,0.001000
sift1m,50000,128,20,10,0.500000,fixed,8,8,10,1.000000,0.695,0.180,0.478,0.010,0.003,8,326,162,bernoulli,8.0000,0.001000
sift1m,50000,128,20,10,0.500000,fixed,16,16,10,1.000000,0.839,0.075,0.678,0.016,0.003,16,567,273,bernoulli,8.0000,0.001000
sift1m,50000,128,20,10,0.500000,fixed,32,32,10,1.000000,1.322,0.076,1.151,0.027,0.004,32,1080,527,bernoulli,8.0000,0.001000
sift1m,50000,128,20,10,0.500000,fixed,64,64,10,1.000000,2.904,0.080,2.625,0.059,0.009,64,2254,1089,bernoulli,8.0000,0.001000
sift1m,50000,128,20,10,1.000000,fixed,8,8,10,1.000000,0.604,0.137,0.434,0.012,0.002,8,326,326,bernoulli,8.0000,0.001000
sift1m,50000,128,20,10,1.000000,fixed,16,16,10,1.000000,0.707,0.061,0.602,0.020,0.002,16,567,567,bernoulli,8.0000,0.001000
sift1m,50000,128,20,10,1.000000,fixed,32,32,10,1.000000,1.236,0.065,1.088,0.039,0.004,32,1080,1080,bernoulli,8.0000,0.001000
sift1m,50000,128,20,10,1.000000,fixed,64,64,10,1.000000,2.845,0.083,2.569,0.085,0.006,64,2254,2254,bernoulli,8.0000,0.001000
sift1m,50000,128,21,10,0.001000,fixed,8,8,0,0.000000,0.561,0.183,0.364,0.002,0.001,8,301,0,bernoulli,8.0000,0.001000
sift1m,50000,128,21,10,0.001000,fixed,16,16,1,0.100000,0.765,0.082,0.659,0.004,0.001,16,591,1,bernoulli,8.0000,0.001000
sift1m,50000,128,21,10,0.001000,fixed,32,32,2,0.200000,1.453,0.105,1.304,0.007,0.002,32,1191,2,bernoulli,8.0000,0.001000
sift1m,50000,128,21,10,0.001000,fixed,64,64,5,0.500000,2.643,0.109,2.443,0.016,0.004,64,2208,5,bernoulli,8.0000,0.001000
sift1m,50000,128,21,10,0.010000,fixed,8,8,1,0.000000,0.467,0.124,0.331,0.003,0.001,8,301,1,bernoulli,8.0000,0.001000
sift1m,50000,128,21,10,0.010000,fixed,16,16,2,0.100000,0.939,0.096,0.808,0.006,0.003,16,591,2,bernoulli,8.0000,0.001000
sift1m,50000,128,21,10,0.010000,fixed,32,32,6,0.300000,1.662,0.159,1.453,0.011,0.003,32,1191,7,bernoulli,8.0000,0.001000
sift1m,50000,128,21,10,0.010000,fixed,64,64,10,0.400000,2.469,0.136,2.248,0.021,0.003,64,2208,16,bernoulli,8.0000,0.001000
sift1m,50000,128,21,10,0.050000,fixed,8,8,10,0.600000,0.434,0.098,0.319,0.005,0.002,8,301,13,bernoulli,8.0000,0.001000
sift1m,50000,128,21,10,0.050000,fixed,16,16,10,0.800000,0.709,0.072,0.606,0.008,0.002,16,591,28,bernoulli,8.0000,0.001000
sift1m,50000,128,21,10,0.050000,fixed,32,32,10,1.000000,1.402,0.070,1.269,0.016,0.005,32,1191,60,bernoulli,8.0000,0.001000
sift1m,50000,128,21,10,0.050000,fixed,64,64,10,1.000000,2.704,0.089,2.479,0.034,0.012,64,2208,108,bernoulli,8.0000,0.001000
sift1m,50000,128,21,10,0.100000,fixed,8,8,10,0.700000,0.622,0.198,0.400,0.003,0.003,8,301,30,bernoulli,8.0000,0.001000
sift1m,50000,128,21,10,0.100000,fixed,16,16,10,0.800000,0.834,0.096,0.707,0.005,0.003,16,591,55,bernoulli,8.0000,0.001000
sift1m,50000,128,21,10,0.100000,fixed,32,32,10,1.000000,1.603,0.098,1.441,0.010,0.006,32,1191,114,bernoulli,8.0000,0.001000
sift1m,50000,128,21,10,0.100000,fixed,64,64,10,1.000000,2.630,0.126,2.380,0.018,0.010,64,2208,209,bernoulli,8.0000,0.001000
sift1m,50000,128,21,10,0.500000,fixed,8,8,10,1.000000,0.687,0.203,0.448,0.009,0.003,8,301,158,bernoulli,8.0000,0.001000
sift1m,50000,128,21,10,0.500000,fixed,16,16,10,1.000000,0.917,0.107,0.752,0.017,0.004,16,591,297,bernoulli,8.0000,0.001000
sift1m,50000,128,21,10,0.500000,fixed,32,32,10,1.000000,1.534,0.101,1.334,0.032,0.005,32,1191,608,bernoulli,8.0000,0.001000
sift1m,50000,128,21,10,0.500000,fixed,64,64,10,1.000000,2.557,0.107,2.254,0.059,0.008,64,2208,1092,bernoulli,8.0000,0.001000
sift1m,50000,128,21,10,1.000000,fixed,8,8,10,1.000000,0.637,0.204,0.401,0.012,0.003,8,301,301,bernoulli,8.0000,0.001000
sift1m,50000,128,21,10,1.000000,fixed,16,16,10,1.000000,0.785,0.083,0.652,0.022,0.003,16,591,591,bernoulli,8.0000,0.001000
sift1m,50000,128,21,10,1.000000,fixed,32,32,10,1.000000,1.504,0.081,1.319,0.046,0.005,32,1191,1191,bernoulli,8.0000,0.001000
sift1m,50000,128,21,10,1.000000,fixed,64,64,10,1.000000,2.941,0.101,2.604,0.087,0.009,64,2208,2208,bernoulli,8.0000,0.001000
sift1m,50000,128,22,10,0.001000,fixed,8,8,0,0.000000,0.512,0.199,0.301,0.002,0.001,8,225,0,bernoulli,8.0000,0.001000
sift1m,50000,128,22,10,0.001000,fixed,16,16,0,0.000000,0.657,0.092,0.544,0.004,0.001,16,525,0,bernoulli,8.0000,0.001000
sift1m,50000,128,22,10,0.001000,fixed,32,32,1,0.100000,1.378,0.075,1.247,0.016,0.003,32,1065,1,bernoulli,8.0000,0.001000
sift1m,50000,128,22,10,0.001000,fixed,64,64,2,0.200000,2.838,0.181,2.560,0.016,0.003,64,2222,3,bernoulli,8.0000,0.001000
sift1m,50000,128,22,10,0.010000,fixed,8,8,3,0.300000,0.377,0.109,0.257,0.002,0.001,8,225,4,bernoulli,8.0000,0.001000
sift1m,50000,128,22,10,0.010000,fixed,16,16,6,0.400000,0.660,0.074,0.564,0.005,0.002,16,525,8,bernoulli,8.0000,0.001000
sift1m,50000,128,22,10,0.010000,fixed,32,32,10,0.700000,1.190,0.076,1.069,0.011,0.003,32,1065,15,bernoulli,8.0000,0.001000
sift1m,50000,128,22,10,0.010000,fixed,64,64,10,0.900000,2.445,0.107,2.249,0.022,0.005,64,2222,34,bernoulli,8.0000,0.001000
sift1m,50000,128,22,10,0.050000,fixed,8,8,10,0.400000,0.611,0.223,0.367,0.005,0.003,8,225,19,bernoulli,8.0000,0.001000
sift1m,50000,128,22,10,0.050000,fixed,16,16,10,0.900000,0.826,0.108,0.678,0.009,0.005,16,525,39,bernoulli,8.0000,0.001000
sift1m,50000,128,22,10,0.050000,fixed,32,32,10,1.000000,1.423,0.181,1.176,0.017,0.006,32,1065,66,bernoulli,8.0000,0.001000
sift1m,50000,128,22,10,0.050000,fixed,64,64,10,1.000000,2.649,0.158,2.367,0.034,0.008,64,2222,132,bernoulli,8.0000,0.001000
sift1m,50000,128,22,10,0.100000,fixed,8,8,10,0.800000,0.386,0.117,0.253,0.003,0.002,8,225,37,bernoulli,8.0000,0.001000
sift1m,50000,128,22,10,0.100000,fixed,16,16,10,0.900000,0.670,0.070,0.568,0.006,0.003,16,525,75,bernoulli,8.0000,0.001000
sift1m,50000,128,22,10,0.100000,fixed,32,32,10,1.000000,1.483,0.070,1.297,0.011,0.009,32,1065,126,bernoulli,8.0000,0.001000
sift1m,50000,128,22,10,0.100000,fixed,64,64,10,1.000000,2.492,0.138,2.238,0.019,0.009,64,2222,250,bernoulli,8.0000,0.001000
sift1m,50000,128,22,10,0.500000,fixed,8,8,10,0.700000,0.534,0.190,0.320,0.007,0.003,8,225,112,bernoulli,8.0000,0.001000
sift1m,50000,128,22,10,0.500000,fixed,16,16,10,0.800000,0.693,0.076,0.572,0.014,0.003,16,525,258,bernoulli,8.0000,0.001000
sift1m,50000,128,22,10,0.500000,fixed,32,32,10,1.000000,1.534,0.077,1.298,0.032,0.011,32,1065,524,bernoulli,8.0000,0.001000
sift1m,50000,128,22,10,0.500000,fixed,64,64,10,1.000000,2.836,0.178,2.445,0.059,0.012,64,2222,1087,bernoulli,8.0000,0.001000
sift1m,50000,128,22,10,1.000000,fixed,8,8,10,0.700000,0.491,0.153,0.312,0.010,0.003,8,225,225,bernoulli,8.0000,0.001000
sift1m,50000,128,22,10,1.000000,fixed,16,16,10,0.900000,0.720,0.097,0.579,0.019,0.003,16,525,525,bernoulli,8.0000,0.001000
sift1m,50000,128,22,10,1.000000,fixed,32,32,10,1.000000,1.359,0.092,1.174,0.039,0.005,32,1065,1065,bernoulli,8.0000,0.001000
sift1m,50000,128,22,10,1.000000,fixed,64,64,10,1.000000,2.595,0.120,2.301,0.077,0.007,64,2222,2222,bernoulli,8.0000,0.001000
sift1m,50000,128,23,10,0.001000,fixed,8,8,0,0.000000,0.699,0.206,0.473,0.006,0.001,8,299,0,bernoulli,8.0000,0.001000
sift1m,50000,128,23,10,0.001000,fixed,16,16,0,0.000000,0.820,0.087,0.707,0.004,0.001,16,570,0,bernoulli,8.0000,0.001000
sift1m,50000,128,23,10,0.001000,fixed,32,32,0,0.000000,1.519,0.154,1.312,0.009,0.002,32,1168,0,bernoulli,8.0000,0.001000
sift1m,50000,128,23,10,0.001000,fixed,64,64,0,0.000000,2.666,0.131,2.439,0.015,0.001,64,2291,0,bernoulli,8.0000,0.001000
sift1m,50000,128,23,10,0.010000,fixed,8,8,1,0.000000,0.542,0.086,0.435,0.008,0.002,8,299,1,bernoulli,8.0000,0.001000
sift1m,50000,128,23,10,0.010000,fixed,16,16,4,0.200000,0.937,0.148,0.761,0.005,0.001,16,570,4,bernoulli,8.0000,0.001000
sift1m,50000,128,23,10,0.010000,fixed,32,32,6,0.300000,1.562,0.101,1.412,0.011,0.002,32,1168,6,bernoulli,8.0000,0.001000
sift1m,50000,128,23,10,0.010000,fixed,64,64,10,0.400000,3.255,0.106,3.040,0.024,0.005,64,2291,14,bernoulli,8.0000,0.001000
sift1m,50000,128,23,10,0.050000,fixed,8,8,10,0.600000,0.596,0.178,0.399,0.005,0.002,8,299,20,bernoulli,8.0000,0.001000
sift1m,50000,128,23,10,0.050000,fixed,16,16,10,0.700000,0.794,0.082,0.677,0.009,0.003,16,570,43,bernoulli,8.0000,0.001000
sift1m,50000,128,23,10,0.050000,fixed,32,32,10,0.800000,1.521,0.079,1.373,0.018,0.005,32,1168,83,bernoulli,8.0000,0.001000
sift1m,50000,128,23,10,0.050000,fixed,64,64,10,0.900000,3.491,0.100,3.222,0.040,0.011,64,2291,133,bernoulli,8.0000,0.001000
sift1m,50000,128,23,10,0.100000,fixed,8,8,10,0.700000,0.581,0.171,0.392,0.003,0.002,8,299,31,bernoulli,8.0000,0.001000
sift1m,50000,128,23,10,0.100000,fixed,16,16,10,0.900000,0.706,0.064,0.615,0.004,0.002,16,570,47,bernoulli,8.0000,0.001000
sift1m,50000,128,23,10,0.100000,fixed,32,32,10,0.900000,1.386,0.061,1.270,0.008,0.004,32,1168,95,bernoulli,8.0000,0.001000
sift1m,50000,128,23,10,0.100000,fixed,64,64,10,1.000000,2.862,0.077,2.638,0.019,0.011,64,2291,212,bernoulli,8.0000,0.001000
sift1m,50000,128,23,10,0.500000,fixed,8,8,10,0.600000,0.640,0.180,0.430,0.010,0.003,8,299,168,bernoulli,8.0000,0.001000
sift1m,50000,128,23,10,0.500000,fixed,16,16,10,0.700000,0.812,0.085,0.654,0.036,0.005,16,570,304,bernoulli,8.0000,0.001000
sift1m,50000,128,23,10,0.500000,fixed,32,32,10,0.900000,1.718,0.107,1.501,0.034,0.006,32,1168,604,bernoulli,8.0000,0.001000
sift1m,50000,128,23,10,0.500000,fixed,64,64,10,0.900000,3.023,0.155,2.664,0.062,0.009,64,2291,1133,bernoulli,8.0000,0.001000
sift1m,50000,128,23,10,1.000000,fixed,8,8,10,0.800000,0.661,0.183,0.447,0.012,0.003,8,299,299,bernoulli,8.0000,0.001000
sift1m,50000,128,23,10,1.000000,fixed,16,16,10,0.900000,0.787,0.078,0.662,0.021,0.003,16,570,570,bernoulli,8.0000,0.001000
sift1m,50000,128,23,10,1.000000,fixed,32,32,10,0.900000,1.536,0.078,1.355,0.043,0.005,32,1168,1168,bernoulli,8.0000,0.001000
sift1m,50000,128,23,10,1.000000,fixed,64,64,10,0.900000,2.884,0.100,2.577,0.083,0.008,64,2291,2291,bernoulli,8.0000,0.001000
sift1m,50000,128,24,10,0.001000,fixed,8,8,0,0.000000,0.538,0.171,0.355,0.002,0.001,8,320,0,bernoulli,8.0000,0.001000
sift1m,50000,128,24,10,0.001000,fixed,16,16,0,0.000000,0.853,0.080,0.747,0.005,0.002,16,630,0,bernoulli,8.0000,0.001000
sift1m,50000,128,24,10,0.001000,fixed,32,32,1,0.100000,1.621,0.180,1.393,0.010,0.003,32,1166,2,bernoulli,8.0000,0.001000
sift1m,50000,128,24,10,0.001000,fixed,64,64,2,0.200000,2.581,0.138,2.365,0.016,0.002,64,2253,3,bernoulli,8.0000,0.001000
sift1m,50000,128,24,10,0.010000,fixed,8,8,4,0.200000,0.456,0.098,0.344,0.003,0.001,8,320,6,bernoulli,8.0000,0.001000
sift1m,50000,128,24,10,0.010000,fixed,16,16,4,0.200000,0.771,0.078,0.668,0.005,0.001,16,630,7,bernoulli,8.0000,0.001000
sift1m,50000,128,24,10,0.010000,fixed,32,32,7,0.300000,1.343,0.074,1.221,0.011,0.002,32,1166,13,bernoulli,8.0000,0.001000
sift1m,50000,128,24,10,0.010000,fixed,64,64,9,0.400000,2.582,0.094,2.398,0.020,0.003,64,2253,17,bernoulli,8.0000,0.001000
sift1m,50000,128,24,10,0.050000,fixed,8,8,10,0.300000,0.524,0.154,0.350,0.005,0.002,8,320,16,bernoulli,8.0000,0.001000
sift1m,50000,128,24,10,0.050000,fixed,16,16,10,0.500000,0.770,0.088,0.649,0.009,0.002,16,630,34,bernoulli,8.0000,0.001000
sift1m,50000,128,24,10,0.050000,fixed,32,32,10,1.000000,1.293,0.086,1.146,0.016,0.004,32,1166,60,bernoulli,8.0000,0.001000
sift1m,50000,128,24,10,0.050000,fixed,64,64,10,1.000000,2.441,0.096,2.232,0.030,0.006,64,2253,97,bernoulli,8.0000,0.001000
sift1m,50000,128,24,10,0.100000,fixed,8,8,10,0.800000,0.504,0.121,0.366,0.002,0.002,8,320,29,bernoulli,8.0000,0.001000
sift1m,50000,128,24,10,0.100000,fixed,16,16,10,0.800000,0.758,0.072,0.656,0.004,0.003,16,630,56,bernoulli,8.0000,0.001000
sift1m,50000,128,24,10,0.100000,fixed,32,32,10,1.000000,1.567,0.070,1.429,0.010,0.009,32,1166,107,bernoulli,8.0000,0.001000
sift1m,50000,128,24,10,0.100000,fixed,64,64,10,1.000000,3.481,0.289,3.045,0.020,0.011,64,2253,226,bernoulli,8.0000,0.001000
sift1m,50000,128,24,10,0.500000,fixed,8,8,10,0.900000,0.686,0.216,0.438,0.009,0.003,8,320,152,bernoulli,8.0000,0.001000
sift1m,50000,128,24,10,0.500000,fixed,16,16,10,1.000000,0.814,0.085,0.680,0.016,0.003,16,630,314,bernoulli,8.0000,0.001000
sift1m,50000,128,24,10,0.500000,fixed,32,32,10,1.000000,1.749,0.083,1.547,0.033,0.009,32,1166,583,bernoulli,8.0000,0.001000
sift1m,50000,128,24,10,0.500000,fixed,64,64,10,1.000000,2.679,0.114,2.375,0.063,0.007,64,2253,1140,bernoulli,8.0000,0.001000
sift1m,50000,128,24,10,1.000000,fixed,8,8,10,0.800000,0.653,0.203,0.418,0.013,0.003,8,320,320,bernoulli,8.0000,0.001000
sift1m,50000,128,24,10,1.000000,fixed,16,16,10,1.000000,0.891,0.082,0.755,0.023,0.003,16,630,630,bernoulli,8.0000,0.001000
sift1m,50000,128,24,10,1.000000,fixed,32,32,10,1.000000,1.757,0.113,1.517,0.047,0.007,32,1166,1166,bernoulli,8.0000,0.001000
sift1m,50000,128,24,10,1.000000,fixed,64,64,10,1.000000,2.918,0.197,2.512,0.093,0.009,64,2253,2253,bernoulli,8.0000,0.001000
sift1m,50000,128,25,10,0.001000,fixed,8,8,0,0.000000,0.748,0.224,0.505,0.003,0.002,8,272,0,bernoulli,8.0000,0.001000
sift1m,50000,128,25,10,0.001000,fixed,16,16,0,0.000000,0.905,0.172,0.705,0.005,0.001,16,528,0,bernoulli,8.0000,0.001000
sift1m,50000,128,25,10,0.001000,fixed,32,32,0,0.000000,1.507,0.138,1.318,0.008,0.002,32,1116,0,bernoulli,8.0000,0.001000
sift1m,50000,128,25,10,0.001000,fixed,64,64,1,0.100000,2.765,0.131,2.538,0.016,0.003,64,2175,1,bernoulli,8.0000,0.001000
sift1m,50000,128,25,10,0.010000,fixed,8,8,3,0.200000,0.473,0.123,0.336,0.003,0.001,8,272,3,bernoulli,8.0000,0.001000
sift1m,50000,128,25,10,0.010000,fixed,16,16,6,0.300000,0.886,0.149,0.709,0.005,0.003,16,528,7,bernoulli,8.0000,0.001000
sift1m,50000,128,25,10,0.010000,fixed,32,32,9,0.400000,1.502,0.138,1.315,0.011,0.003,32,1116,12,bernoulli,8.0000,0.001000
sift1m,50000,128,25,10,0.010000,fixed,64,64,10,0.400000,2.673,0.148,2.432,0.021,0.005,64,2175,21,bernoulli,8.0000,0.001000
sift1m,50000,128,25,10,0.050000,fixed,8,8,10,0.400000,0.491,0.167,0.308,0.004,0.002,8,272,13,bernoulli,8.0000,0.001000
sift1m,50000,128,25,10,0.050000,fixed,16,16,10,0.600000,0.649,0.083,0.535,0.007,0.003,16,528,30,bernoulli,8.0000,0.001000
sift1m,50000,128,25,10,0.050000,fixed,32,32,10,0.900000,1.258,0.076,1.122,0.016,0.004,32,1116,64,bernoulli,8.0000,0.001000
sift1m,50000,128,25,10,0.050000,fixed,64,64,10,1.000000,3.120,0.142,2.835,0.041,0.009,64,2175,115,bernoulli,8.0000,0.001000
sift1m,50000,128,25,10,0.100000,fixed,8,8,10,0.400000,0.533,0.165,0.351,0.003,0.002,8,272,31,bernoulli,8.0000,0.001000
sift1m,50000,128,25,10,0.100000,fixed,16,16,10,0.400000,0.666,0.094,0.544,0.005,0.003,16,528,59,bernoulli,8.0000,0.001000
sift1m,50000,128,25,10,0.100000,fixed,32,32,10,0.900000,1.396,0.088,1.240,0.010,0.005,32,1116,130,bernoulli,8.0000,0.001000
sift1m,50000,128,25,10,0.100000,fixed,64,64,10,1.000000,2.600,0.118,2.360,0.018,0.014,64,2175,231,bernoulli,8.0000,0.001000
sift1m,50000,128,25,10,0.500000,fixed,8,8,10,0.900000,0.684,0.201,0.446,0.009,0.004,8,272,138,bernoulli,8.0000,0.001000
sift1m,50000,128,25,10,0.500000,fixed,16,16,10,1.000000,0.944,0.199,0.690,0.015,0.003,16,528,276,bernoulli,8.0000,0.001000
sift1m,50000,128,25,10,0.500000,fixed,32,32,10,1.000000,1.654,0.133,1.410,0.031,0.006,32,1116,559,bernoulli,8.0000,0.001000
sift1m,50000,128,25,10,0.500000,fixed,64,64,10,1.000000,2.891,0.199,2.484,0.060,0.012,64,2175,1074,bernoulli,8.0000,0.001000
sift1m,50000,128,25,10,1.000000,fixed,8,8,10,0.900000,0.800,0.249,0.506,0.012,0.004,8,272,272,bernoulli,8.0000,0.001000
sift1m,50000,128,25,10,1.000000,fixed,16,16,10,1.000000,0.784,0.136,0.602,0.019,0.003,16,528,528,bernoulli,8.0000,0.001000
sift1m,50000,128,25,10,1.000000,fixed,32,32,10,1.000000,1.338,0.081,1.169,0.040,0.004,32,1116,1116,bernoulli,8.0000,0.001000
sift1m,50000,128,25,10,1.000000,fixed,64,64,10,1.000000,2.512,0.089,2.260,0.077,0.006,64,2175,2175,bernoulli,8.0000,0.001000
sift1m,50000,128,26,10,0.001000,fixed,8,8,1,0.100000,0.588,0.192,0.382,0.002,0.001,8,254,1,bernoulli,8.0000,0.001000
sift1m,50000,128,26,10,0.001000,fixed,16,16,1,0.100000,0.699,0.099,0.580,0.003,0.001,16,549,1,bernoulli,8.0000,0.001000
sift1m,50000,128,26,10,0.001000,fixed,32,32,1,0.100000,1.191,0.087,1.066,0.007,0.001,32,1041,1,bernoulli,8.0000,0.001000
sift1m,50000,128,26,10,0.001000,fixed,64,64,1,0.100000,2.419,0.094,2.247,0.014,0.002,64,2195,1,bernoulli,8.0000,0.001000
sift1m,50000,128,26,10,0.010000,fixed,8,8,2,0.200000,0.345,0.069,0.265,0.002,0.001,8,254,3,bernoulli,8.0000,0.001000
sift1m,50000,128,26,10,0.010000,fixed,16,16,3,0.200000,0.661,0.059,0.580,0.005,0.001,16,549,5,bernoulli,8.0000,0.001000
sift1m,50000,128,26,10,0.010000,fixed,32,32,5,0.200000,1.249,0.066,1.140,0.009,0.002,32,1041,7,bernoulli,8.0000,0.001000
sift1m,50000,128,26,10,0.010000,fixed,64,64,10,0.200000,2.660,0.118,2.453,0.021,0.004,64,2195,16,bernoulli,8.0000,0.001000
sift1m,50000,128,26,10,0.050000,fixed,8,8,7,0.100000,0.465,0.140,0.311,0.003,0.001,8,254,7,bernoulli,8.0000,0.001000
sift1m,50000,128,26,10,0.050000,fixed,16,16,10,0.300000,0.685,0.067,0.588,0.007,0.002,16,549,22,bernoulli,8.0000,0.001000
sift1m,50000,128,26,10,0.050000,fixed,32,32,10,0.500000,1.203,0.067,1.083,0.014,0.003,32,1041,38,bernoulli,8.0000,0.001000
sift1m,50000,128,26,10,0.050000,fixed,64,64,10,1.000000,2.490,0.083,2.294,0.030,0.006,64,2195,91,bernoulli,8.0000,0.001000
sift1m,50000,128,26,10,0.100000,fixed,8,8,10,0.600000,0.400,0.100,0.285,0.002,0.002,8,254,22,bernoulli,8.0000,0.001000
sift1m,50000,128,26,10,0.100000,fixed,16,16,10,0.800000,0.869,0.066,0.762,0.005,0.005,16,549,42,bernoulli,8.0000,0.001000
sift1m,50000,128,26,10,0.100000,fixed,32,32,10,0.900000,1.667,0.182,1.414,0.009,0.007,32,1041,101,bernoulli,8.0000,0.001000
sift1m,50000,128,26,10,0.100000,fixed,64,64,10,1.000000,2.804,0.184,2.499,0.019,0.010,64,2195,214,bernoulli,8.0000,0.001000
sift1m,50000,128,26,10,0.500000,fixed,8,8,10,0.800000,0.580,0.205,0.349,0.008,0.002,8,254,135,bernoulli,8.0000,0.001000
sift1m,50000,128,26,10,0.500000,fixed,16,16,10,1.000000,0.740,0.079,0.616,0.015,0.002,16,549,281,bernoulli,8.0000,0.001000
sift1m,50000,128,26,10,0.500000,fixed,32,32,10,1.000000,1.486,0.078,1.302,0.028,0.007,32,1041,516,bernoulli,8.0000,0.001000
sift1m,50000,128,26,10,0.500000,fixed,64,64,10,1.000000,3.360,0.211,2.908,0.063,0.018,64,2195,1081,bernoulli,8.0000,0.001000
sift1m,50000,128,26,10,1.000000,fixed,8,8,10,1.000000,0.639,0.238,0.373,0.011,0.003,8,254,254,bernoulli,8.0000,0.001000
sift1m,50000,128,26,10,1.000000,fixed,16,16,10,1.000000,0.749,0.084,0.619,0.020,0.003,16,549,549,bernoulli,8.0000,0.001000
sift1m,50000,128,26,10,1.000000,fixed,32,32,10,1.000000,1.554,0.081,1.340,0.058,0.005,32,1041,1041,bernoulli,8.0000,0.001000
sift1m,50000,128,26,10,1.000000,fixed,64,64,10,1.000000,2.730,0.109,2.429,0.083,0.006,64,2195,2195,bernoulli,8.0000,0.001000
sift1m,50000,128,27,10,0.001000,fixed,8,8,0,0.000000,0.584,0.157,0.408,0.002,0.001,8,338,0,bernoulli,8.0000,0.001000
sift1m,50000,128,27,10,0.001000,fixed,16,16,0,0.000000,0.777,0.074,0.672,0.004,0.001,16,617,0,bernoulli,8.0000,0.001000
sift1m,50000,128,27,10,0.001000,fixed,32,32,1,0.100000,1.312,0.073,1.182,0.007,0.001,32,1122,1,bernoulli,8.0000,0.001000
sift1m,50000,128,27,10,0.001000,fixed,64,64,1,0.100000,2.745,0.087,2.540,0.016,0.005,64,2161,1,bernoulli,8.0000,0.001000
sift1m,50000,128,27,10,0.010000,fixed,8,8,2,0.100000,0.500,0.083,0.403,0.003,0.001,8,338,2,bernoulli,8.0000,0.001000
sift1m,50000,128,27,10,0.010000,fixed,16,16,5,0.400000,0.735,0.061,0.650,0.005,0.001,16,617,5,bernoulli,8.0000,0.001000
sift1m,50000,128,27,10,0.010000,fixed,32,32,7,0.500000,1.318,0.061,1.214,0.010,0.002,32,1122,10,bernoulli,8.0000,0.001000
sift1m,50000,128,27,10,0.010000,fixed,64,64,10,0.500000,2.455,0.077,2.294,0.019,0.003,64,2161,16,bernoulli,8.0000,0.001000
sift1m,50000,128,27,10,0.050000,fixed,8,8,10,0.300000,0.519,0.107,0.394,0.005,0.002,8,338,14,bernoulli,8.0000,0.001000
sift1m,50000,128,27,10,0.050000,fixed,16,16,10,0.400000,0.940,0.060,0.837,0.013,0.003,16,617,27,bernoulli,8.0000,0.001000
sift1m,50000,128,27,10,0.050000,fixed,32,32,10,0.700000,1.867,0.072,1.711,0.021,0.007,32,1122,54,bernoulli,8.0000,0.001000
sift1m,50000,128,27,10,0.050000,fixed,64,64,10,1.000000,2.809,0.193,2.493,0.031,0.008,64,2161,97,bernoulli,8.0000,0.001000
sift1m,50000,128,27,10,0.100000,fixed,8,8,10,0.500000,0.691,0.196,0.471,0.004,0.003,8,338,41,bernoulli,8.0000,0.001000
sift1m,50000,128,27,10,0.100000,fixed,16,16,10,0.500000,0.773,0.071,0.671,0.005,0.003,16,617,67,bernoulli,8.0000,0.001000
sift1m,50000,128,27,10,0.100000,fixed,32,32,10,0.800000,1.367,0.063,1.248,0.009,0.004,32,1122,105,bernoulli,8.0000,0.001000
sift1m,50000,128,27,10,0.100000,fixed,64,64,10,1.000000,3.075,0.080,2.826,0.032,0.011,64,2161,226,bernoulli,8.0000,0.001000
sift1m,50000,128,27,10,0.500000,fixed,8,8,10,1.000000,0.688,0.198,0.458,0.010,0.003,8,338,174,bernoulli,8.0000,0.001000
sift1m,50000,128,27,10,0.500000,fixed,16,16,10,1.000000,0.785,0.081,0.657,0.016,0.002,16,617,303,bernoulli,8.0000,0.001000
sift1m,50000,128,27,10,0.500000,fixed,32,32,10,1.000000,1.347,0.076,1.184,0.027,0.004,32,1122,536,bernoulli,8.0000,0.001000
sift1m,50000,128,27,10,0.500000,fixed,64,64,10,1.000000,2.891,0.092,2.581,0.057,0.012,64,2161,1057,bernoulli,8.0000,0.001000
sift1m,50000,128,27,10,1.000000,fixed,8,8,10,1.000000,0.665,0.178,0.454,0.014,0.003,8,338,338,bernoulli,8.0000,0.001000
sift1m,50000,128,27,10,1.000000,fixed,16,16,10,1.000000,0.780,0.074,0.659,0.022,0.003,16,617,617,bernoulli,8.0000,0.001000
sift1m,50000,128,27,10,1.000000,fixed,32,32,10,1.000000,1.380,0.070,1.222,0.041,0.004,32,1122,1122,bernoulli,8.0000,0.001000
sift1m,50000,128,27,10,1.000000,fixed,64,64,10,1.000000,3.359,0.086,2.996,0.120,0.011,64,2161,2161,bernoulli,8.0000,0.001000
sift1m,50000,128,28,10,0.001000,fixed,8,8,0,0.000000,0.596,0.213,0.370,0.003,0.001,8,256,0,bernoulli,8.0000,0.001000
sift1m,50000,128,28,10,0.001000,fixed,16,16,1,0.000000,0.853,0.109,0.719,0.005,0.001,16,577,1,bernoulli,8.0000,0.001000
sift1m,50000,128,28,10,0.001000,fixed,32,32,1,0.000000,1.297,0.148,1.111,0.008,0.001,32,1058,1,bernoulli,8.0000,0.001000
sift1m,50000,128,28,10,0.001000,fixed,64,64,1,0.000000,2.556,0.109,2.366,0.016,0.002,64,2170,1,bernoulli,8.0000,0.001000
sift1m,50000,128,28,10,0.010000,fixed,8,8,2,0.200000,0.424,0.135,0.277,0.003,0.001,8,256,2,bernoulli,8.0000,0.001000
sift1m,50000,128,28,10,0.010000,fixed,16,16,6,0.500000,0.695,0.075,0.596,0.005,0.002,16,577,9,bernoulli,8.0000,0.001000
sift1m,50000,128,28,10,0.010000,fixed,32,32,9,0.600000,1.429,0.071,1.309,0.011,0.003,32,1058,13,bernoulli,8.0000,0.001000
sift1m,50000,128,28,10,0.010000,fixed,64,64,10,0.600000,2.710,0.115,2.489,0.026,0.007,64,2170,19,bernoulli,8.0000,0.001000
sift1m,50000,128,28,10,0.050000,fixed,8,8,9,0.100000,0.622,0.190,0.412,0.004,0.002,8,256,9,bernoulli,8.0000,0.001000
sift1m,50000,128,28,10,0.050000,fixed,16,16,10,0.400000,0.896,0.122,0.739,0.008,0.003,16,577,15,bernoulli,8.0000,0.001000
sift1m,50000,128,28,10,0.050000,fixed,32,32,10,0.800000,1.734,0.171,1.493,0.017,0.006,32,1058,35,bernoulli,8.0000,0.001000
sift1m,50000,128,28,10,0.050000,fixed,64,64,10,1.000000,3.082,0.193,2.743,0.031,0.009,64,2170,88,bernoulli,8.0000,0.001000
sift1m,50000,128,28,10,0.100000,fixed,8,8,10,0.400000,0.668,0.232,0.413,0.003,0.003,8,256,24,bernoulli,8.0000,0.001000
sift1m,50000,128,28,10,0.100000,fixed,16,16,10,0.800000,0.788,0.111,0.640,0.005,0.003,16,577,61,bernoulli,8.0000,0.001000
sift1m,50000,128,28,10,0.100000,fixed,32,32,10,1.000000,1.378,0.087,1.221,0.009,0.007,32,1058,98,bernoulli,8.0000,0.001000
sift1m,50000,128,28,10,0.100000,fixed,64,64,10,1.000000,2.934,0.147,2.618,0.018,0.009,64,2170,202,bernoulli,8.0000,0.001000
sift1m,50000,128,28,10,0.500000,fixed,8,8,10,0.900000,0.760,0.229,0.484,0.009,0.004,8,256,128,bernoulli,8.0000,0.001000
sift1m,50000,128,28,10,0.500000,fixed,16,16,10,0.900000,0.877,0.164,0.662,0.015,0.003,16,577,291,bernoulli,8.0000,0.001000
sift1m,50000,128,28,10,0.500000,fixed,32,32,10,1.000000,1.347,0.105,1.153,0.027,0.005,32,1058,539,bernoulli,8.0000,0.001000
sift1m,50000,128,28,10,0.500000,fixed,64,64,10,1.000000,2.699,0.117,2.394,0.058,0.009,64,2170,1099,bernoulli,8.0000,0.001000
sift1m,50000,128,28,10,1.000000,fixed,8,8,10,0.900000,0.706,0.245,0.426,0.011,0.004,8,256,256,bernoulli,8.0000,0.001000
sift1m,50000,128,28,10,1.000000,fixed,16,16,10,1.000000,0.916,0.115,0.727,0.040,0.004,16,577,577,bernoulli,8.0000,0.001000
sift1m,50000,128,28,10,1.000000,fixed,32,32,10,1.000000,1.734,0.155,1.452,0.042,0.007,32,1058,1058,bernoulli,8.0000,0.001000
sift1m,50000,128,28,10,1.000000,fixed,64,64,10,1.000000,3.028,0.190,2.630,0.081,0.008,64,2170,2170,bernoulli,8.0000,0.001000
sift1m,50000,128,29,10,0.001000,fixed,8,8,1,0.100000,0.420,0.128,0.279,0.002,0.001,8,258,1,bernoulli,8.0000,0.001000
sift1m,50000,128,29,10,0.001000,fixed,16,16,2,0.200000,0.760,0.060,0.667,0.008,0.003,16,528,3,bernoulli,8.0000,0.001000
sift1m,50000,128,29,10,0.001000,fixed,32,32,2,0.200000,1.406,0.154,1.201,0.008,0.003,32,1032,3,bernoulli,8.0000,0.001000
sift1m,50000,128,29,10,0.001000,fixed,64,64,3,0.300000,2.647,0.113,2.432,0.017,0.003,64,2174,5,bernoulli,8.0000,0.001000
sift1m,50000,128,29,10,0.010000,fixed,8,8,2,0.200000,0.333,0.083,0.238,0.002,0.001,8,258,5,bernoulli,8.0000,0.001000
sift1m,50000,128,29,10,0.010000,fixed,16,16,2,0.200000,0.580,0.055,0.503,0.005,0.001,16,528,7,bernoulli,8.0000,0.001000
sift1m,50000,128,29,10,0.010000,fixed,32,32,10,0.800000,1.156,0.053,1.061,0.009,0.003,32,1032,17,bernoulli,8.0000,0.001000
sift1m,50000,128,29,10,0.010000,fixed,64,64,10,1.000000,2.348,0.074,2.190,0.019,0.004,64,2174,35,bernoulli,8.0000,0.001000
sift1m,50000,128,29,10,0.050000,fixed,8,8,10,0.800000,0.358,0.080,0.260,0.004,0.002,8,258,17,bernoulli,8.0000,0.001000
sift1m,50000,128,29,10,0.050000,fixed,16,16,10,0.900000,0.595,0.052,0.513,0.008,0.003,16,528,35,bernoulli,8.0000,0.001000
sift1m,50000,128,29,10,0.050000,fixed,32,32,10,1.000000,1.104,0.048,1.000,0.014,0.004,32,1032,55,bernoulli,8.0000,0.001000
sift1m,50000,128,29,10,0.050000,fixed,64,64,10,1.000000,2.519,0.061,2.345,0.030,0.007,64,2174,105,bernoulli,8.0000,0.001000
sift1m,50000,128,29,10,0.100000,fixed,8,8,10,0.900000,0.382,0.101,0.265,0.002,0.002,8,258,27,bernoulli,8.0000,0.001000
sift1m,50000,128,29,10,0.100000,fixed,16,16,10,1.000000,0.630,0.050,0.550,0.004,0.003,16,528,54,bernoulli,8.0000,0.001000
sift1m,50000,128,29,10,0.100000,fixed,32,32,10,1.000000,1.111,0.050,1.008,0.008,0.005,32,1032,101,bernoulli,8.0000,0.001000
sift1m,50000,128,29,10,0.100000,fixed,64,64,10,1.000000,3.095,0.063,2.896,0.021,0.010,64,2174,207,bernoulli,8.0000,0.001000
sift1m,50000,128,29,10,0.500000,fixed,8,8,10,0.900000,0.459,0.117,0.316,0.007,0.003,8,258,126,bernoulli,8.0000,0.001000
sift1m,50000,128,29,10,0.500000,fixed,16,16,10,1.000000,0.603,0.041,0.520,0.013,0.003,16,528,264,bernoulli,8.0000,0.001000
sift1m,50000,128,29,10,0.500000,fixed,32,32,10,1.000000,1.134,0.044,1.009,0.027,0.005,32,1032,529,bernoulli,8.0000,0.001000
sift1m,50000,128,29,10,0.500000,fixed,64,64,10,1.000000,2.752,0.061,2.508,0.058,0.008,64,2174,1107,bernoulli,8.0000,0.001000
sift1m,50000,128,29,10,1.000000,fixed,8,8,10,1.000000,0.498,0.149,0.323,0.010,0.003,8,258,258,bernoulli,8.0000,0.001000
sift1m,50000,128,29,10,1.000000,fixed,16,16,10,1.000000,0.646,0.061,0.543,0.019,0.003,16,528,528,bernoulli,8.0000,0.001000
sift1m,50000,128,29,10,1.000000,fixed,32,32,10,1.000000,1.190,0.061,1.048,0.038,0.004,32,1032,1032,bernoulli,8.0000,0.001000
sift1m,50000,128,29,10,1.000000,fixed,64,64,10,1.000000,2.550,0.077,2.305,0.078,0.007,64,2174,2174,bernoulli,8.0000,0.001000
sift1m,50000,128,30,10,0.001000,fixed,8,8,0,0.000000,0.612,0.212,0.387,0.002,0.001,8,254,0,bernoulli,8.0000,0.001000
sift1m,50000,128,30,10,0.001000,fixed,16,16,0,0.000000,0.754,0.096,0.633,0.006,0.001,16,526,0,bernoulli,8.0000,0.001000
sift1m,50000,128,30,10,0.001000,fixed,32,32,0,0.000000,1.416,0.098,1.271,0.007,0.004,32,1105,0,bernoulli,8.0000,0.001000
sift1m,50000,128,30,10,0.001000,fixed,64,64,0,0.000000,2.736,0.110,2.534,0.015,0.003,64,2233,0,bernoulli,8.0000,0.001000
sift1m,50000,128,30,10,0.010000,fixed,8,8,3,0.300000,0.474,0.157,0.305,0.003,0.001,8,254,3,bernoulli,8.0000,0.001000
sift1m,50000,128,30,10,0.010000,fixed,16,16,4,0.400000,0.695,0.069,0.603,0.005,0.002,16,526,5,bernoulli,8.0000,0.001000
sift1m,50000,128,30,10,0.010000,fixed,32,32,10,0.600000,1.281,0.095,1.143,0.010,0.002,32,1105,13,bernoulli,8.0000,0.001000
sift1m,50000,128,30,10,0.010000,fixed,64,64,10,0.700000,2.661,0.101,2.469,0.021,0.005,64,2233,23,bernoulli,8.0000,0.001000
sift1m,50000,128,30,10,0.050000,fixed,8,8,8,0.200000,0.477,0.146,0.313,0.004,0.002,8,254,9,bernoulli,8.0000,0.001000
sift1m,50000,128,30,10,0.050000,fixed,16,16,10,0.500000,0.671,0.080,0.562,0.007,0.002,16,526,16,bernoulli,8.0000,0.001000
sift1m,50000,128,30,10,0.050000,fixed,32,32,10,0.700000,1.298,0.075,1.167,0.014,0.003,32,1105,41,bernoulli,8.0000,0.001000
sift1m,50000,128,30,10,0.050000,fixed,64,64,10,0.800000,2.491,0.085,2.290,0.030,0.006,64,2233,94,bernoulli,8.0000,0.001000
sift1m,50000,128,30,10,0.100000,fixed,8,8,10,0.400000,0.579,0.150,0.405,0.003,0.003,8,254,25,bernoulli,8.0000,0.001000
sift1m,50000,128,30,10,0.100000,fixed,16,16,10,0.700000,0.808,0.084,0.689,0.005,0.004,16,526,51,bernoulli,8.0000,0.001000
sift1m,50000,128,30,10,0.100000,fixed,32,32,10,1.000000,1.472,0.123,1.289,0.009,0.004,32,1105,98,bernoulli,8.0000,0.001000
sift1m,50000,128,30,10,0.100000,fixed,64,64,10,1.000000,2.644,0.139,2.394,0.016,0.006,64,2233,177,bernoulli,8.0000,0.001000
sift1m,50000,128,30,10,0.500000,fixed,8,8,10,0.600000,0.561,0.189,0.348,0.007,0.002,8,254,133,bernoulli,8.0000,0.001000
sift1m,50000,128,30,10,0.500000,fixed,16,16,10,0.700000,0.688,0.079,0.567,0.013,0.003,16,526,269,bernoulli,8.0000,0.001000
sift1m,50000,128,30,10,0.500000,fixed,32,32,10,0.800000,1.784,0.188,1.469,0.031,0.007,32,1105,557,bernoulli,8.0000,0.001000
sift1m,50000,128,30,10,0.500000,fixed,64,64,10,1.000000,2.863,0.137,2.510,0.064,0.009,64,2233,1114,bernoulli,8.0000,0.001000
sift1m,50000,128,30,10,1.000000,fixed,8,8,10,0.700000,0.618,0.205,0.387,0.010,0.003,8,254,254,bernoulli,8.0000,0.001000
sift1m,50000,128,30,10,1.000000,fixed,16,16,10,0.700000,0.701,0.080,0.576,0.019,0.003,16,526,526,bernoulli,8.0000,0.001000
sift1m,50000,128,30,10,1.000000,fixed,32,32,10,0.900000,1.755,0.073,1.541,0.042,0.007,32,1105,1105,bernoulli,8.0000,0.001000
sift1m,50000,128,30,10,1.000000,fixed,64,64,10,1.000000,3.034,0.183,2.645,0.080,0.007,64,2233,2233,bernoulli,8.0000,0.001000
sift1m,50000,128,31,10,0.001000,fixed,8,8,0,0.000000,0.502,0.168,0.318,0.002,0.001,8,259,0,bernoulli,8.0000,0.001000
sift1m,50000,128,31,10,0.001000,fixed,16,16,0,0.000000,0.676,0.098,0.551,0.003,0.001,16,513,0,bernoulli,8.0000,0.001000
sift1m,50000,128,31,10,0.001000,fixed,32,32,1,0.100000,1.248,0.077,1.115,0.008,0.001,32,1076,1,bernoulli,8.0000,0.001000
sift1m,50000,128,31,10,0.001000,fixed,64,64,3,0.300000,2.672,0.094,2.438,0.041,0.004,64,2126,3,bernoulli,8.0000,0.001000
sift1m,50000,128,31,10,0.010000,fixed,8,8,3,0.000000,0.498,0.162,0.325,0.002,0.001,8,259,3,bernoulli,8.0000,0.001000
sift1m,50000,128,31,10,0.010000,fixed,16,16,6,0.300000,0.714,0.089,0.604,0.005,0.001,16,513,6,bernoulli,8.0000,0.001000
sift1m,50000,128,31,10,0.010000,fixed,32,32,10,0.400000,1.350,0.090,1.213,0.009,0.002,32,1076,10,bernoulli,8.0000,0.001000
sift1m,50000,128,31,10,0.010000,fixed,64,64,10,0.900000,2.729,0.112,2.497,0.037,0.005,64,2126,24,bernoulli,8.0000,0.001000
sift1m,50000,128,31,10,0.050000,fixed,8,8,10,0.600000,0.452,0.147,0.290,0.004,0.002,8,259,20,bernoulli,8.0000,0.001000
sift1m,50000,128,31,10,0.050000,fixed,16,16,10,0.800000,0.786,0.087,0.656,0.011,0.006,16,513,39,bernoulli,8.0000,0.001000
sift1m,50000,128,31,10,0.050000,fixed,32,32,10,0.900000,1.621,0.155,1.395,0.017,0.006,32,1076,62,bernoulli,8.0000,0.001000
sift1m,50000,128,31,10,0.050000,fixed,64,64,10,1.000000,2.916,0.152,2.641,0.032,0.008,64,2126,110,bernoulli,8.0000,0.001000
sift1m,50000,128,31,10,0.100000,fixed,8,8,10,0.300000,0.516,0.137,0.361,0.002,0.002,8,259,19,bernoulli,8.0000,0.001000
sift1m,50000,128,31,10,0.100000,fixed,16,16,10,0.400000,0.645,0.082,0.536,0.004,0.002,16,513,44,bernoulli,8.0000,0.001000
sift1m,50000,128,31,10,0.100000,fixed,32,32,10,0.800000,1.242,0.075,1.102,0.008,0.003,32,1076,98,bernoulli,8.0000,0.001000
sift1m,50000,128,31,10,0.100000,fixed,64,64,10,0.900000,3.060,0.088,2.824,0.018,0.012,64,2126,209,bernoulli,8.0000,0.001000
sift1m,50000,128,31,10,0.500000,fixed,8,8,10,0.900000,0.721,0.204,0.485,0.008,0.003,8,259,118,bernoulli,8.0000,0.001000
sift1m,50000,128,31,10,0.500000,fixed,16,16,10,1.000000,0.778,0.098,0.619,0.014,0.003,16,513,255,bernoulli,8.0000,0.001000
sift1m,50000,128,31,10,0.500000,fixed,32,32,10,1.000000,1.297,0.091,1.120,0.028,0.004,32,1076,549,bernoulli,8.0000,0.001000
sift1m,50000,128,31,10,0.500000,fixed,64,64,10,1.000000,2.854,0.093,2.553,0.057,0.008,64,2126,1068,bernoulli,8.0000,0.001000
sift1m,50000,128,31,10,1.000000,fixed,8,8,10,1.000000,0.587,0.214,0.346,0.010,0.002,8,259,259,bernoulli,8.0000,0.001000
sift1m,50000,128,31,10,1.000000,fixed,16,16,10,1.000000,0.681,0.082,0.558,0.019,0.002,16,513,513,bernoulli,8.0000,0.001000
sift1m,50000,128,31,10,1.000000,fixed,32,32,10,1.000000,1.269,0.080,1.107,0.038,0.004,32,1076,1076,bernoulli,8.0000,0.001000
sift1m,50000,128,31,10,1.000000,fixed,64,64,10,1.000000,2.483,0.090,2.235,0.075,0.005,64,2126,2126,bernoulli,8.0000,0.001000
sift1m,50000,128,32,10,0.001000,fixed,8,8,0,0.000000,0.569,0.170,0.381,0.006,0.001,8,269,0,bernoulli,8.0000,0.001000
sift1m,50000,128,32,10,0.001000,fixed,16,16,0,0.000000,0.664,0.085,0.559,0.003,0.001,16,478,0,bernoulli,8.0000,0.001000
sift1m,50000,128,32,10,0.001000,fixed,32,32,0,0.000000,1.282,0.089,1.152,0.007,0.002,32,1024,0,bernoulli,8.0000,0.001000
sift1m,50000,128,32,10,0.001000,fixed,64,64,1,0.100000,2.414,0.105,2.221,0.019,0.003,64,2057,1,bernoulli,8.0000,0.001000
sift1m,50000,128,32,10,0.010000,fixed,8,8,1,0.000000,0.419,0.114,0.294,0.002,0.001,8,269,1,bernoulli,8.0000,0.001000
sift1m,50000,128,32,10,0.010000,fixed,16,16,3,0.200000,0.583,0.079,0.485,0.004,0.001,16,478,3,bernoulli,8.0000,0.001000
sift1m,50000,128,32,10,0.010000,fixed,32,32,7,0.400000,1.117,0.079,0.999,0.009,0.002,32,1024,8,bernoulli,8.0000,0.001000
sift1m,50000,128,32,10,0.010000,fixed,64,64,10,0.600000,2.484,0.085,2.312,0.020,0.005,64,2057,15,bernoulli,8.0000,0.001000
sift1m,50000,128,32,10,0.050000,fixed,8,8,10,0.500000,0.571,0.187,0.366,0.005,0.002,8,269,20,bernoulli,8.0000,0.001000
sift1m,50000,128,32,10,0.050000,fixed,16,16,10,0.600000,0.657,0.110,0.515,0.008,0.004,16,478,32,bernoulli,8.0000,0.001000
sift1m,50000,128,32,10,0.050000,fixed,32,32,10,1.000000,1.148,0.066,1.021,0.015,0.005,32,1024,68,bernoulli,8.0000,0.001000
sift1m,50000,128,32,10,0.050000,fixed,64,64,10,1.000000,2.267,0.076,2.075,0.034,0.007,64,2057,130,bernoulli,8.0000,0.001000
sift1m,50000,128,32,10,0.100000,fixed,8,8,10,0.500000,0.467,0.112,0.339,0.002,0.002,8,269,26,bernoulli,8.0000,0.001000
sift1m,50000,128,32,10,0.100000,fixed,16,16,10,0.600000,0.760,0.076,0.646,0.006,0.005,16,478,48,bernoulli,8.0000,0.001000
sift1m,50000,128,32,10,0.100000,fixed,32,32,10,0.900000,1.416,0.161,1.191,0.012,0.005,32,1024,114,bernoulli,8.0000,0.001000
sift1m,50000,128,32,10,0.100000,fixed,64,64,10,1.000000,2.319,0.107,2.110,0.016,0.006,64,2057,210,bernoulli,8.0000,0.001000
sift1m,50000,128,32,10,0.500000,fixed,8,8,10,0.900000,0.617,0.204,0.386,0.008,0.003,8,269,136,bernoulli,8.0000,0.001000
sift1m,50000,128,32,10,0.500000,fixed,16,16,10,1.000000,0.629,0.084,0.505,0.013,0.003,16,478,243,bernoulli,8.0000,0.001000
sift1m,50000,128,32,10,0.500000,fixed,32,32,10,1.000000,1.207,0.079,1.045,0.026,0.004,32,1024,526,bernoulli,8.0000,0.001000
sift1m,50000,128,32,10,0.500000,fixed,64,64,10,1.000000,2.570,0.093,2.252,0.058,0.008,64,2057,1067,bernoulli,8.0000,0.001000
sift1m,50000,128,32,10,1.000000,fixed,8,8,10,1.000000,0.597,0.202,0.370,0.010,0.002,8,269,269,bernoulli,8.0000,0.001000
sift1m,50000,128,32,10,1.000000,fixed,16,16,10,1.000000,0.632,0.078,0.513,0.018,0.003,16,478,478,bernoulli,8.0000,0.001000
sift1m,50000,128,32,10,1.000000,fixed,32,32,10,1.000000,1.205,0.075,1.049,0.037,0.004,32,1024,1024,bernoulli,8.0000,0.001000
sift1m,50000,128,32,10,1.000000,fixed,64,64,10,1.000000,2.543,0.090,2.277,0.076,0.014,64,2057,2057,bernoulli,8.0000,0.001000
sift1m,50000,128,33,10,0.001000,fixed,8,8,1,0.100000,0.562,0.205,0.341,0.002,0.001,8,259,1,bernoulli,8.0000,0.001000
sift1m,50000,128,33,10,0.001000,fixed,16,16,1,0.100000,0.713,0.084,0.600,0.004,0.001,16,541,1,bernoulli,8.0000,0.001000
sift1m,50000,128,33,10,0.001000,fixed,32,32,1,0.100000,1.228,0.079,1.096,0.007,0.002,32,1016,1,bernoulli,8.0000,0.001000
sift1m,50000,128,33,10,0.001000,fixed,64,64,1,0.100000,2.377,0.095,2.167,0.015,0.002,64,2116,1,bernoulli,8.0000,0.001000
sift1m,50000,128,33,10,0.010000,fixed,8,8,3,0.200000,0.452,0.194,0.247,0.002,0.001,8,259,3,bernoulli,8.0000,0.001000
sift1m,50000,128,33,10,0.010000,fixed,16,16,6,0.300000,0.624,0.073,0.530,0.005,0.001,16,541,7,bernoulli,8.0000,0.001000
sift1m,50000,128,33,10,0.010000,fixed,32,32,8,0.400000,1.291,0.068,1.174,0.010,0.004,32,1016,11,bernoulli,8.0000,0.001000
sift1m,50000,128,33,10,0.010000,fixed,64,64,10,0.500000,2.738,0.182,2.465,0.019,0.005,64,2116,19,bernoulli,8.0000,0.001000
sift1m,50000,128,33,10,0.050000,fixed,8,8,10,0.300000,0.347,0.074,0.258,0.004,0.001,8,259,13,bernoulli,8.0000,0.001000
sift1m,50000,128,33,10,0.050000,fixed,16,16,10,0.600000,0.640,0.068,0.544,0.007,0.002,16,541,26,bernoulli,8.0000,0.001000
sift1m,50000,128,33,10,0.050000,fixed,32,32,10,0.800000,1.122,0.068,1.003,0.014,0.003,32,1016,44,bernoulli,8.0000,0.001000
sift1m,50000,128,33,10,0.050000,fixed,64,64,10,0.900000,2.311,0.095,2.110,0.028,0.006,64,2116,96,bernoulli,8.0000,0.001000
sift1m,50000,128,33,10,0.100000,fixed,8,8,10,0.600000,0.489,0.156,0.314,0.003,0.002,8,259,23,bernoulli,8.0000,0.001000
sift1m,50000,128,33,10,0.100000,fixed,16,16,10,0.900000,0.643,0.074,0.540,0.005,0.002,16,541,56,bernoulli,8.0000,0.001000
sift1m,50000,128,33,10,0.100000,fixed,32,32,10,0.900000,1.117,0.064,1.002,0.008,0.004,32,1016,99,bernoulli,8.0000,0.001000
sift1m,50000,128,33,10,0.100000,fixed,64,64,10,1.000000,2.344,0.073,2.166,0.017,0.007,64,2116,216,bernoulli,8.0000,0.001000
sift1m,50000,128,33,10,0.500000,fixed,8,8,10,0.600000,0.547,0.191,0.330,0.008,0.002,8,259,137,bernoulli,8.0000,0.001000
sift1m,50000,128,33,10,0.500000,fixed,16,16,10,0.800000,0.680,0.074,0.561,0.015,0.002,16,541,282,bernoulli,8.0000,0.001000
sift1m,50000,128,33,10,0.500000,fixed,32,32,10,1.000000,1.569,0.075,1.378,0.030,0.009,32,1016,523,bernoulli,8.0000,0.001000
sift1m,50000,128,33,10,0.500000,fixed,64,64,10,1.000000,2.718,0.202,2.316,0.057,0.007,64,2116,1048,bernoulli,8.0000,0.001000
sift1m,50000,128,33,10,1.000000,fixed,8,8,10,0.900000,0.568,0.205,0.336,0.010,0.003,8,259,259,bernoulli,8.0000,0.001000
sift1m,50000,128,33,10,1.000000,fixed,16,16,10,0.900000,0.712,0.074,0.595,0.019,0.002,16,541,541,bernoulli,8.0000,0.001000
sift1m,50000,128,33,10,1.000000,fixed,32,32,10,1.000000,1.198,0.075,1.046,0.035,0.003,32,1016,1016,bernoulli,8.0000,0.001000
sift1m,50000,128,33,10,1.000000,fixed,64,64,10,1.000000,2.427,0.088,2.183,0.074,0.006,64,2116,2116,bernoulli,8.0000,0.001000
sift1m,50000,128,34,10,0.001000,fixed,8,8,0,0.000000,0.521,0.209,0.299,0.002,0.001,8,244,0,bernoulli,8.0000,0.001000
sift1m,50000,128,34,10,0.001000,fixed,16,16,0,0.000000,0.711,0.096,0.592,0.004,0.001,16,491,0,bernoulli,8.0000,0.001000
sift1m,50000,128,34,10,0.001000,fixed,32,32,0,0.000000,1.257,0.110,1.102,0.007,0.002,32,1002,0,bernoulli,8.0000,0.001000
sift1m,50000,128,34,10,0.001000,fixed,64,64,0,0.000000,2.589,0.116,2.380,0.016,0.003,64,2007,0,bernoulli,8.0000,0.001000
sift1m,50000,128,34,10,0.010000,fixed,8,8,2,0.000000,0.532,0.199,0.313,0.003,0.001,8,244,2,bernoulli,8.0000,0.001000
sift1m,50000,128,34,10,0.010000,fixed,16,16,4,0.100000,0.674,0.088,0.566,0.005,0.001,16,491,4,bernoulli,8.0000,0.001000
sift1m,50000,128,34,10,0.010000,fixed,32,32,8,0.300000,1.174,0.083,1.051,0.010,0.002,32,1002,8,bernoulli,8.0000,0.001000
sift1m,50000,128,34,10,0.010000,fixed,64,64,10,0.600000,2.303,0.093,2.123,0.020,0.004,64,2007,19,bernoulli,8.0000,0.001000
sift1m,50000,128,34,10,0.050000,fixed,8,8,10,0.100000,0.389,0.106,0.268,0.004,0.002,8,244,15,bernoulli,8.0000,0.001000
sift1m,50000,128,34,10,0.050000,fixed,16,16,10,0.300000,0.614,0.066,0.522,0.007,0.002,16,491,28,bernoulli,8.0000,0.001000
sift1m,50000,128,34,10,0.050000,fixed,32,32,10,0.600000,1.220,0.064,1.098,0.015,0.004,32,1002,50,bernoulli,8.0000,0.001000
sift1m,50000,128,34,10,0.050000,fixed,64,64,10,0.900000,2.229,0.102,2.020,0.028,0.006,64,2007,101,bernoulli,8.0000,0.001000
sift1m,50000,128,34,10,0.100000,fixed,8,8,10,0.300000,0.474,0.143,0.314,0.002,0.002,8,244,26,bernoulli,8.0000,0.001000
sift1m,50000,128,34,10,0.100000,fixed,16,16,10,0.700000,0.671,0.081,0.561,0.004,0.003,16,491,49,bernoulli,8.0000,0.001000
sift1m,50000,128,34,10,0.100000,fixed,32,32,10,0.700000,1.382,0.084,1.236,0.010,0.006,32,1002,97,bernoulli,8.0000,0.001000
sift1m,50000,128,34,10,0.100000,fixed,64,64,10,0.800000,2.325,0.169,2.053,0.018,0.007,64,2007,206,bernoulli,8.0000,0.001000
sift1m,50000,128,34,10,0.500000,fixed,8,8,10,1.000000,0.593,0.175,0.383,0.011,0.003,8,244,110,bernoulli,8.0000,0.001000
sift1m,50000,128,34,10,0.500000,fixed,16,16,10,1.000000,0.739,0.098,0.592,0.014,0.003,16,491,235,bernoulli,8.0000,0.001000
sift1m,50000,128,34,10,0.500000,fixed,32,32,10,1.000000,1.461,0.097,1.259,0.028,0.005,32,1002,506,bernoulli,8.0000,0.001000
sift1m,50000,128,34,10,0.500000,fixed,64,64,10,1.000000,2.627,0.168,2.284,0.054,0.007,64,2007,1010,bernoulli,8.0000,0.001000
sift1m,50000,128,34,10,1.000000,fixed,8,8,10,0.900000,0.570,0.207,0.337,0.010,0.003,8,244,244,bernoulli,8.0000,0.001000
sift1m,50000,128,34,10,1.000000,fixed,16,16,10,0.900000,0.668,0.086,0.543,0.018,0.002,16,491,491,bernoulli,8.0000,0.001000
sift1m,50000,128,34,10,1.000000,fixed,32,32,10,1.000000,1.298,0.080,1.126,0.038,0.005,32,1002,1002,bernoulli,8.0000,0.001000
sift1m,50000,128,34,10,1.000000,fixed,64,64,10,1.000000,2.277,0.122,1.980,0.076,0.009,64,2007,2007,bernoulli,8.0000,0.001000
sift1m,50000,128,35,10,0.001000,fixed,8,8,0,0.000000,0.561,0.176,0.370,0.002,0.001,8,325,0,bernoulli,8.0000,0.001000
sift1m,50000,128,35,10,0.001000,fixed,16,16,0,0.000000,0.757,0.078,0.651,0.004,0.001,16,620,0,bernoulli,8.0000,0.001000
sift1m,50000,128,35,10,0.001000,fixed,32,32,0,0.000000,1.452,0.077,1.296,0.009,0.003,32,1170,0,bernoulli,8.0000,0.001000
sift1m,50000,128,35,10,0.001000,fixed,64,64,1,0.100000,3.266,0.206,2.939,0.017,0.006,64,2390,1,bernoulli,8.0000,0.001000
sift1m,50000,128,35,10,0.010000,fixed,8,8,7,0.000000,0.443,0.071,0.357,0.003,0.001,8,325,7,bernoulli,8.0000,0.001000
sift1m,50000,128,35,10,0.010000,fixed,16,16,10,0.100000,0.698,0.064,0.610,0.005,0.002,16,620,11,bernoulli,8.0000,0.001000
sift1m,50000,128,35,10,0.010000,fixed,32,32,10,0.200000,1.259,0.064,1.150,0.010,0.002,32,1170,15,bernoulli,8.0000,0.001000
sift1m,50000,128,35,10,0.010000,fixed,64,64,10,0.400000,2.567,0.077,2.402,0.020,0.003,64,2390,24,bernoulli,8.0000,0.001000
sift1m,50000,128,35,10,0.050000,fixed,8,8,10,0.600000,0.492,0.114,0.356,0.005,0.002,8,325,19,bernoulli,8.0000,0.001000
sift1m,50000,128,35,10,0.050000,fixed,16,16,10,0.600000,0.735,0.082,0.621,0.008,0.002,16,620,29,bernoulli,8.0000,0.001000
sift1m,50000,128,35,10,0.050000,fixed,32,32,10,0.900000,1.311,0.073,1.180,0.016,0.003,32,1170,55,bernoulli,8.0000,0.001000
sift1m,50000,128,35,10,0.050000,fixed,64,64,10,1.000000,2.648,0.083,2.448,0.032,0.006,64,2390,104,bernoulli,8.0000,0.001000
sift1m,50000,128,35,10,0.100000,fixed,8,8,10,0.700000,0.554,0.133,0.402,0.003,0.002,8,325,39,bernoulli,8.0000,0.001000
sift1m,50000,128,35,10,0.100000,fixed,16,16,10,0.800000,0.759,0.078,0.650,0.005,0.003,16,620,66,bernoulli,8.0000,0.001000
sift1m,50000,128,35,10,0.100000,fixed,32,32,10,0.900000,1.592,0.069,1.450,0.011,0.013,32,1170,129,bernoulli,8.0000,0.001000
sift1m,50000,128,35,10,0.100000,fixed,64,64,10,1.000000,3.107,0.219,2.765,0.019,0.008,64,2390,243,bernoulli,8.0000,0.001000
sift1m,50000,128,35,10,0.500000,fixed,8,8,10,0.800000,0.647,0.163,0.453,0.009,0.003,8,325,176,bernoulli,8.0000,0.001000
sift1m,50000,128,35,10,0.500000,fixed,16,16,10,0.800000,0.815,0.085,0.683,0.016,0.003,16,620,334,bernoulli,8.0000,0.001000
sift1m,50000,128,35,10,0.500000,fixed,32,32,10,0.800000,1.404,0.080,1.236,0.030,0.004,32,1170,609,bernoulli,8.0000,0.001000
sift1m,50000,128,35,10,0.500000,fixed,64,64,10,1.000000,3.096,0.099,2.744,0.065,0.012,64,2390,1230,bernoulli,8.0000,0.001000
sift1m,50000,128,35,10,1.000000,fixed,8,8,10,0.800000,0.708,0.182,0.497,0.012,0.002,8,325,325,bernoulli,8.0000,0.001000
sift1m,50000,128,35,10,1.000000,fixed,16,16,10,0.800000,0.836,0.086,0.703,0.022,0.003,16,620,620,bernoulli,8.0000,0.001000
sift1m,50000,128,35,10,1.000000,fixed,32,32,10,0.800000,1.534,0.085,1.357,0.041,0.004,32,1170,1170,bernoulli,8.0000,0.001000
sift1m,50000,128,35,10,1.000000,fixed,64,64,10,1.000000,2.894,0.102,2.608,0.082,0.009,64,2390,2390,bernoulli,8.0000,0.001000
sift1m,50000,128,36,10,0.001000,fixed,8,8,0,0.000000,0.591,0.173,0.405,0.002,0.001,8,309,0,bernoulli,8.0000,0.001000
sift1m,50000,128,36,10,0.001000,fixed,16,16,0,0.000000,0.771,0.110,0.642,0.004,0.001,16,567,0,bernoulli,8.0000,0.001000
sift1m,50000,128,36,10,0.001000,fixed,32,32,0,0.000000,1.409,0.097,1.265,0.014,0.002,32,1039,0,bernoulli,8.0000,0.001000
sift1m,50000,128,36,10,0.001000,fixed,64,64,2,0.200000,2.505,0.163,2.252,0.025,0.004,64,2180,2,bernoulli,8.0000,0.001000
sift1m,50000,128,36,10,0.010000,fixed,8,8,2,0.100000,0.455,0.092,0.349,0.003,0.001,8,309,2,bernoulli,8.0000,0.001000
sift1m,50000,128,36,10,0.010000,fixed,16,16,2,0.100000,0.675,0.071,0.582,0.005,0.001,16,567,3,bernoulli,8.0000,0.001000
sift1m,50000,128,36,10,0.010000,fixed,32,32,4,0.300000,1.158,0.072,1.046,0.010,0.002,32,1039,7,bernoulli,8.0000,0.001000
sift1m,50000,128,36,10,0.010000,fixed,64,64,10,0.300000,2.603,0.083,2.425,0.021,0.006,64,2180,15,bernoulli,8.0000,0.001000
sift1m,50000,128,36,10,0.050000,fixed,8,8,10,0.300000,0.628,0.184,0.421,0.005,0.006,8,309,18,bernoulli,8.0000,0.001000
sift1m,50000,128,36,10,0.050000,fixed,16,16,10,0.400000,0.753,0.089,0.634,0.008,0.002,16,567,36,bernoulli,8.0000,0.001000
sift1m,50000,128,36,10,0.050000,fixed,32,32,10,0.600000,1.357,0.087,1.201,0.016,0.013,32,1039,68,bernoulli,8.0000,0.001000
sift1m,50000,128,36,10,0.050000,fixed,64,64,10,0.900000,2.473,0.133,2.221,0.033,0.007,64,2180,133,bernoulli,8.0000,0.001000
sift1m,50000,128,36,10,0.100000,fixed,8,8,10,0.400000,0.481,0.117,0.348,0.002,0.002,8,309,26,bernoulli,8.0000,0.001000
sift1m,50000,128,36,10,0.100000,fixed,16,16,10,0.900000,0.876,0.091,0.747,0.006,0.005,16,567,53,bernoulli,8.0000,0.001000
sift1m,50000,128,36,10,0.100000,fixed,32,32,10,1.000000,1.466,0.166,1.224,0.010,0.006,32,1039,111,bernoulli,8.0000,0.001000
sift1m,50000,128,36,10,0.100000,fixed,64,64,10,1.000000,2.815,0.160,2.513,0.021,0.012,64,2180,227,bernoulli,8.0000,0.001000
sift1m,50000,128,36,10,0.500000,fixed,8,8,10,1.000000,0.635,0.196,0.412,0.008,0.002,8,309,145,bernoulli,8.0000,0.001000
sift1m,50000,128,36,10,0.500000,fixed,16,16,10,1.000000,0.733,0.082,0.608,0.014,0.002,16,567,264,bernoulli,8.0000,0.001000
sift1m,50000,128,36,10,0.500000,fixed,32,32,10,1.000000,1.434,0.080,1.253,0.027,0.006,32,1039,516,bernoulli,8.0000,0.001000
sift1m,50000,128,36,10,0.500000,fixed,64,64,10,1.000000,3.175,0.168,2.798,0.059,0.012,64,2180,1098,bernoulli,8.0000,0.001000
sift1m,50000,128,36,10,1.000000,fixed,8,8,10,1.000000,0.741,0.236,0.471,0.012,0.003,8,309,309,bernoulli,8.0000,0.001000
sift1m,50000,128,36,10,1.000000,fixed,16,16,10,1.000000,0.754,0.090,0.620,0.019,0.002,16,567,567,bernoulli,8.0000,0.001000
sift1m,50000,128,36,10,1.000000,fixed,32,32,10,1.000000,1.243,0.082,1.080,0.036,0.004,32,1039,1039,bernoulli,8.0000,0.001000
sift1m,50000,128,36,10,1.000000,fixed,64,64,10,1.000000,2.555,0.097,2.294,0.078,0.006,64,2180,2180,bernoulli,8.0000,0.001000
sift1m,50000,128,37,10,0.001000,fixed,8,8,0,0.000000,0.453,0.128,0.309,0.002,0.001,8,268,0,bernoulli,8.0000,0.001000
sift1m,50000,128,37,10,0.001000,fixed,16,16,2,0.200000,0.691,0.070,0.593,0.004,0.001,16,574,2,bernoulli,8.0000,0.001000
sift1m,50000,128,37,10,0.001000,fixed,32,32,2,0.200000,1.270,0.064,1.151,0.007,0.001,32,1148,2,bernoulli,8.0000,0.001000
sift1m,50000,128,37,10,0.001000,fixed,64,64,4,0.400000,2.621,0.076,2.432,0.015,0.002,64,2374,4,bernoulli,8.0000,0.001000
sift1m,50000,128,37,10,0.010000,fixed,8,8,3,0.200000,0.320,0.050,0.258,0.003,0.001,8,268,5,bernoulli,8.0000,0.001000
sift1m,50000,128,37,10,0.010000,fixed,16,16,6,0.400000,0.651,0.047,0.582,0.005,0.002,16,574,10,bernoulli,8.0000,0.001000
sift1m,50000,128,37,10,0.010000,fixed,32,32,10,0.600000,1.278,0.051,1.183,0.010,0.003,32,1148,17,bernoulli,8.0000,0.001000
sift1m,50000,128,37,10,0.010000,fixed,64,64,10,0.700000,2.987,0.121,2.767,0.023,0.004,64,2374,26,bernoulli,8.0000,0.001000
sift1m,50000,128,37,10,0.050000,fixed,8,8,8,0.500000,0.377,0.100,0.261,0.004,0.001,8,268,8,bernoulli,8.0000,0.001000
sift1m,50000,128,37,10,0.050000,fixed,16,16,10,0.700000,0.717,0.064,0.622,0.008,0.002,16,574,23,bernoulli,8.0000,0.001000
sift1m,50000,128,37,10,0.050000,fixed,32,32,10,0.800000,1.325,0.086,1.181,0.015,0.004,32,1148,48,bernoulli,8.0000,0.001000
sift1m,50000,128,37,10,0.050000,fixed,64,64,10,0.900000,2.681,0.091,2.472,0.032,0.006,64,2374,102,bernoulli,8.0000,0.001000
sift1m,50000,128,37,10,0.100000,fixed,8,8,10,0.600000,0.624,0.162,0.433,0.005,0.003,8,268,39,bernoulli,8.0000,0.001000
sift1m,50000,128,37,10,0.100000,fixed,16,16,10,0.700000,0.891,0.105,0.748,0.006,0.005,16,574,69,bernoulli,8.0000,0.001000
sift1m,50000,128,37,10,0.100000,fixed,32,32,10,0.800000,1.299,0.079,1.163,0.009,0.005,32,1148,111,bernoulli,8.0000,0.001000
sift1m,50000,128,37,10,0.100000,fixed,64,64,10,1.000000,2.916,0.074,2.711,0.020,0.013,64,2374,235,bernoulli,8.0000,0.001000
sift1m,50000,128,37,10,0.500000,fixed,8,8,10,1.000000,0.713,0.185,0.496,0.009,0.003,8,268,132,bernoulli,8.0000,0.001000
sift1m,50000,128,37,10,0.500000,fixed,16,16,10,1.000000,0.728,0.073,0.610,0.014,0.003,16,574,286,bernoulli,8.0000,0.001000
sift1m,50000,128,37,10,0.500000,fixed,32,32,10,1.000000,1.371,0.067,1.215,0.028,0.006,32,1148,567,bernoulli,8.0000,0.001000
sift1m,50000,128,37,10,0.500000,fixed,64,64,10,1.000000,2.960,0.087,2.686,0.059,0.008,64,2374,1168,bernoulli,8.0000,0.001000
sift1m,50000,128,37,10,1.000000,fixed,8,8,10,1.000000,0.614,0.190,0.393,0.011,0.004,8,268,268,bernoulli,8.0000,0.001000
sift1m,50000,128,37,10,1.000000,fixed,16,16,10,1.000000,0.854,0.084,0.713,0.021,0.005,16,574,574,bernoulli,8.0000,0.001000
sift1m,50000,128,37,10,1.000000,fixed,32,32,10,1.000000,1.675,0.146,1.413,0.044,0.007,32,1148,1148,bernoulli,8.0000,0.001000
sift1m,50000,128,37,10,1.000000,fixed,64,64,10,1.000000,3.402,0.130,3.018,0.091,0.009,64,2374,2374,bernoulli,8.0000,0.001000
sift1m,50000,128,38,10,0.001000,fixed,8,8,0,0.000000,0.569,0.215,0.343,0.002,0.001,8,281,0,bernoulli,8.0000,0.001000
sift1m,50000,128,38,10,0.001000,fixed,16,16,0,0.000000,0.651,0.090,0.542,0.004,0.001,16,497,0,bernoulli,8.0000,0.001000
sift1m,50000,128,38,10,0.001000,fixed,32,32,1,0.100000,1.270,0.081,1.151,0.007,0.002,32,1049,1,bernoulli,8.0000,0.001000
sift1m,50000,128,38,10,0.001000,fixed,64,64,1,0.100000,2.843,0.097,2.663,0.017,0.004,64,2086,1,bernoulli,8.0000,0.001000
sift1m,50000,128,38,10,0.010000,fixed,8,8,1,0.100000,0.598,0.205,0.382,0.003,0.001,8,281,1,bernoulli,8.0000,0.001000
sift1m,50000,128,38,10,0.010000,fixed,16,16,4,0.300000,0.631,0.090,0.522,0.004,0.001,16,497,4,bernoulli,8.0000,0.001000
sift1m,50000,128,38,10,0.010000,fixed,32,32,8,0.400000,1.215,0.082,1.093,0.009,0.002,32,1049,9,bernoulli,8.0000,0.001000
sift1m,50000,128,38,10,0.010000,fixed,64,64,10,0.600000,2.395,0.095,2.218,0.019,0.003,64,2086,18,bernoulli,8.0000,0.001000
sift1m,50000,128,38,10,0.050000,fixed,8,8,7,0.200000,0.443,0.091,0.335,0.004,0.002,8,281,7,bernoulli,8.0000,0.001000
sift1m,50000,128,38,10,0.050000,fixed,16,16,10,0.400000,0.598,0.064,0.508,0.007,0.002,16,497,18,bernoulli,8.0000,0.001000
sift1m,50000,128,38,10,0.050000,fixed,32,32,10,0.800000,1.443,0.067,1.306,0.016,0.007,32,1049,43,bernoulli,8.0000,0.001000
sift1m,50000,128,38,10,0.050000,fixed,64,64,10,0.900000,2.852,0.204,2.521,0.032,0.010,64,2086,97,bernoulli,8.0000,0.001000
sift1m,50000,128,38,10,0.100000,fixed,8,8,10,0.700000,0.616,0.205,0.391,0.003,0.003,8,281,31,bernoulli,8.0000,0.001000
sift1m,50000,128,38,10,0.100000,fixed,16,16,10,0.800000,0.683,0.099,0.555,0.005,0.003,16,497,55,bernoulli,8.0000,0.001000
sift1m,50000,128,38,10,0.100000,fixed,32,32,10,0.800000,1.310,0.092,1.162,0.009,0.005,32,1049,105,bernoulli,8.0000,0.001000
sift1m,50000,128,38,10,0.100000,fixed,64,64,10,1.000000,2.620,0.117,2.389,0.018,0.008,64,2086,205,bernoulli,8.0000,0.001000
sift1m,50000,128,38,10,0.500000,fixed,8,8,10,1.000000,0.641,0.216,0.398,0.009,0.002,8,281,161,bernoulli,8.0000,0.001000
sift1m,50000,128,38,10,0.500000,fixed,16,16,10,1.000000,0.664,0.087,0.534,0.013,0.003,16,497,262,bernoulli,8.0000,0.001000
sift1m,50000,128,38,10,0.500000,fixed,32,32,10,1.000000,1.298,0.083,1.129,0.028,0.004,32,1049,543,bernoulli,8.0000,0.001000
sift1m,50000,128,38,10,0.500000,fixed,64,64,10,1.000000,2.497,0.100,2.228,0.055,0.006,64,2086,1038,bernoulli,8.0000,0.001000
sift1m,50000,128,38,10,1.000000,fixed,8,8,10,1.000000,0.682,0.237,0.412,0.012,0.003,8,281,281,bernoulli,8.0000,0.001000
sift1m,50000,128,38,10,1.000000,fixed,16,16,10,1.000000,0.666,0.089,0.534,0.018,0.003,16,497,497,bernoulli,8.0000,0.001000
sift1m,50000,128,38,10,1.000000,fixed,32,32,10,1.000000,1.280,0.078,1.117,0.038,0.004,32,1049,1049,bernoulli,8.0000,0.001000
sift1m,50000,128,38,10,1.000000,fixed,64,64,10,1.000000,2.548,0.092,2.286,0.077,0.007,64,2086,2086,bernoulli,8.0000,0.001000
sift1m,50000,128,39,10,0.001000,fixed,8,8,0,0.000000,0.476,0.113,0.351,0.002,0.001,8,309,0,bernoulli,8.0000,0.001000
sift1m,50000,128,39,10,0.001000,fixed,16,16,1,0.100000,0.867,0.064,0.776,0.005,0.003,16,591,1,bernoulli,8.0000,0.001000
sift1m,50000,128,39,10,0.001000,fixed,32,32,2,0.200000,1.607,0.139,1.422,0.010,0.003,32,1126,2,bernoulli,8.0000,0.001000
sift1m,50000,128,39,10,0.001000,fixed,64,64,2,0.200000,2.673,0.153,2.436,0.017,0.003,64,2184,3,bernoulli,8.0000,0.001000
sift1m,50000,128,39,10,0.010000,fixed,8,8,4,0.300000,0.425,0.086,0.325,0.003,0.001,8,309,4,bernoulli,8.0000,0.001000
sift1m,50000,128,39,10,0.010000,fixed,16,16,6,0.400000,0.711,0.062,0.625,0.006,0.001,16,591,6,bernoulli,8.0000,0.001000
sift1m,50000,128,39,10,0.010000,fixed,32,32,8,0.500000,1.276,0.060,1.171,0.010,0.002,32,1126,8,bernoulli,8.0000,0.001000
sift1m,50000,128,39,10,0.010000,fixed,64,64,10,0.800000,2.416,0.075,2.253,0.021,0.003,64,2184,17,bernoulli,8.0000,0.001000
sift1m,50000,128,39,10,0.050000,fixed,8,8,9,0.300000,0.525,0.126,0.381,0.004,0.002,8,309,12,bernoulli,8.0000,0.001000
sift1m,50000,128,39,10,0.050000,fixed,16,16,10,0.800000,0.732,0.067,0.633,0.008,0.003,16,591,32,bernoulli,8.0000,0.001000
sift1m,50000,128,39,10,0.050000,fixed,32,32,10,0.900000,1.279,0.061,1.159,0.016,0.004,32,1126,61,bernoulli,8.0000,0.001000
sift1m,50000,128,39,10,0.050000,fixed,64,64,10,1.000000,2.379,0.071,2.195,0.029,0.007,64,2184,107,bernoulli,8.0000,0.001000
sift1m,50000,128,39,10,0.100000,fixed,8,8,10,0.500000,0.648,0.176,0.450,0.004,0.003,8,309,35,bernoulli,8.0000,0.001000
sift1m,50000,128,39,10,0.100000,fixed,16,16,10,0.900000,0.787,0.076,0.678,0.006,0.003,16,591,74,bernoulli,8.0000,0.001000
sift1m,50000,128,39,10,0.100000,fixed,32,32,10,1.000000,1.611,0.067,1.468,0.011,0.008,32,1126,139,bernoulli,8.0000,0.001000
sift1m,50000,128,39,10,0.100000,fixed,64,64,10,1.000000,3.096,0.161,2.779,0.021,0.012,64,2184,268,bernoulli,8.0000,0.001000
sift1m,50000,128,39,10,0.500000,fixed,8,8,10,0.800000,0.691,0.175,0.480,0.009,0.004,8,309,156,bernoulli,8.0000,0.001000
sift1m,50000,128,39,10,0.500000,fixed,16,16,10,0.900000,0.868,0.086,0.727,0.016,0.003,16,591,299,bernoulli,8.0000,0.001000
sift1m,50000,128,39,10,0.500000,fixed,32,32,10,1.000000,1.735,0.087,1.531,0.032,0.007,32,1126,565,bernoulli,8.0000,0.001000
sift1m,50000,128,39,10,0.500000,fixed,64,64,10,1.000000,4.006,0.171,3.516,0.065,0.011,64,2184,1079,bernoulli,8.0000,0.001000
sift1m,50000,128,39,10,1.000000,fixed,8,8,10,1.000000,0.617,0.165,0.422,0.012,0.003,8,309,309,bernoulli,8.0000,0.001000
sift1m,50000,128,39,10,1.000000,fixed,16,16,10,1.000000,0.764,0.064,0.651,0.021,0.003,16,591,591,bernoulli,8.0000,0.001000
sift1m,50000,128,39,10,1.000000,fixed,32,32,10,1.000000,1.689,0.064,1.498,0.045,0.007,32,1126,1126,bernoulli,8.0000,0.001000
sift1m,50000,128,39,10,1.000000,fixed,64,64,10,1.000000,2.662,0.151,2.312,0.083,0.007,64,2184,2184,bernoulli,8.0000,0.001000
sift1m,50000,128,40,10,0.001000,fixed,8,8,0,0.000000,0.518,0.202,0.304,0.002,0.001,8,251,0,bernoulli,8.0000,0.001000
sift1m,50000,128,40,10,0.001000,fixed,16,16,1,0.100000,0.717,0.083,0.611,0.004,0.001,16,541,1,bernoulli,8.0000,0.001000
sift1m,50000,128,40,10,0.001000,fixed,32,32,1,0.100000,1.349,0.087,1.215,0.007,0.001,32,1087,1,bernoulli,8.0000,0.001000
sift1m,50000,128,40,10,0.001000,fixed,64,64,1,0.100000,2.520,0.105,2.325,0.014,0.002,64,2117,1,bernoulli,8.0000,0.001000
sift1m,50000,128,40,10,0.010000,fixed,8,8,3,0.200000,0.466,0.139,0.315,0.003,0.001,8,251,3,bernoulli,8.0000,0.001000
sift1m,50000,128,40,10,0.010000,fixed,16,16,6,0.500000,0.706,0.075,0.608,0.005,0.001,16,541,6,bernoulli,8.0000,0.001000
sift1m,50000,128,40,10,0.010000,fixed,32,32,10,0.600000,1.379,0.076,1.256,0.011,0.003,32,1087,11,bernoulli,8.0000,0.001000
sift1m,50000,128,40,10,0.010000,fixed,64,64,10,0.800000,2.577,0.129,2.362,0.019,0.004,64,2117,22,bernoulli,8.0000,0.001000
sift1m,50000,128,40,10,0.050000,fixed,8,8,8,0.400000,0.581,0.215,0.351,0.004,0.002,8,251,8,bernoulli,8.0000,0.001000
sift1m,50000,128,40,10,0.050000,fixed,16,16,10,0.700000,0.756,0.095,0.631,0.007,0.003,16,541,23,bernoulli,8.0000,0.001000
sift1m,50000,128,40,10,0.050000,fixed,32,32,10,0.900000,1.445,0.089,1.296,0.015,0.004,32,1087,47,bernoulli,8.0000,0.001000
sift1m,50000,128,40,10,0.050000,fixed,64,64,10,0.900000,2.523,0.113,2.301,0.029,0.006,64,2117,86,bernoulli,8.0000,0.001000
sift1m,50000,128,40,10,0.100000,fixed,8,8,10,0.400000,0.623,0.184,0.416,0.003,0.006,8,251,23,bernoulli,8.0000,0.001000
sift1m,50000,128,40,10,0.100000,fixed,16,16,10,0.600000,0.830,0.103,0.691,0.006,0.005,16,541,53,bernoulli,8.0000,0.001000
sift1m,50000,128,40,10,0.100000,fixed,32,32,10,0.800000,1.282,0.089,1.138,0.009,0.005,32,1087,102,bernoulli,8.0000,0.001000
sift1m,50000,128,40,10,0.100000,fixed,64,64,10,1.000000,2.397,0.093,2.200,0.017,0.007,64,2117,210,bernoulli,8.0000,0.001000
sift1m,50000,128,40,10,0.500000,fixed,8,8,10,1.000000,0.863,0.234,0.596,0.009,0.004,8,251,128,bernoulli,8.0000,0.001000
sift1m,50000,128,40,10,0.500000,fixed,16,16,10,1.000000,0.821,0.128,0.646,0.015,0.002,16,541,273,bernoulli,8.0000,0.001000
sift1m,50000,128,40,10,0.500000,fixed,32,32,10,1.000000,1.397,0.100,1.206,0.030,0.004,32,1087,565,bernoulli,8.0000,0.001000
sift1m,50000,128,40,10,0.500000,fixed,64,64,10,1.000000,2.586,0.110,2.300,0.056,0.006,64,2117,1075,bernoulli,8.0000,0.001000
sift1m,50000,128,40,10,1.000000,fixed,8,8,10,1.000000,0.701,0.292,0.380,0.010,0.003,8,251,251,bernoulli,8.0000,0.001000
sift1m,50000,128,40,10,1.000000,fixed,16,16,10,1.000000,0.994,0.090,0.847,0.022,0.003,16,541,541,bernoulli,8.0000,0.001000
sift1m,50000,128,40,10,1.000000,fixed,32,32,10,1.000000,1.377,0.101,1.187,0.040,0.004,32,1087,1087,bernoulli,8.0000,0.001000
sift1m,50000,128,40,10,1.000000,fixed,64,64,10,1.000000,2.484,0.096,2.222,0.077,0.006,64,2117,2117,bernoulli,8.0000,0.001000
sift1m,50000,128,41,10,0.001000,fixed,8,8,0,0.000000,0.425,0.150,0.263,0.002,0.001,8,239,0,bernoulli,8.0000,0.001000
sift1m,50000,128,41,10,0.001000,fixed,16,16,0,0.000000,0.590,0.069,0.502,0.004,0.001,16,480,0,bernoulli,8.0000,0.001000
sift1m,50000,128,41,10,0.001000,fixed,32,32,1,0.100000,1.151,0.070,1.042,0.007,0.002,32,994,2,bernoulli,8.0000,0.001000
sift1m,50000,128,41,10,0.001000,fixed,64,64,3,0.300000,2.395,0.086,2.229,0.016,0.004,64,2078,4,bernoulli,8.0000,0.001000
sift1m,50000,128,41,10,0.010000,fixed,8,8,0,0.000000,0.393,0.122,0.258,0.003,0.001,8,239,0,bernoulli,8.0000,0.001000
sift1m,50000,128,41,10,0.010000,fixed,16,16,1,0.000000,0.545,0.066,0.460,0.004,0.001,16,480,1,bernoulli,8.0000,0.001000
sift1m,50000,128,41,10,0.010000,fixed,32,32,4,0.300000,1.025,0.060,0.926,0.009,0.002,32,994,7,bernoulli,8.0000,0.001000
sift1m,50000,128,41,10,0.010000,fixed,64,64,10,0.600000,2.177,0.070,2.027,0.018,0.003,64,2078,15,bernoulli,8.0000,0.001000
sift1m,50000,128,41,10,0.050000,fixed,8,8,10,0.700000,0.338,0.072,0.249,0.004,0.002,8,239,14,bernoulli,8.0000,0.001000
sift1m,50000,128,41,10,0.050000,fixed,16,16,10,0.900000,0.545,0.051,0.464,0.007,0.003,16,480,29,bernoulli,8.0000,0.001000
sift1m,50000,128,41,10,0.050000,fixed,32,32,10,1.000000,1.047,0.053,0.939,0.014,0.004,32,994,56,bernoulli,8.0000,0.001000
sift1m,50000,128,41,10,0.050000,fixed,64,64,10,1.000000,2.620,0.065,2.429,0.032,0.013,64,2078,105,bernoulli,8.0000,0.001000
sift1m,50000,128,41,10,0.100000,fixed,8,8,10,0.700000,0.548,0.132,0.394,0.003,0.003,8,239,22,bernoulli,8.0000,0.001000
sift1m,50000,128,41,10,0.100000,fixed,16,16,10,0.900000,0.651,0.088,0.536,0.004,0.003,16,480,45,bernoulli,8.0000,0.001000
sift1m,50000,128,41,10,0.100000,fixed,32,32,10,1.000000,1.253,0.085,1.110,0.008,0.005,32,994,94,bernoulli,8.0000,0.001000
sift1m,50000,128,41,10,0.100000,fixed,64,64,10,1.000000,2.541,0.114,2.306,0.016,0.008,64,2078,188,bernoulli,8.0000,0.001000
sift1m,50000,128,41,10,0.500000,fixed,8,8,10,0.800000,0.556,0.157,0.371,0.007,0.002,8,239,103,bernoulli,8.0000,0.001000
sift1m,50000,128,41,10,0.500000,fixed,16,16,10,0.800000,0.559,0.057,0.463,0.012,0.002,16,480,218,bernoulli,8.0000,0.001000
sift1m,50000,128,41,10,0.500000,fixed,32,32,10,1.000000,1.066,0.050,0.939,0.025,0.004,32,994,483,bernoulli,8.0000,0.001000
sift1m,50000,128,41,10,0.500000,fixed,64,64,10,1.000000,2.238,0.066,2.013,0.052,0.006,64,2078,1035,bernoulli,8.0000,0.001000
sift1m,50000,128,41,10,1.000000,fixed,8,8,10,0.800000,0.490,0.157,0.305,0.010,0.002,8,239,239,bernoulli,8.0000,0.001000
sift1m,50000,128,41,10,1.000000,fixed,16,16,10,0.800000,0.619,0.066,0.509,0.018,0.003,16,480,480,bernoulli,8.0000,0.001000
sift1m,50000,128,41,10,1.000000,fixed,32,32,10,1.000000,1.196,0.065,1.040,0.038,0.004,32,994,994,bernoulli,8.0000,0.001000
sift1m,50000,128,41,10,1.000000,fixed,64,64,10,1.000000,2.504,0.086,2.228,0.079,0.009,64,2078,2078,bernoulli,8.0000,0.001000
sift1m,50000,128,42,10,0.001000,fixed,8,8,0,0.000000,0.616,0.209,0.393,0.002,0.001,8,309,0,bernoulli,8.0000,0.001000
sift1m,50000,128,42,10,0.001000,fixed,16,16,0,0.000000,0.809,0.096,0.690,0.004,0.002,16,547,0,bernoulli,8.0000,0.001000
sift1m,50000,128,42,10,0.001000,fixed,32,32,1,0.100000,1.299,0.144,1.116,0.008,0.002,32,1095,1,bernoulli,8.0000,0.001000
sift1m,50000,128,42,10,0.001000,fixed,64,64,4,0.300000,2.577,0.108,2.388,0.016,0.003,64,2209,4,bernoulli,8.0000,0.001000
sift1m,50000,128,42,10,0.010000,fixed,8,8,3,0.200000,0.516,0.136,0.367,0.003,0.001,8,309,3,bernoulli,8.0000,0.001000
sift1m,50000,128,42,10,0.010000,fixed,16,16,7,0.400000,0.764,0.087,0.653,0.005,0.002,16,547,7,bernoulli,8.0000,0.001000
sift1m,50000,128,42,10,0.010000,fixed,32,32,10,0.500000,1.456,0.101,1.299,0.011,0.004,32,1095,14,bernoulli,8.0000,0.001000
sift1m,50000,128,42,10,0.010000,fixed,64,64,10,0.600000,2.714,0.169,2.453,0.020,0.005,64,2209,18,bernoulli,8.0000,0.001000
sift1m,50000,128,42,10,0.050000,fixed,8,8,10,0.200000,0.587,0.210,0.359,0.004,0.002,8,309,13,bernoulli,8.0000,0.001000
sift1m,50000,128,42,10,0.050000,fixed,16,16,10,0.400000,0.690,0.079,0.582,0.008,0.002,16,547,27,bernoulli,8.0000,0.001000
sift1m,50000,128,42,10,0.050000,fixed,32,32,10,0.600000,1.261,0.082,1.122,0.015,0.004,32,1095,64,bernoulli,8.0000,0.001000
sift1m,50000,128,42,10,0.050000,fixed,64,64,10,0.800000,2.903,0.087,2.674,0.041,0.007,64,2209,124,bernoulli,8.0000,0.001000
sift1m,50000,128,42,10,0.100000,fixed,8,8,10,0.100000,0.466,0.100,0.350,0.002,0.002,8,309,21,bernoulli,8.0000,0.001000
sift1m,50000,128,42,10,0.100000,fixed,16,16,10,0.300000,0.679,0.067,0.584,0.004,0.003,16,547,41,bernoulli,8.0000,0.001000
sift1m,50000,128,42,10,0.100000,fixed,32,32,10,0.600000,1.319,0.100,1.165,0.008,0.004,32,1095,91,bernoulli,8.0000,0.001000
sift1m,50000,128,42,10,0.100000,fixed,64,64,10,0.900000,2.457,0.111,2.242,0.016,0.007,64,2209,197,bernoulli,8.0000,0.001000
sift1m,50000,128,42,10,0.500000,fixed,8,8,10,0.800000,0.613,0.167,0.417,0.009,0.003,8,309,169,bernoulli,8.0000,0.001000
sift1m,50000,128,42,10,0.500000,fixed,16,16,10,0.800000,0.696,0.069,0.585,0.013,0.003,16,547,275,bernoulli,8.0000,0.001000
sift1m,50000,128,42,10,0.500000,fixed,32,32,10,1.000000,1.281,0.068,1.128,0.027,0.004,32,1095,556,bernoulli,8.0000,0.001000
sift1m,50000,128,42,10,0.500000,fixed,64,64,10,1.000000,2.500,0.084,2.245,0.056,0.006,64,2209,1143,bernoulli,8.0000,0.001000
sift1m,50000,128,42,10,1.000000,fixed,8,8,10,0.900000,0.739,0.251,0.454,0.013,0.003,8,309,309,bernoulli,8.0000,0.001000
sift1m,50000,128,42,10,1.000000,fixed,16,16,10,0.900000,0.795,0.149,0.601,0.021,0.003,16,547,547,bernoulli,8.0000,0.001000
sift1m,50000,128,42,10,1.000000,fixed,32,32,10,1.000000,1.329,0.092,1.149,0.041,0.004,32,1095,1095,bernoulli,8.0000,0.001000
sift1m,50000,128,42,10,1.000000,fixed,64,64,10,1.000000,2.508,0.098,2.244,0.078,0.006,64,2209,2209,bernoulli,8.0000,0.001000
sift1m,50000,128,43,10,0.001000,fixed,8,8,2,0.200000,0.454,0.173,0.271,0.002,0.001,8,252,3,bernoulli,8.0000,0.001000
sift1m,50000,128,43,10,0.001000,fixed,16,16,3,0.300000,0.629,0.081,0.530,0.004,0.001,16,502,4,bernoulli,8.0000,0.001000
sift1m,50000,128,43,10,0.001000,fixed,32,32,3,0.300000,1.148,0.077,1.036,0.007,0.001,32,1030,5,bernoulli,8.0000,0.001000
sift1m,50000,128,43,10,0.001000,fixed,64,64,3,0.300000,2.793,0.090,2.602,0.033,0.009,64,2239,6,bernoulli,8.0000,0.001000
sift1m,50000,128,43,10,0.010000,fixed,8,8,3,0.200000,0.369,0.092,0.264,0.003,0.001,8,252,3,bernoulli,8.0000,0.001000
sift1m,50000,128,43,10,0.010000,fixed,16,16,4,0.200000,0.595,0.077,0.498,0.005,0.001,16,502,4,bernoulli,8.0000,0.001000
sift1m,50000,128,43,10,0.010000,fixed,32,32,7,0.400000,1.112,0.077,0.996,0.009,0.002,32,1030,7,bernoulli,8.0000,0.001000
sift1m,50000,128,43,10,0.010000,fixed,64,64,10,0.700000,2.421,0.087,2.250,0.019,0.003,64,2239,16,bernoulli,8.0000,0.001000
sift1m,50000,128,43,10,0.050000,fixed,8,8,8,0.200000,0.370,0.084,0.272,0.003,0.001,8,252,8,bernoulli,8.0000,0.001000
sift1m,50000,128,43,10,0.050000,fixed,16,16,10,0.200000,0.624,0.071,0.527,0.007,0.002,16,502,23,bernoulli,8.0000,0.001000
sift1m,50000,128,43,10,0.050000,fixed,32,32,10,0.500000,1.404,0.071,1.267,0.016,0.007,32,1030,50,bernoulli,8.0000,0.001000
sift1m,50000,128,43,10,0.050000,fixed,64,64,10,0.900000,3.316,0.231,2.935,0.039,0.009,64,2239,103,bernoulli,8.0000,0.001000
sift1m,50000,128,43,10,0.100000,fixed,8,8,10,0.300000,0.458,0.134,0.307,0.002,0.002,8,252,23,bernoulli,8.0000,0.001000
sift1m,50000,128,43,10,0.100000,fixed,16,16,10,0.500000,0.614,0.074,0.513,0.004,0.002,16,502,48,bernoulli,8.0000,0.001000
sift1m,50000,128,43,10,0.100000,fixed,32,32,10,0.800000,1.145,0.070,1.023,0.008,0.005,32,1030,94,bernoulli,8.0000,0.001000
sift1m,50000,128,43,10,0.100000,fixed,64,64,10,0.900000,2.697,0.084,2.490,0.017,0.015,64,2239,197,bernoulli,8.0000,0.001000
sift1m,50000,128,43,10,0.500000,fixed,8,8,10,0.700000,0.584,0.219,0.339,0.008,0.003,8,252,140,bernoulli,8.0000,0.001000
sift1m,50000,128,43,10,0.500000,fixed,16,16,10,0.900000,0.680,0.083,0.556,0.013,0.002,16,502,257,bernoulli,8.0000,0.001000
sift1m,50000,128,43,10,0.500000,fixed,32,32,10,1.000000,1.262,0.083,1.097,0.026,0.004,32,1030,488,bernoulli,8.0000,0.001000
sift1m,50000,128,43,10,0.500000,fixed,64,64,10,1.000000,2.606,0.097,2.335,0.056,0.006,64,2239,1084,bernoulli,8.0000,0.001000
sift1m,50000,128,43,10,1.000000,fixed,8,8,10,0.900000,0.599,0.220,0.354,0.010,0.002,8,252,252,bernoulli,8.0000,0.001000
sift1m,50000,128,43,10,1.000000,fixed,16,16,10,1.000000,0.681,0.084,0.556,0.017,0.003,16,502,502,bernoulli,8.0000,0.001000
sift1m,50000,128,43,10,1.000000,fixed,32,32,10,1.000000,1.245,0.080,1.083,0.036,0.004,32,1030,1030,bernoulli,8.0000,0.001000
sift1m,50000,128,43,10,1.000000,fixed,64,64,10,1.000000,2.632,0.095,2.367,0.079,0.006,64,2239,2239,bernoulli,8.0000,0.001000
sift1m,50000,128,44,10,0.001000,fixed,8,8,1,0.100000,0.452,0.168,0.273,0.002,0.001,8,259,1,bernoulli,8.0000,0.001000
sift1m,50000,128,44,10,0.001000,fixed,16,16,1,0.100000,0.839,0.073,0.744,0.005,0.001,16,534,1,bernoulli,8.0000,0.001000
sift1m,50000,128,44,10,0.001000,fixed,32,32,1,0.100000,1.214,0.083,1.093,0.007,0.001,32,1057,1,bernoulli,8.0000,0.001000
sift1m,50000,128,44,10,0.001000,fixed,64,64,1,0.100000,2.481,0.086,2.318,0.015,0.002,64,2173,1,bernoulli,8.0000,0.001000
sift1m,50000,128,44,10,0.010000,fixed,8,8,1,0.100000,0.366,0.093,0.262,0.003,0.001,8,259,1,bernoulli,8.0000,0.001000
sift1m,50000,128,44,10,0.010000,fixed,16,16,4,0.300000,0.624,0.072,0.531,0.005,0.001,16,534,4,bernoulli,8.0000,0.001000
sift1m,50000,128,44,10,0.010000,fixed,32,32,9,0.600000,1.154,0.069,1.043,0.009,0.002,32,1057,13,bernoulli,8.0000,0.001000
sift1m,50000,128,44,10,0.010000,fixed,64,64,10,0.800000,2.409,0.076,2.249,0.019,0.004,64,2173,26,bernoulli,8.0000,0.001000
sift1m,50000,128,44,10,0.050000,fixed,8,8,10,0.400000,0.515,0.183,0.313,0.004,0.002,8,259,13,bernoulli,8.0000,0.001000
sift1m,50000,128,44,10,0.050000,fixed,16,16,10,0.500000,0.758,0.111,0.615,0.007,0.003,16,534,21,bernoulli,8.0000,0.001000
sift1m,50000,128,44,10,0.050000,fixed,32,32,10,0.800000,1.401,0.113,1.225,0.015,0.004,32,1057,43,bernoulli,8.0000,0.001000
sift1m,50000,128,44,10,0.050000,fixed,64,64,10,1.000000,3.102,0.180,2.786,0.032,0.009,64,2173,104,bernoulli,8.0000,0.001000
sift1m,50000,128,44,10,0.100000,fixed,8,8,10,0.500000,0.601,0.192,0.387,0.003,0.003,8,259,30,bernoulli,8.0000,0.001000
sift1m,50000,128,44,10,0.100000,fixed,16,16,10,0.900000,0.914,0.130,0.743,0.006,0.005,16,534,63,bernoulli,8.0000,0.001000
sift1m,50000,128,44,10,0.100000,fixed,32,32,10,1.000000,1.646,0.177,1.386,0.010,0.008,32,1057,106,bernoulli,8.0000,0.001000
sift1m,50000,128,44,10,0.100000,fixed,64,64,10,1.000000,2.699,0.179,2.401,0.018,0.008,64,2173,202,bernoulli,8.0000,0.001000
sift1m,50000,128,44,10,0.500000,fixed,8,8,10,0.700000,0.580,0.184,0.369,0.008,0.003,8,259,130,bernoulli,8.0000,0.001000
sift1m,50000,128,44,10,0.500000,fixed,16,16,10,1.000000,0.725,0.078,0.600,0.015,0.003,16,534,258,bernoulli,8.0000,0.001000
sift1m,50000,128,44,10,0.500000,fixed,32,32,10,1.000000,1.750,0.087,1.545,0.031,0.008,32,1057,506,bernoulli,8.0000,0.001000
sift1m,50000,128,44,10,0.500000,fixed,64,64,10,1.000000,3.408,0.244,2.928,0.062,0.011,64,2173,1058,bernoulli,8.0000,0.001000
sift1m,50000,128,44,10,1.000000,fixed,8,8,10,0.800000,0.605,0.196,0.378,0.011,0.002,8,259,259,bernoulli,8.0000,0.001000
sift1m,50000,128,44,10,1.000000,fixed,16,16,10,1.000000,0.797,0.102,0.639,0.020,0.003,16,534,534,bernoulli,8.0000,0.001000
sift1m,50000,128,44,10,1.000000,fixed,32,32,10,1.000000,1.735,0.162,1.441,0.044,0.007,32,1057,1057,bernoulli,8.0000,0.001000
sift1m,50000,128,44,10,1.000000,fixed,64,64,10,1.000000,3.389,0.201,2.911,0.090,0.010,64,2173,2173,bernoulli,8.0000,0.001000
sift1m,50000,128,45,10,0.001000,fixed,8,8,1,0.100000,0.802,0.218,0.564,0.003,0.002,8,319,1,bernoulli,8.0000,0.001000
sift1m,50000,128,45,10,0.001000,fixed,16,16,2,0.200000,1.007,0.168,0.813,0.004,0.001,16,621,2,bernoulli,8.0000,0.001000
sift1m,50000,128,45,10,0.001000,fixed,32,32,2,0.200000,1.536,0.120,1.367,0.008,0.002,32,1128,2,bernoulli,8.0000,0.001000
sift1m,50000,128,45,10,0.001000,fixed,64,64,2,0.200000,2.871,0.171,2.599,0.017,0.004,64,2142,2,bernoulli,8.0000,0.001000
sift1m,50000,128,45,10,0.010000,fixed,8,8,2,0.000000,0.717,0.220,0.481,0.004,0.002,8,319,2,bernoulli,8.0000,0.001000
sift1m,50000,128,45,10,0.010000,fixed,16,16,4,0.100000,0.943,0.107,0.809,0.006,0.002,16,621,4,bernoulli,8.0000,0.001000
sift1m,50000,128,45,10,0.010000,fixed,32,32,9,0.400000,1.608,0.123,1.433,0.011,0.003,32,1128,10,bernoulli,8.0000,0.001000
sift1m,50000,128,45,10,0.010000,fixed,64,64,10,0.500000,2.908,0.163,2.646,0.022,0.006,64,2142,18,bernoulli,8.0000,0.001000
sift1m,50000,128,45,10,0.050000,fixed,8,8,10,0.500000,0.712,0.211,0.479,0.005,0.003,8,319,18,bernoulli,8.0000,0.001000
sift1m,50000,128,45,10,0.050000,fixed,16,16,10,0.700000,0.876,0.088,0.754,0.010,0.003,16,621,39,bernoulli,8.0000,0.001000
sift1m,50000,128,45,10,0.050000,fixed,32,32,10,0.900000,1.477,0.078,1.331,0.018,0.005,32,1128,70,bernoulli,8.0000,0.001000
sift1m,50000,128,45,10,0.050000,fixed,64,64,10,1.000000,2.931,0.139,2.644,0.035,0.010,64,2142,134,bernoulli,8.0000,0.001000
sift1m,50000,128,45,10,0.100000,fixed,8,8,10,0.600000,0.761,0.229,0.509,0.003,0.003,8,319,39,bernoulli,8.0000,0.001000
sift1m,50000,128,45,10,0.100000,fixed,16,16,10,0.800000,1.307,0.228,1.022,0.007,0.005,16,621,62,bernoulli,8.0000,0.001000
sift1m,50000,128,45,10,0.100000,fixed,32,32,10,1.000000,1.883,0.133,1.668,0.012,0.008,32,1128,126,bernoulli,8.0000,0.001000
sift1m,50000,128,45,10,0.100000,fixed,64,64,10,1.000000,2.816,0.225,2.462,0.019,0.010,64,2142,236,bernoulli,8.0000,0.001000
sift1m,50000,128,45,10,0.500000,fixed,8,8,10,1.000000,0.743,0.190,0.517,0.010,0.005,8,319,161,bernoulli,8.0000,0.001000
sift1m,50000,128,45,10,0.500000,fixed,16,16,10,1.000000,1.113,0.161,0.881,0.018,0.003,16,621,329,bernoulli,8.0000,0.001000
sift1m,50000,128,45,10,0.500000,fixed,32,32,10,1.000000,1.493,0.120,1.275,0.030,0.007,32,1128,582,bernoulli,8.0000,0.001000
sift1m,50000,128,45,10,0.500000,fixed,64,64,10,1.000000,2.416,0.111,2.133,0.057,0.007,64,2142,1110,bernoulli,8.0000,0.001000
sift1m,50000,128,45,10,1.000000,fixed,8,8,10,1.000000,0.692,0.180,0.478,0.013,0.004,8,319,319,bernoulli,8.0000,0.001000
sift1m,50000,128,45,10,1.000000,fixed,16,16,10,1.000000,0.974,0.103,0.810,0.023,0.005,16,621,621,bernoulli,8.0000,0.001000
sift1m,50000,128,45,10,1.000000,fixed,32,32,10,1.000000,1.440,0.154,1.191,0.041,0.005,32,1128,1128,bernoulli,8.0000,0.001000
sift1m,50000,128,45,10,1.000000,fixed,64,64,10,1.000000,2.640,0.112,2.327,0.083,0.009,64,2142,2142,bernoulli,8.0000,0.001000
sift1m,50000,128,46,10,0.001000,fixed,8,8,1,0.100000,0.617,0.175,0.424,0.002,0.002,8,311,1,bernoulli,8.0000,0.001000
sift1m,50000,128,46,10,0.001000,fixed,16,16,1,0.100000,0.799,0.096,0.677,0.004,0.001,16,572,1,bernoulli,8.0000,0.001000
sift1m,50000,128,46,10,0.001000,fixed,32,32,1,0.100000,1.262,0.075,1.140,0.007,0.001,32,1111,1,bernoulli,8.0000,0.001000
sift1m,50000,128,46,10,0.001000,fixed,64,64,1,0.100000,2.594,0.078,2.416,0.016,0.003,64,2264,1,bernoulli,8.0000,0.001000
sift1m,50000,128,46,10,0.010000,fixed,8,8,7,0.400000,0.471,0.099,0.357,0.003,0.001,8,311,7,bernoulli,8.0000,0.001000
sift1m,50000,128,46,10,0.010000,fixed,16,16,10,0.600000,0.722,0.074,0.624,0.006,0.002,16,572,12,bernoulli,8.0000,0.001000
sift1m,50000,128,46,10,0.010000,fixed,32,32,10,0.700000,1.323,0.069,1.208,0.011,0.003,32,1111,19,bernoulli,8.0000,0.001000
sift1m,50000,128,46,10,0.010000,fixed,64,64,10,0.800000,2.676,0.085,2.497,0.022,0.005,64,2264,33,bernoulli,8.0000,0.001000
sift1m,50000,128,46,10,0.050000,fixed,8,8,10,0.400000,0.504,0.115,0.371,0.004,0.002,8,311,14,bernoulli,8.0000,0.001000
sift1m,50000,128,46,10,0.050000,fixed,16,16,10,0.800000,0.709,0.067,0.612,0.008,0.002,16,572,26,bernoulli,8.0000,0.001000
sift1m,50000,128,46,10,0.050000,fixed,32,32,10,1.000000,1.302,0.058,1.185,0.015,0.004,32,1111,47,bernoulli,8.0000,0.001000
sift1m,50000,128,46,10,0.050000,fixed,64,64,10,1.000000,2.740,0.076,2.538,0.031,0.008,64,2264,91,bernoulli,8.0000,0.001000
sift1m,50000,128,46,10,0.100000,fixed,8,8,10,0.300000,0.728,0.169,0.488,0.004,0.003,8,311,15,bernoulli,8.0000,0.001000
sift1m,50000,128,46,10,0.100000,fixed,16,16,10,0.700000,0.841,0.109,0.699,0.004,0.003,16,572,42,bernoulli,8.0000,0.001000
sift1m,50000,128,46,10,0.100000,fixed,32,32,10,1.000000,1.414,0.069,1.282,0.008,0.005,32,1111,85,bernoulli,8.0000,0.001000
sift1m,50000,128,46,10,0.100000,fixed,64,64,10,1.000000,3.017,0.102,2.769,0.019,0.010,64,2264,207,bernoulli,8.0000,0.001000
sift1m,50000,128,46,10,0.500000,fixed,8,8,10,1.000000,0.626,0.169,0.427,0.010,0.003,8,311,165,bernoulli,8.0000,0.001000
sift1m,50000,128,46,10,0.500000,fixed,16,16,10,1.000000,0.728,0.071,0.611,0.015,0.003,16,572,294,bernoulli,8.0000,0.001000
sift1m,50000,128,46,10,0.500000,fixed,32,32,10,1.000000,1.632,0.068,1.459,0.031,0.006,32,1111,535,bernoulli,8.0000,0.001000
sift1m,50000,128,46,10,0.500000,fixed,64,64,10,1.000000,2.641,0.103,2.351,0.060,0.009,64,2264,1133,bernoulli,8.0000,0.001000
sift1m,50000,128,46,10,1.000000,fixed,8,8,10,1.000000,0.657,0.174,0.447,0.013,0.003,8,311,311,bernoulli,8.0000,0.001000
sift1m,50000,128,46,10,1.000000,fixed,16,16,10,1.000000,0.762,0.068,0.644,0.021,0.003,16,572,572,bernoulli,8.0000,0.001000
sift1m,50000,128,46,10,1.000000,fixed,32,32,10,1.000000,1.936,0.067,1.708,0.047,0.014,32,1111,1111,bernoulli,8.0000,0.001000
sift1m,50000,128,46,10,1.000000,fixed,64,64,10,1.000000,3.182,0.191,2.767,0.089,0.009,64,2264,2264,bernoulli,8.0000,0.001000
sift1m,50000,128,47,10,0.001000,fixed,8,8,0,0.000000,0.583,0.211,0.359,0.002,0.001,8,295,0,bernoulli,8.0000,0.001000
sift1m,50000,128,47,10,0.001000,fixed,16,16,0,0.000000,0.801,0.096,0.681,0.004,0.001,16,609,0,bernoulli,8.0000,0.001000
sift1m,50000,128,47,10,0.001000,fixed,32,32,0,0.000000,1.598,0.095,1.455,0.008,0.002,32,1234,0,bernoulli,8.0000,0.001000
sift1m,50000,128,47,10,0.001000,fixed,64,64,0,0.000000,3.090,0.140,2.854,0.018,0.004,64,2478,0,bernoulli,8.0000,0.001000
sift1m,50000,128,47,10,0.010000,fixed,8,8,1,0.000000,0.535,0.177,0.346,0.003,0.001,8,295,1,bernoulli,8.0000,0.001000
sift1m,50000,128,47,10,0.010000,fixed,16,16,2,0.100000,0.795,0.093,0.679,0.005,0.001,16,609,2,bernoulli,8.0000,0.001000
sift1m,50000,128,47,10,0.010000,fixed,32,32,7,0.300000,1.486,0.091,1.347,0.010,0.002,32,1234,8,bernoulli,8.0000,0.001000
sift1m,50000,128,47,10,0.010000,fixed,64,64,10,0.500000,3.168,0.105,2.959,0.023,0.006,64,2478,21,bernoulli,8.0000,0.001000
sift1m,50000,128,47,10,0.050000,fixed,8,8,10,0.300000,0.682,0.193,0.456,0.006,0.013,8,295,11,bernoulli,8.0000,0.001000
sift1m,50000,128,47,10,0.050000,fixed,16,16,10,0.600000,0.966,0.179,0.751,0.009,0.003,16,609,28,bernoulli,8.0000,0.001000
sift1m,50000,128,47,10,0.050000,fixed,32,32,10,0.900000,1.778,0.144,1.558,0.019,0.005,32,1234,64,bernoulli,8.0000,0.001000
sift1m,50000,128,47,10,0.050000,fixed,64,64,10,0.900000,3.332,0.171,3.022,0.037,0.010,64,2478,116,bernoulli,8.0000,0.001000
sift1m,50000,128,47,10,0.100000,fixed,8,8,10,0.800000,0.671,0.230,0.422,0.003,0.002,8,295,33,bernoulli,8.0000,0.001000
sift1m,50000,128,47,10,0.100000,fixed,16,16,10,0.900000,0.843,0.092,0.685,0.007,0.008,16,609,69,bernoulli,8.0000,0.001000
sift1m,50000,128,47,10,0.100000,fixed,32,32,10,1.000000,1.883,0.196,1.609,0.012,0.007,32,1234,137,bernoulli,8.0000,0.001000
sift1m,50000,128,47,10,0.100000,fixed,64,64,10,1.000000,3.067,0.154,2.784,0.021,0.008,64,2478,266,bernoulli,8.0000,0.001000
sift1m,50000,128,47,10,0.500000,fixed,8,8,10,0.800000,0.672,0.223,0.419,0.009,0.003,8,295,159,bernoulli,8.0000,0.001000
sift1m,50000,128,47,10,0.500000,fixed,16,16,10,0.900000,0.843,0.094,0.699,0.016,0.002,16,609,316,bernoulli,8.0000,0.001000
sift1m,50000,128,47,10,0.500000,fixed,32,32,10,0.900000,1.877,0.094,1.664,0.035,0.005,32,1234,620,bernoulli,8.0000,0.001000
sift1m,50000,128,47,10,0.500000,fixed,64,64,10,1.000000,3.111,0.134,2.771,0.066,0.007,64,2478,1233,bernoulli,8.0000,0.001000
sift1m,50000,128,47,10,1.000000,fixed,8,8,10,0.600000,0.672,0.225,0.417,0.012,0.002,8,295,295,bernoulli,8.0000,0.001000
sift1m,50000,128,47,10,1.000000,fixed,16,16,10,0.800000,0.941,0.103,0.779,0.022,0.005,16,609,609,bernoulli,8.0000,0.001000
sift1m,50000,128,47,10,1.000000,fixed,32,32,10,0.900000,2.148,0.192,1.810,0.046,0.006,32,1234,1234,bernoulli,8.0000,0.001000
sift1m,50000,128,47,10,1.000000,fixed,64,64,10,1.000000,3.657,0.220,3.182,0.096,0.008,64,2478,2478,bernoulli,8.0000,0.001000
sift1m,50000,128,48,10,0.001000,fixed,8,8,0,0.000000,0.507,0.212,0.282,0.002,0.001,8,239,0,bernoulli,8.0000,0.001000
sift1m,50000,128,48,10,0.001000,fixed,16,16,0,0.000000,0.705,0.087,0.592,0.004,0.001,16,547,0,bernoulli,8.0000,0.001000
sift1m,50000,128,48,10,0.001000,fixed,32,32,0,0.000000,1.248,0.083,1.116,0.007,0.001,32,1064,0,bernoulli,8.0000,0.001000
sift1m,50000,128,48,10,0.001000,fixed,64,64,0,0.000000,2.786,0.096,2.572,0.017,0.003,64,2125,0,bernoulli,8.0000,0.001000
sift1m,50000,128,48,10,0.010000,fixed,8,8,3,0.300000,0.492,0.175,0.304,0.003,0.001,8,239,3,bernoulli,8.0000,0.001000
sift1m,50000,128,48,10,0.010000,fixed,16,16,5,0.400000,0.791,0.094,0.671,0.006,0.002,16,547,5,bernoulli,8.0000,0.001000
sift1m,50000,128,48,10,0.010000,fixed,32,32,10,0.600000,1.542,0.121,1.340,0.012,0.005,32,1064,14,bernoulli,8.0000,0.001000
sift1m,50000,128,48,10,0.010000,fixed,64,64,10,0.700000,2.535,0.177,2.271,0.021,0.005,64,2125,28,bernoulli,8.0000,0.001000
sift1m,50000,128,48,10,0.050000,fixed,8,8,5,0.300000,0.423,0.146,0.264,0.003,0.001,8,239,5,bernoulli,8.0000,0.001000
sift1m,50000,128,48,10,0.050000,fixed,16,16,10,0.700000,0.681,0.081,0.571,0.007,0.002,16,547,22,bernoulli,8.0000,0.001000
sift1m,50000,128,48,10,0.050000,fixed,32,32,10,0.900000,1.281,0.072,1.150,0.015,0.004,32,1064,50,bernoulli,8.0000,0.001000
sift1m,50000,128,48,10,0.050000,fixed,64,64,10,0.900000,2.697,0.121,2.422,0.031,0.006,64,2125,95,bernoulli,8.0000,0.001000
sift1m,50000,128,48,10,0.100000,fixed,8,8,10,0.300000,0.476,0.168,0.293,0.002,0.002,8,239,19,bernoulli,8.0000,0.001000
sift1m,50000,128,48,10,0.100000,fixed,16,16,10,0.300000,0.712,0.084,0.599,0.004,0.002,16,547,52,bernoulli,8.0000,0.001000
sift1m,50000,128,48,10,0.100000,fixed,32,32,10,0.800000,1.251,0.071,1.127,0.009,0.004,32,1064,108,bernoulli,8.0000,0.001000
sift1m,50000,128,48,10,0.100000,fixed,64,64,10,0.900000,2.385,0.091,2.189,0.018,0.007,64,2125,234,bernoulli,8.0000,0.001000
sift1m,50000,128,48,10,0.500000,fixed,8,8,10,0.600000,0.638,0.243,0.366,0.008,0.003,8,239,122,bernoulli,8.0000,0.001000
sift1m,50000,128,48,10,0.500000,fixed,16,16,10,0.800000,0.783,0.108,0.629,0.014,0.002,16,547,262,bernoulli,8.0000,0.001000
sift1m,50000,128,48,10,0.500000,fixed,32,32,10,0.900000,1.304,0.082,1.135,0.027,0.004,32,1064,516,bernoulli,8.0000,0.001000
sift1m,50000,128,48,10,0.500000,fixed,64,64,10,1.000000,2.502,0.094,2.236,0.055,0.007,64,2125,1041,bernoulli,8.0000,0.001000
sift1m,50000,128,48,10,1.000000,fixed,8,8,10,0.500000,0.634,0.231,0.371,0.011,0.003,8,239,239,bernoulli,8.0000,0.001000
sift1m,50000,128,48,10,1.000000,fixed,16,16,10,0.800000,0.819,0.095,0.670,0.021,0.003,16,547,547,bernoulli,8.0000,0.001000
sift1m,50000,128,48,10,1.000000,fixed,32,32,10,0.900000,1.319,0.091,1.142,0.038,0.004,32,1064,1064,bernoulli,8.0000,0.001000
sift1m,50000,128,48,10,1.000000,fixed,64,64,10,1.000000,2.929,0.089,2.620,0.080,0.009,64,2125,2125,bernoulli,8.0000,0.001000
sift1m,50000,128,49,10,0.001000,fixed,8,8,0,0.000000,0.664,0.216,0.434,0.003,0.001,8,320,0,bernoulli,8.0000,0.001000
sift1m,50000,128,49,10,0.001000,fixed,16,16,0,0.000000,0.713,0.083,0.611,0.004,0.001,16,563,0,bernoulli,8.0000,0.001000
sift1m,50000,128,49,10,0.001000,fixed,32,32,0,0.000000,1.589,0.077,1.432,0.025,0.004,32,1174,0,bernoulli,8.0000,0.001000
sift1m,50000,128,49,10,0.001000,fixed,64,64,0,0.000000,2.760,0.195,2.465,0.031,0.004,64,2121,0,bernoulli,8.0000,0.001000
sift1m,50000,128,49,10,0.010000,fixed,8,8,3,0.300000,0.565,0.140,0.408,0.004,0.002,8,320,4,bernoulli,8.0000,0.001000
sift1m,50000,128,49,10,0.010000,fixed,16,16,4,0.400000,0.813,0.098,0.690,0.006,0.001,16,563,5,bernoulli,8.0000,0.001000
sift1m,50000,128,49,10,0.010000,fixed,32,32,10,0.600000,1.492,0.108,1.334,0.012,0.003,32,1174,16,bernoulli,8.0000,0.001000
sift1m,50000,128,49,10,0.010000,fixed,64,64,10,0.600000,2.969,0.135,2.729,0.025,0.006,64,2121,22,bernoulli,8.0000,0.001000
sift1m,50000,128,49,10,0.050000,fixed,8,8,10,0.600000,0.663,0.214,0.425,0.005,0.005,8,320,20,bernoulli,8.0000,0.001000
sift1m,50000,128,49,10,0.050000,fixed,16,16,10,0.800000,0.855,0.098,0.722,0.010,0.004,16,563,34,bernoulli,8.0000,0.001000
sift1m,50000,128,49,10,0.050000,fixed,32,32,10,0.900000,1.416,0.093,1.260,0.017,0.005,32,1174,65,bernoulli,8.0000,0.001000
sift1m,50000,128,49,10,0.050000,fixed,64,64,10,1.000000,2.443,0.126,2.204,0.031,0.008,64,2121,130,bernoulli,8.0000,0.001000
sift1m,50000,128,49,10,0.100000,fixed,8,8,10,0.700000,0.550,0.162,0.371,0.003,0.002,8,320,38,bernoulli,8.0000,0.001000
sift1m,50000,128,49,10,0.100000,fixed,16,16,10,0.900000,0.920,0.079,0.799,0.005,0.006,16,563,56,bernoulli,8.0000,0.001000
sift1m,50000,128,49,10,0.100000,fixed,32,32,10,1.000000,1.660,0.211,1.382,0.011,0.006,32,1174,118,bernoulli,8.0000,0.001000
sift1m,50000,128,49,10,0.100000,fixed,64,64,10,1.000000,2.671,0.099,2.446,0.018,0.011,64,2121,209,bernoulli,8.0000,0.001000
sift1m,50000,128,49,10,0.500000,fixed,8,8,10,1.000000,0.667,0.208,0.430,0.010,0.003,8,320,170,bernoulli,8.0000,0.001000
sift1m,50000,128,49,10,0.500000,fixed,16,16,10,1.000000,0.801,0.088,0.661,0.016,0.006,16,563,295,bernoulli,8.0000,0.001000
sift1m,50000,128,49,10,0.500000,fixed,32,32,10,1.000000,1.822,0.168,1.529,0.034,0.006,32,1174,602,bernoulli,8.0000,0.001000
sift1m,50000,128,49,10,0.500000,fixed,64,64,10,1.000000,2.661,0.103,2.367,0.060,0.009,64,2121,1110,bernoulli,8.0000,0.001000
sift1m,50000,128,49,10,1.000000,fixed,8,8,10,1.000000,0.688,0.218,0.436,0.012,0.004,8,320,320,bernoulli,8.0000,0.001000
sift1m,50000,128,49,10,1.000000,fixed,16,16,10,1.000000,0.737,0.084,0.606,0.020,0.004,16,563,563,bernoulli,8.0000,0.001000
sift1m,50000,128,49,10,1.000000,fixed,32,32,10,1.000000,1.666,0.074,1.469,0.045,0.009,32,1174,1174,bernoulli,8.0000,0.001000
sift1m,50000,128,49,10,1.000000,fixed,64,64,10,1.000000,3.049,0.356,2.481,0.083,0.010,64,2121,2121,bernoulli,8.0000,0.001000
