dataset,n_records,dim,query_id,k,selectivity,strategy,base_nprobe,nprobe_used,returned_count,recall_at_k,latency_ms,t_centers_ms,t_fetch_pl_ms,t_bf_pl_ms,t_merge_ms,centers,candidates_before_filter,candidates_after_filter,filter_shape,max_factor,epsilon
sift1m,10000,128,0,10,0.001000,fixed,8,8,1,0.142857,0.533,0.108,0.411,0.002,0.003,8,280,1,bernoulli,8.0000,0.001000
sift1m,10000,128,0,10,0.001000,fixed,16,16,1,0.142857,0.645,0.059,0.567,0.003,0.001,16,548,1,bernoulli,8.0000,0.001000
sift1m,10000,128,0,10,0.001000,fixed,32,32,1,0.142857,1.271,0.061,1.173,0.006,0.002,32,1078,1,bernoulli,8.0000,0.001000
sift1m,10000,128,0,10,0.001000,fixed,64,64,1,0.142857,2.591,0.074,2.418,0.013,0.004,64,2076,1,bernoulli,8.0000,0.001000
sift1m,10000,128,0,10,0.010000,fixed,8,8,2,0.100000,0.441,0.096,0.327,0.002,0.001,8,280,2,bernoulli,8.0000,0.001000
sift1m,10000,128,0,10,0.010000,fixed,16,16,5,0.300000,0.717,0.063,0.623,0.004,0.002,16,548,5,bernoulli,8.0000,0.001000
sift1m,10000,128,0,10,0.010000,fixed,32,32,8,0.500000,1.307,0.071,1.175,0.009,0.002,32,1078,8,bernoulli,8.0000,0.001000
sift1m,10000,128,0,10,0.010000,fixed,64,64,10,0.700000,2.526,0.081,2.318,0.019,0.004,64,2076,16,bernoulli,8.0000,0.001000
sift1m,10000,128,0,10,0.050000,fixed,8,8,5,0.200000,0.369,0.047,0.308,0.003,0.001,8,280,6,bernoulli,8.0000,0.001000
sift1m,10000,128,0,10,0.050000,fixed,16,16,10,0.600000,0.647,0.038,0.582,0.006,0.003,16,548,23,bernoulli,8.0000,0.001000
sift1m,10000,128,0,10,0.050000,fixed,32,32,10,0.800000,1.246,0.041,1.153,0.012,0.004,32,1078,50,bernoulli,8.0000,0.001000
sift1m,10000,128,0,10,0.050000,fixed,64,64,10,1.000000,2.274,0.055,2.122,0.024,0.007,64,2076,105,bernoulli,8.0000,0.001000
sift1m,10000,128,0,10,0.100000,fixed,8,8,10,0.700000,0.342,0.030,0.295,0.005,0.002,8,280,36,bernoulli,8.0000,0.001000
sift1m,10000,128,0,10,0.100000,fixed,16,16,10,0.700000,0.623,0.030,0.556,0.009,0.009,16,548,58,bernoulli,8.0000,0.001000
sift1m,10000,128,0,10,0.100000,fixed,32,32,10,0.900000,1.195,0.036,1.094,0.025,0.004,32,1078,119,bernoulli,8.0000,0.001000
sift1m,10000,128,0,10,0.100000,fixed,64,64,10,0.900000,2.311,0.050,2.150,0.033,0.007,64,2076,222,bernoulli,8.0000,0.001000
sift1m,10000,128,0,10,0.500000,fixed,8,8,10,0.900000,0.358,0.041,0.294,0.008,0.002,8,280,138,bernoulli,8.0000,0.001000
sift1m,10000,128,0,10,0.500000,fixed,16,16,10,0.900000,0.613,0.034,0.538,0.013,0.002,16,548,268,bernoulli,8.0000,0.001000
sift1m,10000,128,0,10,0.500000,fixed,32,32,10,1.000000,1.167,0.038,1.053,0.024,0.004,32,1078,512,bernoulli,8.0000,0.001000
sift1m,10000,128,0,10,0.500000,fixed,64,64,10,1.000000,2.345,0.053,2.134,0.052,0.007,64,2076,993,bernoulli,8.0000,0.001000
sift1m,10000,128,0,10,1.000000,fixed,8,8,10,0.900000,0.394,0.071,0.301,0.010,0.002,8,280,280,bernoulli,8.0000,0.001000
sift1m,10000,128,0,10,1.000000,fixed,16,16,10,0.900000,0.651,0.053,0.557,0.020,0.002,16,548,548,bernoulli,8.0000,0.001000
sift1m,10000,128,0,10,1.000000,fixed,32,32,10,1.000000,1.192,0.053,1.059,0.039,0.004,32,1078,1078,bernoulli,8.0000,0.001000
sift1m,10000,128,0,10,1.000000,fixed,64,64,10,1.000000,2.460,0.065,2.229,0.078,0.006,64,2076,2076,bernoulli,8.0000,0.001000
sift1m,10000,128,1,10,0.001000,fixed,8,8,0,0.000000,0.355,0.058,0.287,0.002,0.001,8,293,0,bernoulli,8.0000,0.001000
sift1m,10000,128,1,10,0.001000,fixed,16,16,0,0.000000,0.620,0.046,0.555,0.003,0.001,16,561,0,bernoulli,8.0000,0.001000
sift1m,10000,128,1,10,0.001000,fixed,32,32,2,0.222222,1.204,0.044,1.121,0.006,0.002,32,1134,2,bernoulli,8.0000,0.001000
sift1m,10000,128,1,10,0.001000,fixed,64,64,2,0.222222,2.241,0.054,2.118,0.012,0.002,64,2199,3,bernoulli,8.0000,0.001000
sift1m,10000,128,1,10,0.010000,fixed,8,8,3,0.200000,0.326,0.029,0.285,0.002,0.001,8,293,3,bernoulli,8.0000,0.001000
sift1m,10000,128,1,10,0.010000,fixed,16,16,5,0.400000,0.582,0.028,0.532,0.004,0.001,16,561,6,bernoulli,8.0000,0.001000
sift1m,10000,128,1,10,0.010000,fixed,32,32,9,0.600000,1.195,0.033,1.118,0.008,0.002,32,1134,10,bernoulli,8.0000,0.001000
sift1m,10000,128,1,10,0.010000,fixed,64,64,10,0.800000,2.224,0.048,2.092,0.016,0.003,64,2199,20,bernoulli,8.0000,0.001000
sift1m,10000,128,1,10,0.050000,fixed,8,8,10,0.300000,0.360,0.056,0.289,0.003,0.001,8,293,14,bernoulli,8.0000,0.001000
sift1m,10000,128,1,10,0.050000,fixed,16,16,10,0.600000,0.612,0.048,0.540,0.006,0.002,16,561,28,bernoulli,8.0000,0.001000
sift1m,10000,128,1,10,0.050000,fixed,32,32,10,0.900000,1.204,0.050,1.106,0.012,0.003,32,1134,63,bernoulli,8.0000,0.001000
sift1m,10000,128,1,10,0.050000,fixed,64,64,10,1.000000,2.277,0.063,2.122,0.024,0.006,64,2199,120,bernoulli,8.0000,0.001000
sift1m,10000,128,1,10,0.100000,fixed,8,8,10,0.400000,0.339,0.038,0.287,0.004,0.002,8,293,25,bernoulli,8.0000,0.001000
sift1m,10000,128,1,10,0.100000,fixed,16,16,10,0.500000,0.622,0.034,0.557,0.008,0.003,16,561,50,bernoulli,8.0000,0.001000
sift1m,10000,128,1,10,0.100000,fixed,32,32,10,1.000000,1.226,0.036,1.134,0.016,0.004,32,1134,113,bernoulli,8.0000,0.001000
sift1m,10000,128,1,10,0.100000,fixed,64,64,10,1.000000,2.265,0.048,2.112,0.031,0.007,64,2199,205,bernoulli,8.0000,0.001000
sift1m,10000,128,1,10,0.500000,fixed,8,8,10,0.900000,0.482,0.084,0.367,0.009,0.004,8,293,149,bernoulli,8.0000,0.001000
sift1m,10000,128,1,10,0.500000,fixed,16,16,10,1.000000,0.667,0.055,0.569,0.013,0.003,16,561,269,bernoulli,8.0000,0.001000
sift1m,10000,128,1,10,0.500000,fixed,32,32,10,1.000000,1.377,0.051,1.233,0.029,0.013,32,1134,541,bernoulli,8.0000,0.001000
sift1m,10000,128,1,10,0.500000,fixed,64,64,10,1.000000,2.326,0.065,2.103,0.054,0.006,64,2199,1064,bernoulli,8.0000,0.001000
sift1m,10000,128,1,10,1.000000,fixed,8,8,10,0.900000,0.344,0.036,0.285,0.011,0.002,8,293,293,bernoulli,8.0000,0.001000
sift1m,10000,128,1,10,1.000000,fixed,16,16,10,1.000000,0.776,0.032,0.681,0.023,0.005,16,561,561,bernoulli,8.0000,0.001000
sift1m,10000,128,1,10,1.000000,fixed,32,32,10,1.000000,1.625,0.117,1.406,0.045,0.006,32,1134,1134,bernoulli,8.0000,0.001000
sift1m,10000,128,1,10,1.000000,fixed,64,64,10,1.000000,2.708,0.095,2.429,0.085,0.009,64,2199,2199,bernoulli,8.0000,0.001000
sift1m,10000,128,2,10,0.001000,fixed,8,8,0,0.000000,0.418,0.093,0.315,0.002,0.001,8,296,0,bernoulli,8.0000,0.001000
sift1m,10000,128,2,10,0.001000,fixed,16,16,0,0.000000,0.714,0.052,0.643,0.003,0.001,16,573,0,bernoulli,8.0000,0.001000
sift1m,10000,128,2,10,0.001000,fixed,32,32,0,0.000000,1.329,0.058,1.194,0.006,0.002,32,1087,0,bernoulli,8.0000,0.001000
sift1m,10000,128,2,10,0.001000,fixed,64,64,0,0.000000,2.379,0.104,2.203,0.012,0.002,64,2141,0,bernoulli,8.0000,0.001000
sift1m,10000,128,2,10,0.010000,fixed,8,8,3,0.300000,0.395,0.074,0.304,0.002,0.001,8,296,3,bernoulli,8.0000,0.001000
sift1m,10000,128,2,10,0.010000,fixed,16,16,4,0.400000,0.651,0.044,0.577,0.004,0.002,16,573,5,bernoulli,8.0000,0.001000
sift1m,10000,128,2,10,0.010000,fixed,32,32,8,0.800000,1.191,0.048,1.087,0.008,0.003,32,1087,13,bernoulli,8.0000,0.001000
sift1m,10000,128,2,10,0.010000,fixed,64,64,10,1.000000,2.293,0.065,2.121,0.016,0.004,64,2141,27,bernoulli,8.0000,0.001000
sift1m,10000,128,2,10,0.050000,fixed,8,8,10,0.500000,0.347,0.040,0.293,0.003,0.002,8,296,16,bernoulli,8.0000,0.001000
sift1m,10000,128,2,10,0.050000,fixed,16,16,10,0.800000,0.901,0.034,0.830,0.008,0.005,16,573,27,bernoulli,8.0000,0.001000
sift1m,10000,128,2,10,0.050000,fixed,32,32,10,0.900000,1.505,0.117,1.330,0.013,0.005,32,1087,56,bernoulli,8.0000,0.001000
sift1m,10000,128,2,10,0.050000,fixed,64,64,10,1.000000,2.468,0.112,2.258,0.025,0.008,64,2141,104,bernoulli,8.0000,0.001000
sift1m,10000,128,2,10,0.100000,fixed,8,8,10,0.500000,0.437,0.087,0.335,0.004,0.002,8,296,16,bernoulli,8.0000,0.001000
sift1m,10000,128,2,10,0.100000,fixed,16,16,10,0.900000,0.687,0.048,0.610,0.008,0.003,16,573,47,bernoulli,8.0000,0.001000
sift1m,10000,128,2,10,0.100000,fixed,32,32,10,1.000000,1.232,0.046,1.131,0.016,0.004,32,1087,104,bernoulli,8.0000,0.001000
sift1m,10000,128,2,10,0.100000,fixed,64,64,10,1.000000,2.411,0.056,2.244,0.032,0.009,64,2141,198,bernoulli,8.0000,0.001000
sift1m,10000,128,2,10,0.500000,fixed,8,8,10,0.900000,0.403,0.056,0.322,0.008,0.002,8,296,161,bernoulli,8.0000,0.001000
sift1m,10000,128,2,10,0.500000,fixed,16,16,10,1.000000,0.662,0.043,0.578,0.014,0.003,16,573,302,bernoulli,8.0000,0.001000
sift1m,10000,128,2,10,0.500000,fixed,32,32,10,1.000000,1.222,0.045,1.099,0.027,0.004,32,1087,586,bernoulli,8.0000,0.001000
sift1m,10000,128,2,10,0.500000,fixed,64,64,10,1.000000,2.282,0.057,2.073,0.053,0.006,64,2141,1114,bernoulli,8.0000,0.001000
sift1m,10000,128,2,10,1.000000,fixed,8,8,10,0.900000,0.359,0.033,0.303,0.011,0.002,8,296,296,bernoulli,8.0000,0.001000
sift1m,10000,128,2,10,1.000000,fixed,16,16,10,0.900000,0.633,0.032,0.560,0.019,0.003,16,573,573,bernoulli,8.0000,0.001000
sift1m,10000,128,2,10,1.000000,fixed,32,32,10,0.900000,1.184,0.036,1.070,0.038,0.004,32,1087,1087,bernoulli,8.0000,0.001000
sift1m,10000,128,2,10,1.000000,fixed,64,64,10,1.000000,2.323,0.054,2.115,0.077,0.006,64,2141,2141,bernoulli,8.0000,0.001000
sift1m,10000,128,3,10,0.001000,fixed,8,8,0,0.000000,0.368,0.076,0.282,0.001,0.001,8,274,0,bernoulli,8.0000,0.001000
sift1m,10000,128,3,10,0.001000,fixed,16,16,0,0.000000,0.647,0.046,0.583,0.003,0.001,16,540,0,bernoulli,8.0000,0.001000
sift1m,10000,128,3,10,0.001000,fixed,32,32,0,0.000000,1.232,0.053,1.144,0.006,0.001,32,1112,0,bernoulli,8.0000,0.001000
sift1m,10000,128,3,10,0.001000,fixed,64,64,0,0.000000,2.253,0.058,2.115,0.023,0.002,64,2150,0,bernoulli,8.0000,0.001000
sift1m,10000,128,3,10,0.010000,fixed,8,8,1,0.100000,0.320,0.032,0.276,0.002,0.001,8,274,5,bernoulli,8.0000,0.001000
sift1m,10000,128,3,10,0.010000,fixed,16,16,2,0.200000,0.578,0.030,0.526,0.004,0.001,16,540,7,bernoulli,8.0000,0.001000
sift1m,10000,128,3,10,0.010000,fixed,32,32,3,0.300000,1.205,0.036,1.126,0.008,0.002,32,1112,8,bernoulli,8.0000,0.001000
sift1m,10000,128,3,10,0.010000,fixed,64,64,10,0.600000,2.522,0.051,2.368,0.027,0.005,64,2150,17,bernoulli,8.0000,0.001000
sift1m,10000,128,3,10,0.050000,fixed,8,8,10,0.600000,0.340,0.033,0.291,0.004,0.002,8,274,21,bernoulli,8.0000,0.001000
sift1m,10000,128,3,10,0.050000,fixed,16,16,10,0.800000,0.574,0.029,0.520,0.007,0.002,16,540,34,bernoulli,8.0000,0.001000
sift1m,10000,128,3,10,0.050000,fixed,32,32,10,1.000000,1.168,0.036,1.082,0.014,0.004,32,1112,70,bernoulli,8.0000,0.001000
sift1m,10000,128,3,10,0.050000,fixed,64,64,10,1.000000,2.210,0.049,2.065,0.026,0.007,64,2150,127,bernoulli,8.0000,0.001000
sift1m,10000,128,3,10,0.100000,fixed,8,8,10,0.500000,0.350,0.028,0.306,0.005,0.002,8,274,25,bernoulli,8.0000,0.001000
sift1m,10000,128,3,10,0.100000,fixed,16,16,10,0.700000,0.740,0.035,0.672,0.008,0.005,16,540,47,bernoulli,8.0000,0.001000
sift1m,10000,128,3,10,0.100000,fixed,32,32,10,1.000000,1.371,0.065,1.244,0.018,0.005,32,1112,110,bernoulli,8.0000,0.001000
sift1m,10000,128,3,10,0.100000,fixed,64,64,10,1.000000,2.683,0.074,2.479,0.038,0.008,64,2150,207,bernoulli,8.0000,0.001000
sift1m,10000,128,3,10,0.500000,fixed,8,8,10,0.800000,0.368,0.058,0.287,0.007,0.002,8,274,125,bernoulli,8.0000,0.001000
sift1m,10000,128,3,10,0.500000,fixed,16,16,10,1.000000,0.595,0.034,0.522,0.012,0.003,16,540,251,bernoulli,8.0000,0.001000
sift1m,10000,128,3,10,0.500000,fixed,32,32,10,1.000000,1.212,0.038,1.096,0.025,0.005,32,1112,528,bernoulli,8.0000,0.001000
sift1m,10000,128,3,10,0.500000,fixed,64,64,10,1.000000,2.356,0.051,2.147,0.052,0.008,64,2150,1040,bernoulli,8.0000,0.001000
sift1m,10000,128,3,10,1.000000,fixed,8,8,10,0.900000,0.358,0.043,0.291,0.011,0.002,8,274,274,bernoulli,8.0000,0.001000
sift1m,10000,128,3,10,1.000000,fixed,16,16,10,1.000000,0.603,0.030,0.531,0.020,0.003,16,540,540,bernoulli,8.0000,0.001000
sift1m,10000,128,3,10,1.000000,fixed,32,32,10,1.000000,1.207,0.037,1.088,0.040,0.006,32,1112,1112,bernoulli,8.0000,0.001000
sift1m,10000,128,3,10,1.000000,fixed,64,64,10,1.000000,2.715,0.051,2.474,0.084,0.012,64,2150,2150,bernoulli,8.0000,0.001000
sift1m,10000,128,4,10,0.001000,fixed,8,8,1,0.100000,0.371,0.096,0.264,0.002,0.001,8,216,1,bernoulli,8.0000,0.001000
sift1m,10000,128,4,10,0.001000,fixed,16,16,1,0.100000,0.616,0.058,0.537,0.003,0.001,16,482,1,bernoulli,8.0000,0.001000
sift1m,10000,128,4,10,0.001000,fixed,32,32,1,0.100000,1.156,0.063,1.053,0.006,0.002,32,979,1,bernoulli,8.0000,0.001000
sift1m,10000,128,4,10,0.001000,fixed,64,64,2,0.200000,2.192,0.084,2.031,0.012,0.002,64,2036,4,bernoulli,8.0000,0.001000
sift1m,10000,128,4,10,0.010000,fixed,8,8,1,0.100000,0.308,0.067,0.229,0.002,0.001,8,216,1,bernoulli,8.0000,0.001000
sift1m,10000,128,4,10,0.010000,fixed,16,16,2,0.200000,0.530,0.047,0.462,0.004,0.001,16,482,2,bernoulli,8.0000,0.001000
sift1m,10000,128,4,10,0.010000,fixed,32,32,3,0.300000,1.007,0.046,0.921,0.007,0.001,32,979,3,bernoulli,8.0000,0.001000
sift1m,10000,128,4,10,0.010000,fixed,64,64,10,0.800000,2.226,0.056,2.077,0.017,0.004,64,2036,14,bernoulli,8.0000,0.001000
sift1m,10000,128,4,10,0.050000,fixed,8,8,10,0.400000,0.294,0.044,0.237,0.003,0.001,8,216,13,bernoulli,8.0000,0.001000
sift1m,10000,128,4,10,0.050000,fixed,16,16,10,1.000000,0.573,0.040,0.509,0.006,0.002,16,482,34,bernoulli,8.0000,0.001000
sift1m,10000,128,4,10,0.050000,fixed,32,32,10,1.000000,1.122,0.046,1.027,0.012,0.004,32,979,63,bernoulli,8.0000,0.001000
sift1m,10000,128,4,10,0.050000,fixed,64,64,10,1.000000,2.129,0.063,1.975,0.023,0.007,64,2036,114,bernoulli,8.0000,0.001000
sift1m,10000,128,4,10,0.100000,fixed,8,8,10,0.600000,0.272,0.033,0.226,0.003,0.002,8,216,19,bernoulli,8.0000,0.001000
sift1m,10000,128,4,10,0.100000,fixed,16,16,10,0.700000,0.541,0.030,0.487,0.006,0.002,16,482,36,bernoulli,8.0000,0.001000
sift1m,10000,128,4,10,0.100000,fixed,32,32,10,1.000000,1.029,0.036,0.945,0.014,0.004,32,979,84,bernoulli,8.0000,0.001000
sift1m,10000,128,4,10,0.100000,fixed,64,64,10,1.000000,2.265,0.051,2.108,0.031,0.008,64,2036,201,bernoulli,8.0000,0.001000
sift1m,10000,128,4,10,0.500000,fixed,8,8,10,0.700000,0.577,0.145,0.403,0.007,0.004,8,216,102,bernoulli,8.0000,0.001000
sift1m,10000,128,4,10,0.500000,fixed,16,16,10,0.800000,0.726,0.093,0.585,0.013,0.003,16,482,240,bernoulli,8.0000,0.001000
sift1m,10000,128,4,10,0.500000,fixed,32,32,10,1.000000,1.315,0.101,1.111,0.037,0.006,32,979,502,bernoulli,8.0000,0.001000
sift1m,10000,128,4,10,0.500000,fixed,64,64,10,1.000000,2.212,0.089,1.969,0.053,0.006,64,2036,1040,bernoulli,8.0000,0.001000
sift1m,10000,128,4,10,1.000000,fixed,8,8,10,0.900000,0.310,0.060,0.232,0.009,0.002,8,216,216,bernoulli,8.0000,0.001000
sift1m,10000,128,4,10,1.000000,fixed,16,16,10,1.000000,0.627,0.043,0.543,0.018,0.003,16,482,482,bernoulli,8.0000,0.001000
sift1m,10000,128,4,10,1.000000,fixed,32,32,10,1.000000,1.743,0.060,1.598,0.037,0.007,32,979,979,bernoulli,8.0000,0.001000
sift1m,10000,128,4,10,1.000000,fixed,64,64,10,1.000000,14.395,0.138,14.040,0.084,0.010,64,2036,2036,bernoulli,8.0000,0.001000
sift1m,10000,128,5,10,0.001000,fixed,8,8,1,0.142857,0.578,0.113,0.450,0.003,0.003,8,313,1,bernoulli,8.0000,0.001000
sift1m,10000,128,5,10,0.001000,fixed,16,16,1,0.142857,9.067,0.062,7.778,0.011,0.006,16,570,2,bernoulli,8.0000,0.001000
sift1m,10000,128,5,10,0.001000,fixed,32,32,1,0.142857,8.853,4.794,3.990,0.013,0.003,32,1125,2,bernoulli,8.0000,0.001000
sift1m,10000,128,5,10,0.001000,fixed,64,64,1,0.142857,24.375,7.310,16.906,0.023,0.005,64,2245,3,bernoulli,8.0000,0.001000
sift1m,10000,128,5,10,0.010000,fixed,8,8,4,0.200000,0.485,0.113,0.354,0.002,0.002,8,313,5,bernoulli,8.0000,0.001000
sift1m,10000,128,5,10,0.010000,fixed,16,16,7,0.500000,0.760,0.077,0.649,0.005,0.002,16,570,9,bernoulli,8.0000,0.001000
sift1m,10000,128,5,10,0.010000,fixed,32,32,10,0.700000,1.483,0.078,1.341,0.009,0.005,32,1125,16,bernoulli,8.0000,0.001000
sift1m,10000,128,5,10,0.010000,fixed,64,64,10,0.900000,2.693,0.120,2.451,0.020,0.006,64,2245,34,bernoulli,8.0000,0.001000
sift1m,10000,128,5,10,0.050000,fixed,8,8,10,0.400000,0.417,0.075,0.327,0.003,0.002,8,313,14,bernoulli,8.0000,0.001000
sift1m,10000,128,5,10,0.050000,fixed,16,16,10,0.700000,0.657,0.050,0.581,0.006,0.002,16,570,30,bernoulli,8.0000,0.001000
sift1m,10000,128,5,10,0.050000,fixed,32,32,10,1.000000,1.287,0.047,1.189,0.012,0.004,32,1125,58,bernoulli,8.0000,0.001000
sift1m,10000,128,5,10,0.050000,fixed,64,64,10,1.000000,2.550,0.068,2.382,0.024,0.007,64,2245,116,bernoulli,8.0000,0.001000
sift1m,10000,128,5,10,0.100000,fixed,8,8,10,0.700000,0.400,0.055,0.328,0.005,0.002,8,313,34,bernoulli,8.0000,0.001000
sift1m,10000,128,5,10,0.100000,fixed,16,16,10,0.800000,0.648,0.032,0.587,0.009,0.002,16,570,61,bernoulli,8.0000,0.001000
sift1m,10000,128,5,10,0.100000,fixed,32,32,10,0.900000,1.661,0.189,1.405,0.019,0.007,32,1125,130,bernoulli,8.0000,0.001000
sift1m,10000,128,5,10,0.100000,fixed,64,64,10,1.000000,3.115,0.101,2.855,0.040,0.011,64,2245,236,bernoulli,8.0000,0.001000
sift1m,10000,128,5,10,0.500000,fixed,8,8,10,0.700000,0.584,0.119,0.435,0.009,0.003,8,313,147,bernoulli,8.0000,0.001000
sift1m,10000,128,5,10,0.500000,fixed,16,16,10,1.000000,0.790,0.071,0.671,0.014,0.003,16,570,277,bernoulli,8.0000,0.001000
sift1m,10000,128,5,10,0.500000,fixed,32,32,10,1.000000,1.475,0.074,1.306,0.029,0.005,32,1125,574,bernoulli,8.0000,0.001000
sift1m,10000,128,5,10,0.500000,fixed,64,64,10,1.000000,5.695,0.104,5.361,0.072,0.010,64,2245,1123,bernoulli,8.0000,0.001000
sift1m,10000,128,5,10,1.000000,fixed,8,8,10,0.700000,0.535,0.103,0.403,0.012,0.003,8,313,313,bernoulli,8.0000,0.001000
sift1m,10000,128,5,10,1.000000,fixed,16,16,10,0.900000,0.771,0.058,0.663,0.020,0.003,16,570,570,bernoulli,8.0000,0.001000
sift1m,10000,128,5,10,1.000000,fixed,32,32,10,0.900000,1.472,0.070,1.304,0.040,0.006,32,1125,1125,bernoulli,8.0000,0.001000
sift1m,10000,128,5,10,1.000000,fixed,64,64,10,1.000000,2.548,0.106,2.273,0.082,0.006,64,2245,2245,bernoulli,8.0000,0.001000
sift1m,10000,128,6,10,0.001000,fixed,8,8,0,0.000000,0.408,0.062,0.331,0.002,0.001,8,310,0,bernoulli,8.0000,0.001000
sift1m,10000,128,6,10,0.001000,fixed,16,16,0,0.000000,0.675,0.043,0.605,0.003,0.001,16,602,0,bernoulli,8.0000,0.001000
sift1m,10000,128,6,10,0.001000,fixed,32,32,0,0.000000,1.154,0.042,1.066,0.006,0.001,32,1106,0,bernoulli,8.0000,0.001000
sift1m,10000,128,6,10,0.001000,fixed,64,64,0,0.000000,2.475,0.055,2.318,0.014,0.004,64,2209,0,bernoulli,8.0000,0.001000
sift1m,10000,128,6,10,0.010000,fixed,8,8,3,0.300000,0.413,0.056,0.340,0.003,0.002,8,310,3,bernoulli,8.0000,0.001000
sift1m,10000,128,6,10,0.010000,fixed,16,16,6,0.500000,0.659,0.044,0.587,0.004,0.001,16,602,6,bernoulli,8.0000,0.001000
sift1m,10000,128,6,10,0.010000,fixed,32,32,8,0.600000,1.144,0.042,1.050,0.008,0.002,32,1106,10,bernoulli,8.0000,0.001000
sift1m,10000,128,6,10,0.010000,fixed,64,64,10,0.800000,2.261,0.056,2.105,0.016,0.003,64,2209,20,bernoulli,8.0000,0.001000
sift1m,10000,128,6,10,0.050000,fixed,8,8,10,0.800000,0.371,0.030,0.324,0.004,0.002,8,310,24,bernoulli,8.0000,0.001000
sift1m,10000,128,6,10,0.050000,fixed,16,16,10,0.900000,0.660,0.030,0.601,0.008,0.002,16,602,45,bernoulli,8.0000,0.001000
sift1m,10000,128,6,10,0.050000,fixed,32,32,10,0.900000,1.151,0.035,1.064,0.014,0.004,32,1106,79,bernoulli,8.0000,0.001000
sift1m,10000,128,6,10,0.050000,fixed,64,64,10,1.000000,2.330,0.048,2.172,0.029,0.011,64,2209,153,bernoulli,8.0000,0.001000
sift1m,10000,128,6,10,0.100000,fixed,8,8,10,0.600000,0.513,0.078,0.415,0.005,0.003,8,310,31,bernoulli,8.0000,0.001000
sift1m,10000,128,6,10,0.100000,fixed,16,16,10,0.700000,0.775,0.056,0.687,0.008,0.003,16,602,47,bernoulli,8.0000,0.001000
sift1m,10000,128,6,10,0.100000,fixed,32,32,10,1.000000,1.350,0.059,1.231,0.016,0.005,32,1106,92,bernoulli,8.0000,0.001000
sift1m,10000,128,6,10,0.100000,fixed,64,64,10,1.000000,2.329,0.105,2.106,0.039,0.011,64,2209,187,bernoulli,8.0000,0.001000
sift1m,10000,128,6,10,0.500000,fixed,8,8,10,0.800000,0.413,0.049,0.341,0.007,0.002,8,310,149,bernoulli,8.0000,0.001000
sift1m,10000,128,6,10,0.500000,fixed,16,16,10,1.000000,0.710,0.034,0.630,0.013,0.002,16,602,284,bernoulli,8.0000,0.001000
sift1m,10000,128,6,10,0.500000,fixed,32,32,10,1.000000,1.197,0.044,1.075,0.025,0.004,32,1106,533,bernoulli,8.0000,0.001000
sift1m,10000,128,6,10,0.500000,fixed,64,64,10,1.000000,2.560,0.052,2.333,0.054,0.013,64,2209,1075,bernoulli,8.0000,0.001000
sift1m,10000,128,6,10,1.000000,fixed,8,8,10,1.000000,0.460,0.077,0.358,0.012,0.002,8,310,310,bernoulli,8.0000,0.001000
sift1m,10000,128,6,10,1.000000,fixed,16,16,10,1.000000,0.754,0.048,0.658,0.022,0.002,16,602,602,bernoulli,8.0000,0.001000
sift1m,10000,128,6,10,1.000000,fixed,32,32,10,1.000000,1.309,0.056,1.162,0.041,0.006,32,1106,1106,bernoulli,8.0000,0.001000
sift1m,10000,128,6,10,1.000000,fixed,64,64,10,1.000000,2.764,0.068,2.502,0.094,0.007,64,2209,2209,bernoulli,8.0000,0.001000
sift1m,10000,128,7,10,0.001000,fixed,8,8,0,0.000000,0.391,0.075,0.305,0.002,0.001,8,283,0,bernoulli,8.0000,0.001000
sift1m,10000,128,7,10,0.001000,fixed,16,16,1,0.100000,0.685,0.046,0.617,0.003,0.001,16,592,1,bernoulli,8.0000,0.001000
sift1m,10000,128,7,10,0.001000,fixed,32,32,2,0.200000,1.163,0.044,1.079,0.006,0.002,32,1085,2,bernoulli,8.0000,0.001000
sift1m,10000,128,7,10,0.001000,fixed,64,64,2,0.200000,2.649,0.056,2.492,0.029,0.004,64,2151,5,bernoulli,8.0000,0.001000
sift1m,10000,128,7,10,0.010000,fixed,8,8,2,0.200000,0.469,0.091,0.360,0.003,0.001,8,283,3,bernoulli,8.0000,0.001000
sift1m,10000,128,7,10,0.010000,fixed,16,16,3,0.300000,0.819,0.071,0.711,0.005,0.002,16,592,6,bernoulli,8.0000,0.001000
sift1m,10000,128,7,10,0.010000,fixed,32,32,4,0.400000,1.378,0.065,1.239,0.022,0.006,32,1085,11,bernoulli,8.0000,0.001000
sift1m,10000,128,7,10,0.010000,fixed,64,64,8,0.500000,2.473,0.128,2.227,0.021,0.007,64,2151,19,bernoulli,8.0000,0.001000
sift1m,10000,128,7,10,0.050000,fixed,8,8,9,0.500000,0.357,0.047,0.296,0.003,0.001,8,283,10,bernoulli,8.0000,0.001000
sift1m,10000,128,7,10,0.050000,fixed,16,16,10,0.800000,0.723,0.046,0.647,0.006,0.006,16,592,30,bernoulli,8.0000,0.001000
sift1m,10000,128,7,10,0.050000,fixed,32,32,10,1.000000,1.176,0.037,1.090,0.014,0.004,32,1085,52,bernoulli,8.0000,0.001000
sift1m,10000,128,7,10,0.050000,fixed,64,64,10,1.000000,2.360,0.053,2.208,0.023,0.011,64,2151,101,bernoulli,8.0000,0.001000
sift1m,10000,128,7,10,0.100000,fixed,8,8,10,0.400000,0.371,0.064,0.293,0.004,0.002,8,283,20,bernoulli,8.0000,0.001000
sift1m,10000,128,7,10,0.100000,fixed,16,16,10,0.900000,0.672,0.040,0.605,0.008,0.002,16,592,49,bernoulli,8.0000,0.001000
sift1m,10000,128,7,10,0.100000,fixed,32,32,10,1.000000,1.152,0.043,1.058,0.015,0.004,32,1085,93,bernoulli,8.0000,0.001000
sift1m,10000,128,7,10,0.100000,fixed,64,64,10,1.000000,2.297,0.056,2.142,0.029,0.006,64,2151,189,bernoulli,8.0000,0.001000
sift1m,10000,128,7,10,0.500000,fixed,8,8,10,1.000000,0.360,0.036,0.301,0.008,0.002,8,283,143,bernoulli,8.0000,0.001000
sift1m,10000,128,7,10,0.500000,fixed,16,16,10,1.000000,0.686,0.032,0.613,0.014,0.003,16,592,307,bernoulli,8.0000,0.001000
sift1m,10000,128,7,10,0.500000,fixed,32,32,10,1.000000,1.174,0.035,1.065,0.025,0.004,32,1085,555,bernoulli,8.0000,0.001000
sift1m,10000,128,7,10,0.500000,fixed,64,64,10,1.000000,2.603,0.049,2.381,0.059,0.013,64,2151,1080,bernoulli,8.0000,0.001000
sift1m,10000,128,7,10,1.000000,fixed,8,8,10,1.000000,0.423,0.081,0.319,0.011,0.002,8,283,283,bernoulli,8.0000,0.001000
sift1m,10000,128,7,10,1.000000,fixed,16,16,10,1.000000,0.808,0.045,0.713,0.021,0.004,16,592,592,bernoulli,8.0000,0.001000
sift1m,10000,128,7,10,1.000000,fixed,32,32,10,1.000000,1.200,0.045,1.060,0.039,0.005,32,1085,1085,bernoulli,8.0000,0.001000
sift1m,10000,128,7,10,1.000000,fixed,64,64,10,1.000000,2.301,0.050,2.083,0.076,0.006,64,2151,2151,bernoulli,8.0000,0.001000
sift1m,10000,128,8,10,0.001000,fixed,8,8,0,0.000000,0.394,0.082,0.298,0.002,0.001,8,289,0,bernoulli,8.0000,0.001000
sift1m,10000,128,8,10,0.001000,fixed,16,16,1,0.100000,0.643,0.052,0.567,0.003,0.001,16,569,1,bernoulli,8.0000,0.001000
sift1m,10000,128,8,10,0.001000,fixed,32,32,1,0.100000,1.147,0.047,1.055,0.006,0.001,32,1076,1,bernoulli,8.0000,0.001000
sift1m,10000,128,8,10,0.001000,fixed,64,64,1,0.100000,2.541,0.060,2.356,0.042,0.003,64,2092,1,bernoulli,8.0000,0.001000
sift1m,10000,128,8,10,0.010000,fixed,8,8,3,0.200000,0.424,0.097,0.315,0.002,0.001,8,289,3,bernoulli,8.0000,0.001000
sift1m,10000,128,8,10,0.010000,fixed,16,16,7,0.400000,0.687,0.060,0.604,0.004,0.001,16,569,7,bernoulli,8.0000,0.001000
sift1m,10000,128,8,10,0.010000,fixed,32,32,10,0.900000,1.216,0.061,1.111,0.009,0.004,32,1076,16,bernoulli,8.0000,0.001000
sift1m,10000,128,8,10,0.010000,fixed,64,64,10,1.000000,2.372,0.091,2.180,0.032,0.006,64,2092,32,bernoulli,8.0000,0.001000
sift1m,10000,128,8,10,0.050000,fixed,8,8,10,0.300000,0.334,0.037,0.283,0.003,0.001,8,289,16,bernoulli,8.0000,0.001000
sift1m,10000,128,8,10,0.050000,fixed,16,16,10,0.500000,0.614,0.033,0.556,0.006,0.002,16,569,29,bernoulli,8.0000,0.001000
sift1m,10000,128,8,10,0.050000,fixed,32,32,10,0.700000,1.123,0.043,1.031,0.011,0.007,32,1076,52,bernoulli,8.0000,0.001000
sift1m,10000,128,8,10,0.050000,fixed,64,64,10,1.000000,2.387,0.057,2.225,0.029,0.008,64,2092,99,bernoulli,8.0000,0.001000
sift1m,10000,128,8,10,0.100000,fixed,8,8,10,0.600000,0.406,0.087,0.305,0.004,0.002,8,289,29,bernoulli,8.0000,0.001000
sift1m,10000,128,8,10,0.100000,fixed,16,16,10,0.900000,0.649,0.050,0.567,0.009,0.006,16,569,68,bernoulli,8.0000,0.001000
sift1m,10000,128,8,10,0.100000,fixed,32,32,10,1.000000,1.163,0.050,1.055,0.017,0.007,32,1076,127,bernoulli,8.0000,0.001000
sift1m,10000,128,8,10,0.100000,fixed,64,64,10,1.000000,2.277,0.061,2.109,0.032,0.007,64,2092,231,bernoulli,8.0000,0.001000
sift1m,10000,128,8,10,0.500000,fixed,8,8,10,0.800000,0.415,0.058,0.333,0.008,0.002,8,289,143,bernoulli,8.0000,0.001000
sift1m,10000,128,8,10,0.500000,fixed,16,16,10,0.900000,0.721,0.051,0.624,0.014,0.003,16,569,281,bernoulli,8.0000,0.001000
sift1m,10000,128,8,10,0.500000,fixed,32,32,10,1.000000,1.295,0.063,1.144,0.025,0.011,32,1076,519,bernoulli,8.0000,0.001000
sift1m,10000,128,8,10,0.500000,fixed,64,64,10,1.000000,2.426,0.074,2.196,0.051,0.008,64,2092,1014,bernoulli,8.0000,0.001000
sift1m,10000,128,8,10,1.000000,fixed,8,8,10,0.600000,0.442,0.098,0.317,0.012,0.003,8,289,289,bernoulli,8.0000,0.001000
sift1m,10000,128,8,10,1.000000,fixed,16,16,10,1.000000,0.653,0.056,0.554,0.021,0.003,16,569,569,bernoulli,8.0000,0.001000
sift1m,10000,128,8,10,1.000000,fixed,32,32,10,1.000000,1.179,0.051,1.045,0.041,0.005,32,1076,1076,bernoulli,8.0000,0.001000
sift1m,10000,128,8,10,1.000000,fixed,64,64,10,1.000000,2.441,0.065,2.207,0.079,0.007,64,2092,2092,bernoulli,8.0000,0.001000
sift1m,10000,128,9,10,0.001000,fixed,8,8,0,0.000000,0.367,0.070,0.288,0.002,0.001,8,269,0,bernoulli,8.0000,0.001000
sift1m,10000,128,9,10,0.001000,fixed,16,16,1,0.111111,0.674,0.057,0.593,0.003,0.001,16,532,1,bernoulli,8.0000,0.001000
sift1m,10000,128,9,10,0.001000,fixed,32,32,1,0.111111,1.139,0.077,1.028,0.006,0.001,32,1040,1,bernoulli,8.0000,0.001000
sift1m,10000,128,9,10,0.001000,fixed,64,64,1,0.111111,2.291,0.072,2.151,0.012,0.002,64,2088,1,bernoulli,8.0000,0.001000
sift1m,10000,128,9,10,0.010000,fixed,8,8,3,0.200000,0.337,0.056,0.269,0.002,0.001,8,269,3,bernoulli,8.0000,0.001000
sift1m,10000,128,9,10,0.010000,fixed,16,16,4,0.200000,0.611,0.047,0.543,0.004,0.001,16,532,4,bernoulli,8.0000,0.001000
sift1m,10000,128,9,10,0.010000,fixed,32,32,5,0.200000,1.211,0.050,1.117,0.009,0.002,32,1040,6,bernoulli,8.0000,0.001000
sift1m,10000,128,9,10,0.010000,fixed,64,64,10,0.800000,2.213,0.088,2.041,0.016,0.003,64,2088,17,bernoulli,8.0000,0.001000
sift1m,10000,128,9,10,0.050000,fixed,8,8,10,0.400000,0.354,0.058,0.282,0.004,0.002,8,269,18,bernoulli,8.0000,0.001000
sift1m,10000,128,9,10,0.050000,fixed,16,16,10,0.800000,0.622,0.046,0.550,0.007,0.003,16,532,38,bernoulli,8.0000,0.001000
sift1m,10000,128,9,10,0.050000,fixed,32,32,10,0.800000,1.150,0.046,1.057,0.012,0.004,32,1040,56,bernoulli,8.0000,0.001000
sift1m,10000,128,9,10,0.050000,fixed,64,64,10,1.000000,2.280,0.114,2.071,0.025,0.008,64,2088,117,bernoulli,8.0000,0.001000
sift1m,10000,128,9,10,0.100000,fixed,8,8,10,0.200000,0.481,0.062,0.396,0.005,0.004,8,269,31,bernoulli,8.0000,0.001000
sift1m,10000,128,9,10,0.100000,fixed,16,16,10,0.700000,0.812,0.110,0.664,0.009,0.004,16,532,62,bernoulli,8.0000,0.001000
sift1m,10000,128,9,10,0.100000,fixed,32,32,10,0.900000,1.105,0.064,0.988,0.016,0.004,32,1040,110,bernoulli,8.0000,0.001000
sift1m,10000,128,9,10,0.100000,fixed,64,64,10,1.000000,2.123,0.064,1.956,0.031,0.006,64,2088,217,bernoulli,8.0000,0.001000
sift1m,10000,128,9,10,0.500000,fixed,8,8,10,0.800000,0.345,0.045,0.278,0.006,0.002,8,269,119,bernoulli,8.0000,0.001000
sift1m,10000,128,9,10,0.500000,fixed,16,16,10,1.000000,0.625,0.037,0.550,0.012,0.003,16,532,245,bernoulli,8.0000,0.001000
sift1m,10000,128,9,10,0.500000,fixed,32,32,10,1.000000,1.240,0.045,1.117,0.025,0.005,32,1040,497,bernoulli,8.0000,0.001000
sift1m,10000,128,9,10,0.500000,fixed,64,64,10,1.000000,2.285,0.081,2.056,0.049,0.007,64,2088,998,bernoulli,8.0000,0.001000
sift1m,10000,128,9,10,1.000000,fixed,8,8,10,1.000000,0.481,0.098,0.353,0.011,0.003,8,269,269,bernoulli,8.0000,0.001000
sift1m,10000,128,9,10,1.000000,fixed,16,16,10,1.000000,0.691,0.072,0.577,0.019,0.003,16,532,532,bernoulli,8.0000,0.001000
sift1m,10000,128,9,10,1.000000,fixed,32,32,10,1.000000,1.192,0.051,1.060,0.038,0.004,32,1040,1040,bernoulli,8.0000,0.001000
sift1m,10000,128,9,10,1.000000,fixed,64,64,10,1.000000,2.428,0.061,2.203,0.079,0.008,64,2088,2088,bernoulli,8.0000,0.001000
sift1m,10000,128,10,10,0.001000,fixed,8,8,0,0.000000,0.373,0.101,0.263,0.001,0.001,8,264,0,bernoulli,8.0000,0.001000
sift1m,10000,128,10,10,0.001000,fixed,16,16,0,0.000000,0.621,0.049,0.554,0.003,0.001,16,571,0,bernoulli,8.0000,0.001000
sift1m,10000,128,10,10,0.001000,fixed,32,32,1,0.100000,1.180,0.056,1.088,0.006,0.001,32,1116,1,bernoulli,8.0000,0.001000
sift1m,10000,128,10,10,0.001000,fixed,64,64,3,0.300000,2.359,0.068,2.221,0.012,0.002,64,2248,3,bernoulli,8.0000,0.001000
sift1m,10000,128,10,10,0.010000,fixed,8,8,3,0.200000,0.378,0.039,0.324,0.003,0.002,8,264,3,bernoulli,8.0000,0.001000
sift1m,10000,128,10,10,0.010000,fixed,16,16,3,0.200000,0.741,0.104,0.605,0.009,0.002,16,571,3,bernoulli,8.0000,0.001000
sift1m,10000,128,10,10,0.010000,fixed,32,32,6,0.400000,1.268,0.077,1.141,0.008,0.002,32,1116,7,bernoulli,8.0000,0.001000
sift1m,10000,128,10,10,0.010000,fixed,64,64,10,0.900000,2.570,0.076,2.373,0.031,0.005,64,2248,21,bernoulli,8.0000,0.001000
sift1m,10000,128,10,10,0.050000,fixed,8,8,10,0.400000,0.359,0.080,0.266,0.003,0.001,8,264,15,bernoulli,8.0000,0.001000
sift1m,10000,128,10,10,0.050000,fixed,16,16,10,0.800000,0.643,0.052,0.566,0.006,0.002,16,571,31,bernoulli,8.0000,0.001000
sift1m,10000,128,10,10,0.050000,fixed,32,32,10,1.000000,1.178,0.049,1.081,0.012,0.004,32,1116,67,bernoulli,8.0000,0.001000
sift1m,10000,128,10,10,0.050000,fixed,64,64,10,1.000000,2.396,0.061,2.243,0.023,0.005,64,2248,103,bernoulli,8.0000,0.001000
sift1m,10000,128,10,10,0.100000,fixed,8,8,10,0.600000,0.304,0.041,0.249,0.004,0.002,8,264,25,bernoulli,8.0000,0.001000
sift1m,10000,128,10,10,0.100000,fixed,16,16,10,0.700000,0.619,0.032,0.559,0.008,0.002,16,571,50,bernoulli,8.0000,0.001000
sift1m,10000,128,10,10,0.100000,fixed,32,32,10,0.900000,1.249,0.040,1.154,0.016,0.004,32,1116,96,bernoulli,8.0000,0.001000
sift1m,10000,128,10,10,0.100000,fixed,64,64,10,1.000000,2.419,0.054,2.252,0.037,0.006,64,2248,228,bernoulli,8.0000,0.001000
sift1m,10000,128,10,10,0.500000,fixed,8,8,10,1.000000,0.371,0.065,0.281,0.007,0.002,8,264,127,bernoulli,8.0000,0.001000
sift1m,10000,128,10,10,0.500000,fixed,16,16,10,1.000000,0.694,0.052,0.598,0.014,0.003,16,571,283,bernoulli,8.0000,0.001000
sift1m,10000,128,10,10,0.500000,fixed,32,32,10,1.000000,1.406,0.052,1.260,0.029,0.005,32,1116,547,bernoulli,8.0000,0.001000
sift1m,10000,128,10,10,0.500000,fixed,64,64,10,1.000000,2.871,0.084,2.606,0.057,0.009,64,2248,1059,bernoulli,8.0000,0.001000
sift1m,10000,128,10,10,1.000000,fixed,8,8,10,0.900000,0.466,0.088,0.348,0.011,0.003,8,264,264,bernoulli,8.0000,0.001000
sift1m,10000,128,10,10,1.000000,fixed,16,16,10,0.900000,0.725,0.087,0.590,0.022,0.003,16,571,571,bernoulli,8.0000,0.001000
sift1m,10000,128,10,10,1.000000,fixed,32,32,10,1.000000,1.298,0.064,1.149,0.040,0.004,32,1116,1116,bernoulli,8.0000,0.001000
sift1m,10000,128,10,10,1.000000,fixed,64,64,10,1.000000,2.631,0.076,2.382,0.082,0.006,64,2248,2248,bernoulli,8.0000,0.001000
sift1m,10000,128,11,10,0.001000,fixed,8,8,0,0.000000,0.371,0.094,0.267,0.002,0.001,8,253,0,bernoulli,8.0000,0.001000
sift1m,10000,128,11,10,0.001000,fixed,16,16,0,0.000000,0.613,0.053,0.542,0.003,0.001,16,535,0,bernoulli,8.0000,0.001000
sift1m,10000,128,11,10,0.001000,fixed,32,32,0,0.000000,1.269,0.056,1.172,0.007,0.002,32,1030,0,bernoulli,8.0000,0.001000
sift1m,10000,128,11,10,0.001000,fixed,64,64,0,0.000000,2.227,0.095,2.063,0.011,0.001,64,2077,0,bernoulli,8.0000,0.001000
sift1m,10000,128,11,10,0.010000,fixed,8,8,1,0.100000,0.419,0.103,0.300,0.003,0.001,8,253,1,bernoulli,8.0000,0.001000
sift1m,10000,128,11,10,0.010000,fixed,16,16,2,0.100000,0.651,0.059,0.565,0.004,0.001,16,535,2,bernoulli,8.0000,0.001000
sift1m,10000,128,11,10,0.010000,fixed,32,32,7,0.500000,1.376,0.061,1.255,0.009,0.003,32,1030,7,bernoulli,8.0000,0.001000
sift1m,10000,128,11,10,0.010000,fixed,64,64,10,0.600000,2.578,0.100,2.362,0.018,0.005,64,2077,22,bernoulli,8.0000,0.001000
sift1m,10000,128,11,10,0.050000,fixed,8,8,8,0.500000,0.330,0.074,0.244,0.003,0.001,8,253,8,bernoulli,8.0000,0.001000
sift1m,10000,128,11,10,0.050000,fixed,16,16,10,0.700000,0.590,0.048,0.518,0.006,0.002,16,535,25,bernoulli,8.0000,0.001000
sift1m,10000,128,11,10,0.050000,fixed,32,32,10,0.900000,1.145,0.047,1.051,0.011,0.004,32,1030,38,bernoulli,8.0000,0.001000
sift1m,10000,128,11,10,0.050000,fixed,64,64,10,1.000000,2.394,0.060,2.219,0.029,0.013,64,2077,93,bernoulli,8.0000,0.001000
sift1m,10000,128,11,10,0.100000,fixed,8,8,10,0.900000,0.388,0.089,0.280,0.005,0.003,8,253,32,bernoulli,8.0000,0.001000
sift1m,10000,128,11,10,0.100000,fixed,16,16,10,0.900000,0.722,0.092,0.596,0.009,0.005,16,535,61,bernoulli,8.0000,0.001000
sift1m,10000,128,11,10,0.100000,fixed,32,32,10,1.000000,1.178,0.055,1.065,0.016,0.005,32,1030,106,bernoulli,8.0000,0.001000
sift1m,10000,128,11,10,0.100000,fixed,64,64,10,1.000000,2.258,0.064,2.087,0.031,0.008,64,2077,209,bernoulli,8.0000,0.001000
sift1m,10000,128,11,10,0.500000,fixed,8,8,10,1.000000,0.347,0.067,0.257,0.007,0.002,8,253,129,bernoulli,8.0000,0.001000
sift1m,10000,128,11,10,0.500000,fixed,16,16,10,1.000000,0.610,0.051,0.519,0.013,0.003,16,535,279,bernoulli,8.0000,0.001000
sift1m,10000,128,11,10,0.500000,fixed,32,32,10,1.000000,1.135,0.053,1.004,0.026,0.005,32,1030,540,bernoulli,8.0000,0.001000
sift1m,10000,128,11,10,0.500000,fixed,64,64,10,1.000000,2.523,0.067,2.264,0.074,0.010,64,2077,1058,bernoulli,8.0000,0.001000
sift1m,10000,128,11,10,1.000000,fixed,8,8,10,0.900000,0.376,0.091,0.263,0.010,0.002,8,253,253,bernoulli,8.0000,0.001000
sift1m,10000,128,11,10,1.000000,fixed,16,16,10,1.000000,0.763,0.054,0.657,0.021,0.005,16,535,535,bernoulli,8.0000,0.001000
sift1m,10000,128,11,10,1.000000,fixed,32,32,10,1.000000,1.199,0.086,1.030,0.039,0.005,32,1030,1030,bernoulli,8.0000,0.001000
sift1m,10000,128,11,10,1.000000,fixed,64,64,10,1.000000,2.232,0.080,2.002,0.076,0.007,64,2077,2077,bernoulli,8.0000,0.001000
sift1m,10000,128,12,10,0.001000,fixed,8,8,1,0.100000,0.331,0.077,0.244,0.001,0.001,8,248,1,bernoulli,8.0000,0.001000
sift1m,10000,128,12,10,0.001000,fixed,16,16,1,0.100000,0.609,0.046,0.544,0.003,0.001,16,552,1,bernoulli,8.0000,0.001000
sift1m,10000,128,12,10,0.001000,fixed,32,32,1,0.100000,1.117,0.045,1.036,0.006,0.001,32,1038,1,bernoulli,8.0000,0.001000
sift1m,10000,128,12,10,0.001000,fixed,64,64,1,0.100000,2.243,0.056,2.103,0.012,0.001,64,2153,2,bernoulli,8.0000,0.001000
sift1m,10000,128,12,10,0.010000,fixed,8,8,3,0.200000,0.278,0.031,0.234,0.002,0.001,8,248,3,bernoulli,8.0000,0.001000
sift1m,10000,128,12,10,0.010000,fixed,16,16,4,0.200000,0.584,0.031,0.527,0.004,0.001,16,552,6,bernoulli,8.0000,0.001000
sift1m,10000,128,12,10,0.010000,fixed,32,32,8,0.500000,1.288,0.036,1.192,0.014,0.003,32,1038,11,bernoulli,8.0000,0.001000
sift1m,10000,128,12,10,0.010000,fixed,64,64,10,0.800000,2.274,0.099,2.070,0.016,0.007,64,2153,25,bernoulli,8.0000,0.001000
sift1m,10000,128,12,10,0.050000,fixed,8,8,10,0.400000,0.296,0.050,0.235,0.003,0.001,8,248,11,bernoulli,8.0000,0.001000
sift1m,10000,128,12,10,0.050000,fixed,16,16,10,0.700000,0.594,0.043,0.527,0.006,0.002,16,552,29,bernoulli,8.0000,0.001000
sift1m,10000,128,12,10,0.050000,fixed,32,32,10,0.800000,1.090,0.043,1.004,0.010,0.003,32,1038,45,bernoulli,8.0000,0.001000
sift1m,10000,128,12,10,0.050000,fixed,64,64,10,1.000000,2.184,0.054,2.044,0.021,0.005,64,2153,89,bernoulli,8.0000,0.001000
sift1m,10000,128,12,10,0.100000,fixed,8,8,10,0.600000,0.280,0.031,0.236,0.004,0.001,8,248,24,bernoulli,8.0000,0.001000
sift1m,10000,128,12,10,0.100000,fixed,16,16,10,1.000000,0.589,0.031,0.530,0.008,0.002,16,552,60,bernoulli,8.0000,0.001000
sift1m,10000,128,12,10,0.100000,fixed,32,32,10,1.000000,1.069,0.036,0.981,0.015,0.004,32,1038,106,bernoulli,8.0000,0.001000
sift1m,10000,128,12,10,0.100000,fixed,64,64,10,1.000000,2.485,0.049,2.319,0.034,0.010,64,2153,219,bernoulli,8.0000,0.001000
sift1m,10000,128,12,10,0.500000,fixed,8,8,10,0.900000,0.381,0.085,0.274,0.007,0.002,8,248,128,bernoulli,8.0000,0.001000
sift1m,10000,128,12,10,0.500000,fixed,16,16,10,1.000000,0.690,0.049,0.594,0.014,0.005,16,552,279,bernoulli,8.0000,0.001000
sift1m,10000,128,12,10,0.500000,fixed,32,32,10,1.000000,1.201,0.052,1.051,0.026,0.005,32,1038,522,bernoulli,8.0000,0.001000
sift1m,10000,128,12,10,0.500000,fixed,64,64,10,1.000000,2.240,0.085,1.997,0.056,0.006,64,2153,1103,bernoulli,8.0000,0.001000
sift1m,10000,128,12,10,1.000000,fixed,8,8,10,1.000000,0.319,0.052,0.246,0.010,0.002,8,248,248,bernoulli,8.0000,0.001000
sift1m,10000,128,12,10,1.000000,fixed,16,16,10,1.000000,0.611,0.041,0.531,0.019,0.002,16,552,552,bernoulli,8.0000,0.001000
sift1m,10000,128,12,10,1.000000,fixed,32,32,10,1.000000,1.092,0.042,0.976,0.036,0.004,32,1038,1038,bernoulli,8.0000,0.001000
sift1m,10000,128,12,10,1.000000,fixed,64,64,10,1.000000,2.521,0.054,2.289,0.088,0.008,64,2153,2153,bernoulli,8.0000,0.001000
sift1m,10000,128,13,10,0.001000,fixed,8,8,0,0.000000,0.338,0.060,0.267,0.002,0.001,8,267,0,bernoulli,8.0000,0.001000
sift1m,10000,128,13,10,0.001000,fixed,16,16,0,0.000000,0.635,0.048,0.568,0.003,0.001,16,574,0,bernoulli,8.0000,0.001000
sift1m,10000,128,13,10,0.001000,fixed,32,32,1,0.100000,1.189,0.043,1.107,0.006,0.001,32,1147,1,bernoulli,8.0000,0.001000
sift1m,10000,128,13,10,0.001000,fixed,64,64,1,0.100000,2.217,0.054,2.091,0.012,0.002,64,2210,2,bernoulli,8.0000,0.001000
sift1m,10000,128,13,10,0.010000,fixed,8,8,4,0.300000,0.298,0.026,0.262,0.002,0.001,8,267,4,bernoulli,8.0000,0.001000
sift1m,10000,128,13,10,0.010000,fixed,16,16,8,0.500000,0.631,0.027,0.582,0.004,0.002,16,574,9,bernoulli,8.0000,0.001000
sift1m,10000,128,13,10,0.010000,fixed,32,32,10,0.600000,1.198,0.035,1.122,0.008,0.002,32,1147,15,bernoulli,8.0000,0.001000
sift1m,10000,128,13,10,0.010000,fixed,64,64,10,0.800000,2.566,0.077,2.394,0.022,0.008,64,2210,25,bernoulli,8.0000,0.001000
sift1m,10000,128,13,10,0.050000,fixed,8,8,10,0.400000,0.467,0.113,0.337,0.004,0.002,8,267,19,bernoulli,8.0000,0.001000
sift1m,10000,128,13,10,0.050000,fixed,16,16,10,0.700000,0.741,0.072,0.641,0.007,0.003,16,574,34,bernoulli,8.0000,0.001000
sift1m,10000,128,13,10,0.050000,fixed,32,32,10,0.700000,1.295,0.069,1.175,0.012,0.007,32,1147,54,bernoulli,8.0000,0.001000
sift1m,10000,128,13,10,0.050000,fixed,64,64,10,1.000000,2.431,0.066,2.265,0.023,0.010,64,2210,97,bernoulli,8.0000,0.001000
sift1m,10000,128,13,10,0.100000,fixed,8,8,10,0.400000,0.433,0.086,0.330,0.005,0.002,8,267,29,bernoulli,8.0000,0.001000
sift1m,10000,128,13,10,0.100000,fixed,16,16,10,0.700000,0.703,0.043,0.627,0.010,0.003,16,574,70,bernoulli,8.0000,0.001000
sift1m,10000,128,13,10,0.100000,fixed,32,32,10,1.000000,1.367,0.046,1.256,0.019,0.006,32,1147,130,bernoulli,8.0000,0.001000
sift1m,10000,128,13,10,0.100000,fixed,64,64,10,1.000000,2.722,0.106,2.485,0.034,0.008,64,2210,222,bernoulli,8.0000,0.001000
sift1m,10000,128,13,10,0.500000,fixed,8,8,10,1.000000,0.363,0.070,0.271,0.007,0.002,8,267,145,bernoulli,8.0000,0.001000
sift1m,10000,128,13,10,0.500000,fixed,16,16,10,1.000000,0.638,0.035,0.562,0.014,0.003,16,574,307,bernoulli,8.0000,0.001000
sift1m,10000,128,13,10,0.500000,fixed,32,32,10,1.000000,1.214,0.039,1.094,0.028,0.004,32,1147,613,bernoulli,8.0000,0.001000
sift1m,10000,128,13,10,0.500000,fixed,64,64,10,1.000000,2.336,0.054,2.108,0.071,0.007,64,2210,1132,bernoulli,8.0000,0.001000
sift1m,10000,128,13,10,1.000000,fixed,8,8,10,1.000000,0.369,0.042,0.304,0.011,0.002,8,267,267,bernoulli,8.0000,0.001000
sift1m,10000,128,13,10,1.000000,fixed,16,16,10,1.000000,0.677,0.039,0.596,0.020,0.003,16,574,574,bernoulli,8.0000,0.001000
sift1m,10000,128,13,10,1.000000,fixed,32,32,10,1.000000,1.278,0.042,1.146,0.041,0.004,32,1147,1147,bernoulli,8.0000,0.001000
sift1m,10000,128,13,10,1.000000,fixed,64,64,10,1.000000,2.661,0.053,2.401,0.083,0.010,64,2210,2210,bernoulli,8.0000,0.001000
sift1m,10000,128,14,10,0.001000,fixed,8,8,0,0.000000,0.530,0.104,0.405,0.002,0.001,8,302,0,bernoulli,8.0000,0.001000
sift1m,10000,128,14,10,0.001000,fixed,16,16,0,0.000000,0.810,0.079,0.709,0.003,0.002,16,607,0,bernoulli,8.0000,0.001000
sift1m,10000,128,14,10,0.001000,fixed,32,32,0,0.000000,1.452,0.077,1.334,0.007,0.002,32,1108,0,bernoulli,8.0000,0.001000
sift1m,10000,128,14,10,0.001000,fixed,64,64,2,0.200000,2.488,0.108,2.306,0.013,0.003,64,2192,2,bernoulli,8.0000,0.001000
sift1m,10000,128,14,10,0.010000,fixed,8,8,2,0.200000,0.403,0.074,0.315,0.002,0.001,8,302,2,bernoulli,8.0000,0.001000
sift1m,10000,128,14,10,0.010000,fixed,16,16,3,0.200000,0.709,0.046,0.637,0.004,0.001,16,607,3,bernoulli,8.0000,0.001000
sift1m,10000,128,14,10,0.010000,fixed,32,32,8,0.700000,1.342,0.048,1.243,0.008,0.003,32,1108,8,bernoulli,8.0000,0.001000
sift1m,10000,128,14,10,0.010000,fixed,64,64,10,0.900000,2.485,0.081,2.293,0.021,0.008,64,2192,22,bernoulli,8.0000,0.001000
sift1m,10000,128,14,10,0.050000,fixed,8,8,10,0.700000,0.428,0.088,0.326,0.003,0.002,8,302,18,bernoulli,8.0000,0.001000
sift1m,10000,128,14,10,0.050000,fixed,16,16,10,0.700000,0.699,0.049,0.623,0.006,0.002,16,607,31,bernoulli,8.0000,0.001000
sift1m,10000,128,14,10,0.050000,fixed,32,32,10,0.900000,1.179,0.047,1.084,0.012,0.003,32,1108,52,bernoulli,8.0000,0.001000
sift1m,10000,128,14,10,0.050000,fixed,64,64,10,1.000000,2.309,0.061,2.155,0.022,0.005,64,2192,108,bernoulli,8.0000,0.001000
sift1m,10000,128,14,10,0.100000,fixed,8,8,10,0.600000,0.364,0.033,0.315,0.004,0.002,8,302,29,bernoulli,8.0000,0.001000
sift1m,10000,128,14,10,0.100000,fixed,16,16,10,0.900000,0.690,0.034,0.628,0.008,0.002,16,607,51,bernoulli,8.0000,0.001000
sift1m,10000,128,14,10,0.100000,fixed,32,32,10,1.000000,1.197,0.040,1.105,0.015,0.004,32,1108,87,bernoulli,8.0000,0.001000
sift1m,10000,128,14,10,0.100000,fixed,64,64,10,1.000000,2.649,0.053,2.471,0.032,0.007,64,2192,169,bernoulli,8.0000,0.001000
sift1m,10000,128,14,10,0.500000,fixed,8,8,10,0.500000,0.403,0.050,0.330,0.008,0.002,8,302,143,bernoulli,8.0000,0.001000
sift1m,10000,128,14,10,0.500000,fixed,16,16,10,0.600000,0.718,0.037,0.639,0.014,0.002,16,607,292,bernoulli,8.0000,0.001000
sift1m,10000,128,14,10,0.500000,fixed,32,32,10,0.800000,1.194,0.041,1.077,0.026,0.003,32,1108,548,bernoulli,8.0000,0.001000
sift1m,10000,128,14,10,0.500000,fixed,64,64,10,1.000000,2.362,0.054,2.157,0.051,0.006,64,2192,1077,bernoulli,8.0000,0.001000
sift1m,10000,128,14,10,1.000000,fixed,8,8,10,0.600000,0.374,0.034,0.317,0.011,0.002,8,302,302,bernoulli,8.0000,0.001000
sift1m,10000,128,14,10,1.000000,fixed,16,16,10,0.700000,0.698,0.032,0.625,0.020,0.002,16,607,607,bernoulli,8.0000,0.001000
sift1m,10000,128,14,10,1.000000,fixed,32,32,10,1.000000,1.377,0.037,1.242,0.039,0.008,32,1108,1108,bernoulli,8.0000,0.001000
sift1m,10000,128,14,10,1.000000,fixed,64,64,10,1.000000,2.526,0.131,2.229,0.080,0.011,64,2192,2192,bernoulli,8.0000,0.001000
sift1m,10000,128,15,10,0.001000,fixed,8,8,0,0.000000,0.377,0.065,0.302,0.002,0.001,8,294,0,bernoulli,8.0000,0.001000
sift1m,10000,128,15,10,0.001000,fixed,16,16,0,0.000000,0.532,0.045,0.470,0.003,0.001,16,508,0,bernoulli,8.0000,0.001000
sift1m,10000,128,15,10,0.001000,fixed,32,32,0,0.000000,0.961,0.044,0.885,0.006,0.001,32,962,0,bernoulli,8.0000,0.001000
sift1m,10000,128,15,10,0.001000,fixed,64,64,4,0.400000,2.113,0.059,1.989,0.011,0.002,64,2049,4,bernoulli,8.0000,0.001000
sift1m,10000,128,15,10,0.010000,fixed,8,8,3,0.200000,0.333,0.029,0.292,0.002,0.001,8,294,3,bernoulli,8.0000,0.001000
sift1m,10000,128,15,10,0.010000,fixed,16,16,7,0.500000,0.524,0.029,0.474,0.004,0.001,16,508,8,bernoulli,8.0000,0.001000
sift1m,10000,128,15,10,0.010000,fixed,32,32,7,0.500000,0.969,0.034,0.896,0.007,0.002,32,962,9,bernoulli,8.0000,0.001000
sift1m,10000,128,15,10,0.010000,fixed,64,64,10,0.700000,2.368,0.048,2.223,0.023,0.008,64,2049,21,bernoulli,8.0000,0.001000
sift1m,10000,128,15,10,0.050000,fixed,8,8,10,0.400000,0.473,0.100,0.358,0.003,0.002,8,294,14,bernoulli,8.0000,0.001000
sift1m,10000,128,15,10,0.050000,fixed,16,16,10,0.400000,0.626,0.057,0.544,0.006,0.003,16,508,22,bernoulli,8.0000,0.001000
sift1m,10000,128,15,10,0.050000,fixed,32,32,10,0.800000,1.180,0.078,1.049,0.011,0.008,32,962,41,bernoulli,8.0000,0.001000
sift1m,10000,128,15,10,0.050000,fixed,64,64,10,1.000000,2.267,0.099,2.078,0.023,0.006,64,2049,93,bernoulli,8.0000,0.001000
sift1m,10000,128,15,10,0.100000,fixed,8,8,10,0.900000,0.440,0.078,0.342,0.006,0.003,8,294,37,bernoulli,8.0000,0.001000
sift1m,10000,128,15,10,0.100000,fixed,16,16,10,1.000000,0.649,0.062,0.555,0.009,0.004,16,508,64,bernoulli,8.0000,0.001000
sift1m,10000,128,15,10,0.100000,fixed,32,32,10,1.000000,1.147,0.059,1.032,0.017,0.006,32,962,119,bernoulli,8.0000,0.001000
sift1m,10000,128,15,10,0.100000,fixed,64,64,10,1.000000,2.243,0.068,2.065,0.033,0.008,64,2049,214,bernoulli,8.0000,0.001000
sift1m,10000,128,15,10,0.500000,fixed,8,8,10,1.000000,0.487,0.084,0.360,0.008,0.003,8,294,136,bernoulli,8.0000,0.001000
sift1m,10000,128,15,10,0.500000,fixed,16,16,10,1.000000,0.611,0.068,0.488,0.012,0.006,16,508,246,bernoulli,8.0000,0.001000
sift1m,10000,128,15,10,0.500000,fixed,32,32,10,1.000000,1.052,0.059,0.918,0.022,0.004,32,962,463,bernoulli,8.0000,0.001000
sift1m,10000,128,15,10,0.500000,fixed,64,64,10,1.000000,2.394,0.063,2.138,0.055,0.008,64,2049,1007,bernoulli,8.0000,0.001000
sift1m,10000,128,15,10,1.000000,fixed,8,8,10,1.000000,0.373,0.055,0.296,0.010,0.002,8,294,294,bernoulli,8.0000,0.001000
sift1m,10000,128,15,10,1.000000,fixed,16,16,10,1.000000,0.539,0.030,0.471,0.018,0.003,16,508,508,bernoulli,8.0000,0.001000
sift1m,10000,128,15,10,1.000000,fixed,32,32,10,1.000000,1.018,0.042,0.904,0.035,0.004,32,962,962,bernoulli,8.0000,0.001000
sift1m,10000,128,15,10,1.000000,fixed,64,64,10,1.000000,2.132,0.053,1.933,0.074,0.006,64,2049,2049,bernoulli,8.0000,0.001000
sift1m,10000,128,16,10,0.001000,fixed,8,8,0,0.000000,0.389,0.076,0.303,0.002,0.001,8,305,0,bernoulli,8.0000,0.001000
sift1m,10000,128,16,10,0.001000,fixed,16,16,1,0.111111,0.885,0.046,0.812,0.006,0.002,16,600,1,bernoulli,8.0000,0.001000
sift1m,10000,128,16,10,0.001000,fixed,32,32,1,0.111111,1.194,0.047,1.110,0.006,0.001,32,1154,1,bernoulli,8.0000,0.001000
sift1m,10000,128,16,10,0.001000,fixed,64,64,1,0.111111,2.232,0.055,2.108,0.012,0.001,64,2233,1,bernoulli,8.0000,0.001000
sift1m,10000,128,16,10,0.010000,fixed,8,8,1,0.100000,0.507,0.032,0.456,0.003,0.001,8,305,1,bernoulli,8.0000,0.001000
sift1m,10000,128,16,10,0.010000,fixed,16,16,2,0.100000,0.722,0.066,0.629,0.004,0.001,16,600,3,bernoulli,8.0000,0.001000
sift1m,10000,128,16,10,0.010000,fixed,32,32,6,0.500000,1.223,0.067,1.109,0.008,0.002,32,1154,7,bernoulli,8.0000,0.001000
sift1m,10000,128,16,10,0.010000,fixed,64,64,10,0.600000,2.303,0.070,2.143,0.016,0.002,64,2233,11,bernoulli,8.0000,0.001000
sift1m,10000,128,16,10,0.050000,fixed,8,8,10,0.600000,0.394,0.043,0.336,0.004,0.002,8,305,14,bernoulli,8.0000,0.001000
sift1m,10000,128,16,10,0.050000,fixed,16,16,10,0.800000,0.887,0.043,0.809,0.009,0.003,16,600,33,bernoulli,8.0000,0.001000
sift1m,10000,128,16,10,0.050000,fixed,32,32,10,1.000000,1.207,0.044,1.109,0.013,0.004,32,1154,66,bernoulli,8.0000,0.001000
sift1m,10000,128,16,10,0.050000,fixed,64,64,10,1.000000,2.249,0.053,2.098,0.027,0.006,64,2233,142,bernoulli,8.0000,0.001000
sift1m,10000,128,16,10,0.100000,fixed,8,8,10,0.500000,0.369,0.033,0.320,0.004,0.002,8,305,30,bernoulli,8.0000,0.001000
sift1m,10000,128,16,10,0.100000,fixed,16,16,10,0.900000,0.667,0.031,0.607,0.009,0.003,16,600,62,bernoulli,8.0000,0.001000
sift1m,10000,128,16,10,0.100000,fixed,32,32,10,1.000000,1.220,0.038,1.127,0.016,0.004,32,1154,114,bernoulli,8.0000,0.001000
sift1m,10000,128,16,10,0.100000,fixed,64,64,10,1.000000,2.397,0.048,2.241,0.032,0.006,64,2233,212,bernoulli,8.0000,0.001000
sift1m,10000,128,16,10,0.500000,fixed,8,8,10,0.600000,0.472,0.042,0.399,0.009,0.004,8,305,137,bernoulli,8.0000,0.001000
sift1m,10000,128,16,10,0.500000,fixed,16,16,10,0.900000,0.961,0.119,0.778,0.030,0.003,16,600,289,bernoulli,8.0000,0.001000
sift1m,10000,128,16,10,0.500000,fixed,32,32,10,1.000000,1.433,0.079,1.264,0.029,0.005,32,1154,562,bernoulli,8.0000,0.001000
sift1m,10000,128,16,10,0.500000,fixed,64,64,10,1.000000,2.662,0.088,2.402,0.058,0.008,64,2233,1120,bernoulli,8.0000,0.001000
sift1m,10000,128,16,10,1.000000,fixed,8,8,10,0.900000,0.490,0.093,0.370,0.012,0.003,8,305,305,bernoulli,8.0000,0.001000
sift1m,10000,128,16,10,1.000000,fixed,16,16,10,1.000000,0.769,0.056,0.664,0.022,0.003,16,600,600,bernoulli,8.0000,0.001000
sift1m,10000,128,16,10,1.000000,fixed,32,32,10,1.000000,1.330,0.065,1.179,0.040,0.004,32,1154,1154,bernoulli,8.0000,0.001000
sift1m,10000,128,16,10,1.000000,fixed,64,64,10,1.000000,2.600,0.065,2.355,0.082,0.008,64,2233,2233,bernoulli,8.0000,0.001000
sift1m,10000,128,17,10,0.001000,fixed,8,8,0,0.000000,0.479,0.118,0.350,0.002,0.001,8,297,0,bernoulli,8.0000,0.001000
sift1m,10000,128,17,10,0.001000,fixed,16,16,0,0.000000,0.729,0.054,0.656,0.003,0.001,16,606,0,bernoulli,8.0000,0.001000
sift1m,10000,128,17,10,0.001000,fixed,32,32,0,0.000000,1.374,0.053,1.281,0.007,0.002,32,1168,0,bernoulli,8.0000,0.001000
sift1m,10000,128,17,10,0.001000,fixed,64,64,1,0.100000,2.584,0.098,2.402,0.022,0.003,64,2255,1,bernoulli,8.0000,0.001000
sift1m,10000,128,17,10,0.010000,fixed,8,8,4,0.300000,0.438,0.091,0.330,0.002,0.004,8,297,5,bernoulli,8.0000,0.001000
sift1m,10000,128,17,10,0.010000,fixed,16,16,7,0.400000,0.694,0.048,0.620,0.004,0.002,16,606,8,bernoulli,8.0000,0.001000
sift1m,10000,128,17,10,0.010000,fixed,32,32,10,0.600000,1.246,0.046,1.150,0.008,0.002,32,1168,13,bernoulli,8.0000,0.001000
sift1m,10000,128,17,10,0.010000,fixed,64,64,10,0.800000,2.507,0.059,2.317,0.018,0.012,64,2255,26,bernoulli,8.0000,0.001000
sift1m,10000,128,17,10,0.050000,fixed,8,8,10,0.500000,0.478,0.085,0.377,0.004,0.002,8,297,14,bernoulli,8.0000,0.001000
sift1m,10000,128,17,10,0.050000,fixed,16,16,10,0.600000,0.769,0.067,0.674,0.006,0.002,16,606,32,bernoulli,8.0000,0.001000
sift1m,10000,128,17,10,0.050000,fixed,32,32,10,1.000000,1.421,0.071,1.297,0.013,0.004,32,1168,55,bernoulli,8.0000,0.001000
sift1m,10000,128,17,10,0.050000,fixed,64,64,10,1.000000,2.495,0.095,2.298,0.024,0.007,64,2255,98,bernoulli,8.0000,0.001000
sift1m,10000,128,17,10,0.100000,fixed,8,8,10,0.300000,0.359,0.038,0.305,0.004,0.001,8,297,23,bernoulli,8.0000,0.001000
sift1m,10000,128,17,10,0.100000,fixed,16,16,10,0.400000,0.661,0.034,0.597,0.009,0.002,16,606,53,bernoulli,8.0000,0.001000
sift1m,10000,128,17,10,0.100000,fixed,32,32,10,0.700000,1.259,0.037,1.163,0.018,0.004,32,1168,118,bernoulli,8.0000,0.001000
sift1m,10000,128,17,10,0.100000,fixed,64,64,10,1.000000,2.565,0.052,2.382,0.035,0.014,64,2255,239,bernoulli,8.0000,0.001000
sift1m,10000,128,17,10,0.500000,fixed,8,8,10,0.900000,0.488,0.094,0.368,0.008,0.002,8,297,139,bernoulli,8.0000,0.001000
sift1m,10000,128,17,10,0.500000,fixed,16,16,10,1.000000,0.867,0.054,0.762,0.016,0.003,16,606,297,bernoulli,8.0000,0.001000
sift1m,10000,128,17,10,0.500000,fixed,32,32,10,1.000000,1.409,0.062,1.262,0.028,0.005,32,1168,587,bernoulli,8.0000,0.001000
sift1m,10000,128,17,10,0.500000,fixed,64,64,10,1.000000,2.590,0.070,2.344,0.056,0.011,64,2255,1133,bernoulli,8.0000,0.001000
sift1m,10000,128,17,10,1.000000,fixed,8,8,10,1.000000,0.399,0.053,0.322,0.011,0.002,8,297,297,bernoulli,8.0000,0.001000
sift1m,10000,128,17,10,1.000000,fixed,16,16,10,1.000000,0.702,0.034,0.626,0.021,0.002,16,606,606,bernoulli,8.0000,0.001000
sift1m,10000,128,17,10,1.000000,fixed,32,32,10,1.000000,1.366,0.036,1.226,0.040,0.004,32,1168,1168,bernoulli,8.0000,0.001000
sift1m,10000,128,17,10,1.000000,fixed,64,64,10,1.000000,2.717,0.082,2.452,0.084,0.007,64,2255,2255,bernoulli,8.0000,0.001000
sift1m,10000,128,18,10,0.001000,fixed,8,8,0,0.000000,0.329,0.080,0.240,0.001,0.001,8,257,0,bernoulli,8.0000,0.001000
sift1m,10000,128,18,10,0.001000,fixed,16,16,0,0.000000,0.590,0.051,0.522,0.003,0.001,16,564,0,bernoulli,8.0000,0.001000
sift1m,10000,128,18,10,0.001000,fixed,32,32,1,0.166667,1.038,0.051,0.954,0.005,0.001,32,1045,1,bernoulli,8.0000,0.001000
sift1m,10000,128,18,10,0.001000,fixed,64,64,1,0.166667,2.087,0.063,1.957,0.010,0.002,64,2123,2,bernoulli,8.0000,0.001000
sift1m,10000,128,18,10,0.010000,fixed,8,8,2,0.100000,0.278,0.040,0.225,0.002,0.001,8,257,2,bernoulli,8.0000,0.001000
sift1m,10000,128,18,10,0.010000,fixed,16,16,5,0.200000,0.597,0.037,0.536,0.004,0.001,16,564,5,bernoulli,8.0000,0.001000
sift1m,10000,128,18,10,0.010000,fixed,32,32,8,0.300000,1.035,0.040,0.951,0.008,0.002,32,1045,9,bernoulli,8.0000,0.001000
sift1m,10000,128,18,10,0.010000,fixed,64,64,10,0.600000,2.388,0.051,2.222,0.028,0.012,64,2123,20,bernoulli,8.0000,0.001000
sift1m,10000,128,18,10,0.050000,fixed,8,8,10,0.200000,0.378,0.101,0.263,0.003,0.002,8,257,11,bernoulli,8.0000,0.001000
sift1m,10000,128,18,10,0.050000,fixed,16,16,10,0.300000,0.701,0.055,0.618,0.006,0.003,16,564,25,bernoulli,8.0000,0.001000
sift1m,10000,128,18,10,0.050000,fixed,32,32,10,0.700000,1.116,0.079,0.978,0.020,0.007,32,1045,50,bernoulli,8.0000,0.001000
sift1m,10000,128,18,10,0.050000,fixed,64,64,10,1.000000,2.185,0.059,2.016,0.042,0.006,64,2123,116,bernoulli,8.0000,0.001000
sift1m,10000,128,18,10,0.100000,fixed,8,8,10,0.400000,0.275,0.030,0.231,0.004,0.001,8,257,23,bernoulli,8.0000,0.001000
sift1m,10000,128,18,10,0.100000,fixed,16,16,10,0.600000,0.601,0.031,0.542,0.008,0.002,16,564,50,bernoulli,8.0000,0.001000
sift1m,10000,128,18,10,0.100000,fixed,32,32,10,0.700000,1.064,0.034,0.980,0.014,0.004,32,1045,83,bernoulli,8.0000,0.001000
sift1m,10000,128,18,10,0.100000,fixed,64,64,10,1.000000,2.130,0.047,1.981,0.029,0.006,64,2123,184,bernoulli,8.0000,0.001000
sift1m,10000,128,18,10,0.500000,fixed,8,8,10,0.900000,0.301,0.048,0.232,0.007,0.002,8,257,130,bernoulli,8.0000,0.001000
sift1m,10000,128,18,10,0.500000,fixed,16,16,10,1.000000,0.601,0.037,0.524,0.014,0.002,16,564,288,bernoulli,8.0000,0.001000
sift1m,10000,128,18,10,0.500000,fixed,32,32,10,1.000000,1.090,0.039,0.976,0.025,0.004,32,1045,537,bernoulli,8.0000,0.001000
sift1m,10000,128,18,10,0.500000,fixed,64,64,10,1.000000,2.205,0.056,2.001,0.051,0.005,64,2123,1096,bernoulli,8.0000,0.001000
sift1m,10000,128,18,10,1.000000,fixed,8,8,10,0.900000,0.283,0.035,0.228,0.010,0.002,8,257,257,bernoulli,8.0000,0.001000
sift1m,10000,128,18,10,1.000000,fixed,16,16,10,1.000000,0.596,0.031,0.526,0.019,0.002,16,564,564,bernoulli,8.0000,0.001000
sift1m,10000,128,18,10,1.000000,fixed,32,32,10,1.000000,1.078,0.036,0.968,0.036,0.003,32,1045,1045,bernoulli,8.0000,0.001000
sift1m,10000,128,18,10,1.000000,fixed,64,64,10,1.000000,2.206,0.051,2.006,0.075,0.005,64,2123,2123,bernoulli,8.0000,0.001000
sift1m,10000,128,19,10,0.001000,fixed,8,8,0,0.000000,0.480,0.102,0.357,0.011,0.002,8,283,0,bernoulli,8.0000,0.001000
sift1m,10000,128,19,10,0.001000,fixed,16,16,0,0.000000,0.698,0.053,0.623,0.003,0.004,16,588,0,bernoulli,8.0000,0.001000
sift1m,10000,128,19,10,0.001000,fixed,32,32,0,0.000000,1.284,0.048,1.196,0.006,0.004,32,1160,0,bernoulli,8.0000,0.001000
sift1m,10000,128,19,10,0.001000,fixed,64,64,0,0.000000,2.621,0.060,2.459,0.040,0.002,64,2388,0,bernoulli,8.0000,0.001000
sift1m,10000,128,19,10,0.010000,fixed,8,8,2,0.200000,0.354,0.057,0.279,0.002,0.004,8,283,2,bernoulli,8.0000,0.001000
sift1m,10000,128,19,10,0.010000,fixed,16,16,5,0.500000,0.649,0.048,0.577,0.004,0.001,16,588,5,bernoulli,8.0000,0.001000
sift1m,10000,128,19,10,0.010000,fixed,32,32,8,0.700000,1.227,0.047,1.136,0.008,0.002,32,1160,10,bernoulli,8.0000,0.001000
sift1m,10000,128,19,10,0.010000,fixed,64,64,10,0.700000,2.551,0.058,2.400,0.017,0.003,64,2388,17,bernoulli,8.0000,0.001000
sift1m,10000,128,19,10,0.050000,fixed,8,8,10,0.300000,0.340,0.036,0.290,0.003,0.001,8,283,16,bernoulli,8.0000,0.001000
sift1m,10000,128,19,10,0.050000,fixed,16,16,10,0.600000,0.665,0.034,0.606,0.006,0.002,16,588,29,bernoulli,8.0000,0.001000
sift1m,10000,128,19,10,0.050000,fixed,32,32,10,0.800000,1.343,0.073,1.219,0.012,0.004,32,1160,46,bernoulli,8.0000,0.001000
sift1m,10000,128,19,10,0.050000,fixed,64,64,10,1.000000,2.813,0.087,2.619,0.025,0.007,64,2388,98,bernoulli,8.0000,0.001000
sift1m,10000,128,19,10,0.100000,fixed,8,8,10,0.400000,0.382,0.072,0.294,0.005,0.002,8,283,34,bernoulli,8.0000,0.001000
sift1m,10000,128,19,10,0.100000,fixed,16,16,10,0.700000,0.699,0.034,0.635,0.009,0.003,16,588,64,bernoulli,8.0000,0.001000
sift1m,10000,128,19,10,0.100000,fixed,32,32,10,0.900000,1.288,0.051,1.179,0.018,0.004,32,1160,137,bernoulli,8.0000,0.001000
sift1m,10000,128,19,10,0.100000,fixed,64,64,10,1.000000,2.573,0.057,2.404,0.035,0.006,64,2388,247,bernoulli,8.0000,0.001000
sift1m,10000,128,19,10,0.500000,fixed,8,8,10,0.800000,0.367,0.048,0.293,0.007,0.002,8,283,140,bernoulli,8.0000,0.001000
sift1m,10000,128,19,10,0.500000,fixed,16,16,10,0.900000,0.721,0.033,0.643,0.015,0.003,16,588,296,bernoulli,8.0000,0.001000
sift1m,10000,128,19,10,0.500000,fixed,32,32,10,0.900000,1.335,0.061,1.191,0.028,0.004,32,1160,562,bernoulli,8.0000,0.001000
sift1m,10000,128,19,10,0.500000,fixed,64,64,10,1.000000,2.669,0.054,2.448,0.059,0.005,64,2388,1190,bernoulli,8.0000,0.001000
sift1m,10000,128,19,10,1.000000,fixed,8,8,10,0.900000,0.346,0.033,0.289,0.011,0.002,8,283,283,bernoulli,8.0000,0.001000
sift1m,10000,128,19,10,1.000000,fixed,16,16,10,1.000000,0.679,0.030,0.607,0.021,0.002,16,588,588,bernoulli,8.0000,0.001000
sift1m,10000,128,19,10,1.000000,fixed,32,32,10,1.000000,1.323,0.035,1.204,0.041,0.004,32,1160,1160,bernoulli,8.0000,0.001000
sift1m,10000,128,19,10,1.000000,fixed,64,64,10,1.000000,2.884,0.052,2.616,0.088,0.009,64,2388,2388,bernoulli,8.0000,0.001000
sift1m,10000,128,20,10,0.001000,fixed,8,8,0,0.000000,0.468,0.105,0.346,0.001,0.001,8,298,0,bernoulli,8.0000,0.001000
sift1m,10000,128,20,10,0.001000,fixed,16,16,1,0.125000,0.717,0.051,0.643,0.003,0.001,16,604,1,bernoulli,8.0000,0.001000
sift1m,10000,128,20,10,0.001000,fixed,32,32,1,0.125000,1.207,0.055,1.112,0.005,0.003,32,1098,1,bernoulli,8.0000,0.001000
sift1m,10000,128,20,10,0.001000,fixed,64,64,2,0.250000,2.186,0.068,2.054,0.010,0.002,64,2065,3,bernoulli,8.0000,0.001000
sift1m,10000,128,20,10,0.010000,fixed,8,8,4,0.400000,0.391,0.038,0.338,0.002,0.001,8,298,4,bernoulli,8.0000,0.001000
sift1m,10000,128,20,10,0.010000,fixed,16,16,5,0.500000,0.688,0.056,0.606,0.004,0.001,16,604,5,bernoulli,8.0000,0.001000
sift1m,10000,128,20,10,0.010000,fixed,32,32,5,0.500000,1.137,0.051,1.040,0.008,0.002,32,1098,8,bernoulli,8.0000,0.001000
sift1m,10000,128,20,10,0.010000,fixed,64,64,7,0.600000,2.232,0.058,2.085,0.016,0.004,64,2065,18,bernoulli,8.0000,0.001000
sift1m,10000,128,20,10,0.050000,fixed,8,8,10,0.600000,0.378,0.042,0.321,0.004,0.002,8,298,13,bernoulli,8.0000,0.001000
sift1m,10000,128,20,10,0.050000,fixed,16,16,10,1.000000,0.718,0.040,0.648,0.008,0.003,16,604,37,bernoulli,8.0000,0.001000
sift1m,10000,128,20,10,0.050000,fixed,32,32,10,1.000000,1.305,0.049,1.185,0.015,0.015,32,1098,64,bernoulli,8.0000,0.001000
sift1m,10000,128,20,10,0.050000,fixed,64,64,10,1.000000,2.235,0.099,2.035,0.025,0.006,64,2065,121,bernoulli,8.0000,0.001000
sift1m,10000,128,20,10,0.100000,fixed,8,8,10,1.000000,0.361,0.049,0.296,0.005,0.002,8,298,39,bernoulli,8.0000,0.001000
sift1m,10000,128,20,10,0.100000,fixed,16,16,10,1.000000,0.678,0.038,0.606,0.010,0.003,16,604,82,bernoulli,8.0000,0.001000
sift1m,10000,128,20,10,0.100000,fixed,32,32,10,1.000000,1.112,0.039,1.016,0.017,0.004,32,1098,134,bernoulli,8.0000,0.001000
sift1m,10000,128,20,10,0.100000,fixed,64,64,10,1.000000,2.100,0.052,1.944,0.032,0.007,64,2065,237,bernoulli,8.0000,0.001000
sift1m,10000,128,20,10,0.500000,fixed,8,8,10,1.000000,0.384,0.051,0.304,0.007,0.002,8,298,128,bernoulli,8.0000,0.001000
sift1m,10000,128,20,10,0.500000,fixed,16,16,10,1.000000,0.684,0.046,0.598,0.013,0.003,16,604,284,bernoulli,8.0000,0.001000
sift1m,10000,128,20,10,0.500000,fixed,32,32,10,1.000000,1.339,0.037,1.206,0.028,0.010,32,1098,568,bernoulli,8.0000,0.001000
sift1m,10000,128,20,10,0.500000,fixed,64,64,10,1.000000,2.530,0.119,2.241,0.055,0.011,64,2065,1067,bernoulli,8.0000,0.001000
sift1m,10000,128,20,10,1.000000,fixed,8,8,10,1.000000,0.455,0.068,0.358,0.012,0.003,8,298,298,bernoulli,8.0000,0.001000
sift1m,10000,128,20,10,1.000000,fixed,16,16,10,1.000000,0.728,0.050,0.632,0.022,0.004,16,604,604,bernoulli,8.0000,0.001000
sift1m,10000,128,20,10,1.000000,fixed,32,32,10,1.000000,1.176,0.049,1.046,0.038,0.005,32,1098,1098,bernoulli,8.0000,0.001000
sift1m,10000,128,20,10,1.000000,fixed,64,64,10,1.000000,2.217,0.058,2.006,0.076,0.007,64,2065,2065,bernoulli,8.0000,0.001000
sift1m,10000,128,21,10,0.001000,fixed,8,8,1,0.142857,0.439,0.076,0.351,0.002,0.001,8,293,1,bernoulli,8.0000,0.001000
sift1m,10000,128,21,10,0.001000,fixed,16,16,2,0.285714,0.689,0.053,0.617,0.003,0.001,16,571,2,bernoulli,8.0000,0.001000
sift1m,10000,128,21,10,0.001000,fixed,32,32,2,0.285714,1.226,0.055,1.135,0.006,0.001,32,1106,2,bernoulli,8.0000,0.001000
sift1m,10000,128,21,10,0.001000,fixed,64,64,2,0.285714,2.378,0.068,2.230,0.023,0.002,64,2110,2,bernoulli,8.0000,0.001000
sift1m,10000,128,21,10,0.010000,fixed,8,8,3,0.200000,0.387,0.061,0.310,0.002,0.001,8,293,4,bernoulli,8.0000,0.001000
sift1m,10000,128,21,10,0.010000,fixed,16,16,6,0.400000,0.659,0.048,0.582,0.004,0.001,16,571,7,bernoulli,8.0000,0.001000
sift1m,10000,128,21,10,0.010000,fixed,32,32,10,0.700000,1.184,0.047,1.080,0.008,0.003,32,1106,19,bernoulli,8.0000,0.001000
sift1m,10000,128,21,10,0.010000,fixed,64,64,10,0.800000,2.264,0.059,2.098,0.016,0.004,64,2110,33,bernoulli,8.0000,0.001000
sift1m,10000,128,21,10,0.050000,fixed,8,8,10,0.600000,0.382,0.037,0.330,0.003,0.002,8,293,18,bernoulli,8.0000,0.001000
sift1m,10000,128,21,10,0.050000,fixed,16,16,10,0.700000,0.666,0.057,0.584,0.006,0.002,16,571,25,bernoulli,8.0000,0.001000
sift1m,10000,128,21,10,0.050000,fixed,32,32,10,0.800000,1.181,0.052,1.081,0.012,0.004,32,1106,62,bernoulli,8.0000,0.001000
sift1m,10000,128,21,10,0.050000,fixed,64,64,10,0.900000,2.237,0.060,2.087,0.023,0.006,64,2110,102,bernoulli,8.0000,0.001000
sift1m,10000,128,21,10,0.100000,fixed,8,8,10,0.600000,0.367,0.037,0.314,0.004,0.002,8,293,24,bernoulli,8.0000,0.001000
sift1m,10000,128,21,10,0.100000,fixed,16,16,10,0.900000,0.628,0.035,0.563,0.008,0.003,16,571,55,bernoulli,8.0000,0.001000
sift1m,10000,128,21,10,0.100000,fixed,32,32,10,1.000000,1.189,0.039,1.090,0.017,0.006,32,1106,130,bernoulli,8.0000,0.001000
sift1m,10000,128,21,10,0.100000,fixed,64,64,10,1.000000,2.430,0.064,2.243,0.033,0.008,64,2110,231,bernoulli,8.0000,0.001000
sift1m,10000,128,21,10,0.500000,fixed,8,8,10,1.000000,0.477,0.082,0.369,0.008,0.003,8,293,138,bernoulli,8.0000,0.001000
sift1m,10000,128,21,10,0.500000,fixed,16,16,10,1.000000,0.769,0.048,0.670,0.015,0.005,16,571,277,bernoulli,8.0000,0.001000
sift1m,10000,128,21,10,0.500000,fixed,32,32,10,1.000000,1.229,0.077,1.072,0.026,0.005,32,1106,534,bernoulli,8.0000,0.001000
sift1m,10000,128,21,10,0.500000,fixed,64,64,10,1.000000,2.412,0.069,2.190,0.050,0.009,64,2110,1006,bernoulli,8.0000,0.001000
sift1m,10000,128,21,10,1.000000,fixed,8,8,10,1.000000,0.429,0.057,0.345,0.011,0.003,8,293,293,bernoulli,8.0000,0.001000
sift1m,10000,128,21,10,1.000000,fixed,16,16,10,1.000000,0.656,0.044,0.570,0.020,0.003,16,571,571,bernoulli,8.0000,0.001000
sift1m,10000,128,21,10,1.000000,fixed,32,32,10,1.000000,1.252,0.040,1.125,0.039,0.005,32,1106,1106,bernoulli,8.0000,0.001000
sift1m,10000,128,21,10,1.000000,fixed,64,64,10,1.000000,2.306,0.054,2.099,0.076,0.007,64,2110,2110,bernoulli,8.0000,0.001000
sift1m,10000,128,22,10,0.001000,fixed,8,8,0,0.000000,0.286,0.060,0.218,0.001,0.001,8,221,0,bernoulli,8.0000,0.001000
sift1m,10000,128,22,10,0.001000,fixed,16,16,0,0.000000,0.683,0.050,0.613,0.004,0.002,16,447,0,bernoulli,8.0000,0.001000
sift1m,10000,128,22,10,0.001000,fixed,32,32,1,0.166667,1.060,0.089,0.934,0.010,0.002,32,963,1,bernoulli,8.0000,0.001000
sift1m,10000,128,22,10,0.001000,fixed,64,64,1,0.166667,2.260,0.071,2.105,0.029,0.003,64,2092,1,bernoulli,8.0000,0.001000
sift1m,10000,128,22,10,0.010000,fixed,8,8,3,0.300000,0.274,0.052,0.208,0.002,0.001,8,221,4,bernoulli,8.0000,0.001000
sift1m,10000,128,22,10,0.010000,fixed,16,16,5,0.400000,0.500,0.040,0.438,0.004,0.002,16,447,11,bernoulli,8.0000,0.001000
sift1m,10000,128,22,10,0.010000,fixed,32,32,9,0.600000,0.982,0.041,0.897,0.008,0.003,32,963,21,bernoulli,8.0000,0.001000
sift1m,10000,128,22,10,0.010000,fixed,64,64,10,0.800000,2.153,0.056,2.006,0.016,0.005,64,2092,38,bernoulli,8.0000,0.001000
sift1m,10000,128,22,10,0.050000,fixed,8,8,10,0.600000,0.250,0.031,0.207,0.003,0.002,8,221,19,bernoulli,8.0000,0.001000
sift1m,10000,128,22,10,0.050000,fixed,16,16,10,0.900000,0.484,0.031,0.431,0.006,0.002,16,447,34,bernoulli,8.0000,0.001000
sift1m,10000,128,22,10,0.050000,fixed,32,32,10,1.000000,1.068,0.036,0.981,0.013,0.007,32,963,62,bernoulli,8.0000,0.001000
sift1m,10000,128,22,10,0.050000,fixed,64,64,10,1.000000,2.516,0.110,2.296,0.033,0.007,64,2092,124,bernoulli,8.0000,0.001000
sift1m,10000,128,22,10,0.100000,fixed,8,8,10,0.500000,0.334,0.075,0.241,0.004,0.002,8,221,22,bernoulli,8.0000,0.001000
sift1m,10000,128,22,10,0.100000,fixed,16,16,10,1.000000,0.548,0.055,0.466,0.007,0.003,16,447,48,bernoulli,8.0000,0.001000
sift1m,10000,128,22,10,0.100000,fixed,32,32,10,1.000000,1.057,0.055,0.948,0.015,0.004,32,963,102,bernoulli,8.0000,0.001000
sift1m,10000,128,22,10,0.100000,fixed,64,64,10,1.000000,2.406,0.066,2.227,0.032,0.007,64,2092,220,bernoulli,8.0000,0.001000
sift1m,10000,128,22,10,0.500000,fixed,8,8,10,1.000000,0.314,0.060,0.234,0.006,0.002,8,221,113,bernoulli,8.0000,0.001000
sift1m,10000,128,22,10,0.500000,fixed,16,16,10,1.000000,0.500,0.049,0.417,0.011,0.002,16,447,225,bernoulli,8.0000,0.001000
sift1m,10000,128,22,10,0.500000,fixed,32,32,10,1.000000,1.004,0.051,0.882,0.023,0.004,32,963,481,bernoulli,8.0000,0.001000
sift1m,10000,128,22,10,0.500000,fixed,64,64,10,1.000000,2.481,0.094,2.217,0.055,0.007,64,2092,1035,bernoulli,8.0000,0.001000
sift1m,10000,128,22,10,1.000000,fixed,8,8,10,1.000000,0.282,0.052,0.211,0.009,0.002,8,221,221,bernoulli,8.0000,0.001000
sift1m,10000,128,22,10,1.000000,fixed,16,16,10,1.000000,0.497,0.042,0.421,0.016,0.002,16,447,447,bernoulli,8.0000,0.001000
sift1m,10000,128,22,10,1.000000,fixed,32,32,10,1.000000,0.996,0.041,0.885,0.034,0.004,32,963,963,bernoulli,8.0000,0.001000
sift1m,10000,128,22,10,1.000000,fixed,64,64,10,1.000000,2.172,0.054,1.969,0.075,0.006,64,2092,2092,bernoulli,8.0000,0.001000
sift1m,10000,128,23,10,0.001000,fixed,8,8,0,0.000000,0.322,0.056,0.256,0.001,0.001,8,271,0,bernoulli,8.0000,0.001000
sift1m,10000,128,23,10,0.001000,fixed,16,16,0,0.000000,0.503,0.046,0.441,0.002,0.001,16,482,0,bernoulli,8.0000,0.001000
sift1m,10000,128,23,10,0.001000,fixed,32,32,1,0.142857,1.090,0.047,1.009,0.005,0.001,32,1011,1,bernoulli,8.0000,0.001000
sift1m,10000,128,23,10,0.001000,fixed,64,64,1,0.142857,2.395,0.059,2.261,0.016,0.002,64,2071,1,bernoulli,8.0000,0.001000
sift1m,10000,128,23,10,0.010000,fixed,8,8,2,0.100000,0.312,0.037,0.260,0.002,0.001,8,271,3,bernoulli,8.0000,0.001000
sift1m,10000,128,23,10,0.010000,fixed,16,16,3,0.100000,0.500,0.037,0.440,0.004,0.001,16,482,4,bernoulli,8.0000,0.001000
sift1m,10000,128,23,10,0.010000,fixed,32,32,7,0.400000,1.067,0.037,0.985,0.007,0.002,32,1011,9,bernoulli,8.0000,0.001000
sift1m,10000,128,23,10,0.010000,fixed,64,64,10,0.600000,2.219,0.050,2.064,0.015,0.003,64,2071,18,bernoulli,8.0000,0.001000
sift1m,10000,128,23,10,0.050000,fixed,8,8,10,0.600000,0.305,0.029,0.257,0.003,0.002,8,271,14,bernoulli,8.0000,0.001000
sift1m,10000,128,23,10,0.050000,fixed,16,16,10,0.900000,0.502,0.029,0.444,0.005,0.002,16,482,23,bernoulli,8.0000,0.001000
sift1m,10000,128,23,10,0.050000,fixed,32,32,10,1.000000,1.117,0.034,1.020,0.011,0.005,32,1011,50,bernoulli,8.0000,0.001000
sift1m,10000,128,23,10,0.050000,fixed,64,64,10,1.000000,2.369,0.053,2.179,0.024,0.017,64,2071,99,bernoulli,8.0000,0.001000
sift1m,10000,128,23,10,0.100000,fixed,8,8,10,0.600000,0.408,0.104,0.290,0.004,0.002,8,271,23,bernoulli,8.0000,0.001000
sift1m,10000,128,23,10,0.100000,fixed,16,16,10,0.800000,0.601,0.049,0.526,0.007,0.003,16,482,41,bernoulli,8.0000,0.001000
sift1m,10000,128,23,10,0.100000,fixed,32,32,10,0.900000,1.180,0.072,1.057,0.014,0.005,32,1011,98,bernoulli,8.0000,0.001000
sift1m,10000,128,23,10,0.100000,fixed,64,64,10,1.000000,2.392,0.079,2.208,0.030,0.009,64,2071,200,bernoulli,8.0000,0.001000
sift1m,10000,128,23,10,0.500000,fixed,8,8,10,0.900000,0.451,0.079,0.330,0.007,0.003,8,271,131,bernoulli,8.0000,0.001000
sift1m,10000,128,23,10,0.500000,fixed,16,16,10,0.900000,0.598,0.053,0.501,0.012,0.003,16,482,237,bernoulli,8.0000,0.001000
sift1m,10000,128,23,10,0.500000,fixed,32,32,10,1.000000,1.158,0.050,1.034,0.024,0.005,32,1011,480,bernoulli,8.0000,0.001000
sift1m,10000,128,23,10,0.500000,fixed,64,64,10,1.000000,2.343,0.064,2.111,0.054,0.008,64,2071,1017,bernoulli,8.0000,0.001000
sift1m,10000,128,23,10,1.000000,fixed,8,8,10,0.900000,0.353,0.061,0.271,0.010,0.002,8,271,271,bernoulli,8.0000,0.001000
sift1m,10000,128,23,10,1.000000,fixed,16,16,10,0.900000,0.544,0.045,0.463,0.018,0.002,16,482,482,bernoulli,8.0000,0.001000
sift1m,10000,128,23,10,1.000000,fixed,32,32,10,1.000000,1.211,0.055,1.081,0.037,0.004,32,1011,1011,bernoulli,8.0000,0.001000
sift1m,10000,128,23,10,1.000000,fixed,64,64,10,1.000000,2.399,0.056,2.184,0.075,0.007,64,2071,2071,bernoulli,8.0000,0.001000
sift1m,10000,128,24,10,0.001000,fixed,8,8,0,0.000000,0.361,0.068,0.283,0.002,0.001,8,268,0,bernoulli,8.0000,0.001000
sift1m,10000,128,24,10,0.001000,fixed,16,16,0,0.000000,0.541,0.048,0.477,0.003,0.001,16,495,0,bernoulli,8.0000,0.001000
sift1m,10000,128,24,10,0.001000,fixed,32,32,1,0.100000,1.038,0.047,0.952,0.006,0.004,32,1021,1,bernoulli,8.0000,0.001000
sift1m,10000,128,24,10,0.001000,fixed,64,64,1,0.100000,2.142,0.068,2.009,0.011,0.001,64,2100,1,bernoulli,8.0000,0.001000
sift1m,10000,128,24,10,0.010000,fixed,8,8,1,0.100000,0.331,0.036,0.282,0.002,0.001,8,268,1,bernoulli,8.0000,0.001000
sift1m,10000,128,24,10,0.010000,fixed,16,16,2,0.100000,0.587,0.034,0.530,0.004,0.001,16,495,4,bernoulli,8.0000,0.001000
sift1m,10000,128,24,10,0.010000,fixed,32,32,6,0.100000,1.036,0.038,0.954,0.008,0.002,32,1021,10,bernoulli,8.0000,0.001000
sift1m,10000,128,24,10,0.010000,fixed,64,64,10,0.700000,2.131,0.049,1.991,0.016,0.004,64,2100,25,bernoulli,8.0000,0.001000
sift1m,10000,128,24,10,0.050000,fixed,8,8,10,0.500000,0.307,0.027,0.267,0.003,0.001,8,268,17,bernoulli,8.0000,0.001000
sift1m,10000,128,24,10,0.050000,fixed,16,16,10,0.700000,0.602,0.028,0.547,0.006,0.004,16,495,31,bernoulli,8.0000,0.001000
sift1m,10000,128,24,10,0.050000,fixed,32,32,10,1.000000,1.217,0.093,1.074,0.012,0.004,32,1021,63,bernoulli,8.0000,0.001000
sift1m,10000,128,24,10,0.050000,fixed,64,64,10,1.000000,2.314,0.079,2.134,0.030,0.007,64,2100,130,bernoulli,8.0000,0.001000
sift1m,10000,128,24,10,0.100000,fixed,8,8,10,0.700000,0.365,0.061,0.289,0.004,0.002,8,268,19,bernoulli,8.0000,0.001000
sift1m,10000,128,24,10,0.100000,fixed,16,16,10,0.800000,0.565,0.047,0.493,0.006,0.002,16,495,33,bernoulli,8.0000,0.001000
sift1m,10000,128,24,10,0.100000,fixed,32,32,10,1.000000,1.079,0.049,0.981,0.014,0.004,32,1021,84,bernoulli,8.0000,0.001000
sift1m,10000,128,24,10,0.100000,fixed,64,64,10,1.000000,2.250,0.061,2.085,0.030,0.007,64,2100,193,bernoulli,8.0000,0.001000
sift1m,10000,128,24,10,0.500000,fixed,8,8,10,1.000000,0.365,0.060,0.281,0.008,0.003,8,268,150,bernoulli,8.0000,0.001000
sift1m,10000,128,24,10,0.500000,fixed,16,16,10,1.000000,0.580,0.047,0.495,0.013,0.003,16,495,270,bernoulli,8.0000,0.001000
sift1m,10000,128,24,10,0.500000,fixed,32,32,10,1.000000,1.252,0.053,1.114,0.027,0.006,32,1021,536,bernoulli,8.0000,0.001000
sift1m,10000,128,24,10,0.500000,fixed,64,64,10,1.000000,2.436,0.082,2.188,0.056,0.007,64,2100,1093,bernoulli,8.0000,0.001000
sift1m,10000,128,24,10,1.000000,fixed,8,8,10,1.000000,0.416,0.066,0.325,0.011,0.002,8,268,268,bernoulli,8.0000,0.001000
sift1m,10000,128,24,10,1.000000,fixed,16,16,10,1.000000,0.622,0.047,0.535,0.018,0.003,16,495,495,bernoulli,8.0000,0.001000
sift1m,10000,128,24,10,1.000000,fixed,32,32,10,1.000000,1.165,0.069,1.017,0.038,0.005,32,1021,1021,bernoulli,8.0000,0.001000
sift1m,10000,128,24,10,1.000000,fixed,64,64,10,1.000000,2.310,0.079,2.075,0.078,0.007,64,2100,2100,bernoulli,8.0000,0.001000
sift1m,10000,128,25,10,0.001000,fixed,8,8,0,0.000000,0.385,0.070,0.301,0.002,0.001,8,286,0,bernoulli,8.0000,0.001000
sift1m,10000,128,25,10,0.001000,fixed,16,16,0,0.000000,0.642,0.053,0.564,0.003,0.001,16,553,0,bernoulli,8.0000,0.001000
sift1m,10000,128,25,10,0.001000,fixed,32,32,1,0.100000,1.362,0.052,1.257,0.007,0.002,32,1112,1,bernoulli,8.0000,0.001000
sift1m,10000,128,25,10,0.001000,fixed,64,64,1,0.100000,2.599,0.100,2.398,0.013,0.002,64,2243,2,bernoulli,8.0000,0.001000
sift1m,10000,128,25,10,0.010000,fixed,8,8,2,0.200000,0.342,0.046,0.283,0.002,0.001,8,286,2,bernoulli,8.0000,0.001000
sift1m,10000,128,25,10,0.010000,fixed,16,16,3,0.300000,0.660,0.039,0.593,0.004,0.001,16,553,3,bernoulli,8.0000,0.001000
sift1m,10000,128,25,10,0.010000,fixed,32,32,5,0.500000,1.274,0.075,1.148,0.008,0.002,32,1112,5,bernoulli,8.0000,0.001000
sift1m,10000,128,25,10,0.010000,fixed,64,64,10,0.600000,2.670,0.082,2.484,0.018,0.004,64,2243,14,bernoulli,8.0000,0.001000
sift1m,10000,128,25,10,0.050000,fixed,8,8,10,0.500000,0.369,0.074,0.281,0.004,0.002,8,286,18,bernoulli,8.0000,0.001000
sift1m,10000,128,25,10,0.050000,fixed,16,16,10,0.500000,0.675,0.054,0.586,0.007,0.008,16,553,29,bernoulli,8.0000,0.001000
sift1m,10000,128,25,10,0.050000,fixed,32,32,10,0.700000,1.397,0.085,1.249,0.021,0.006,32,1112,57,bernoulli,8.0000,0.001000
sift1m,10000,128,25,10,0.050000,fixed,64,64,10,0.900000,2.385,0.092,2.196,0.026,0.007,64,2243,120,bernoulli,8.0000,0.001000
sift1m,10000,128,25,10,0.100000,fixed,8,8,10,0.500000,0.328,0.051,0.262,0.004,0.002,8,286,30,bernoulli,8.0000,0.001000
sift1m,10000,128,25,10,0.100000,fixed,16,16,10,0.700000,0.597,0.043,0.526,0.008,0.002,16,553,56,bernoulli,8.0000,0.001000
sift1m,10000,128,25,10,0.100000,fixed,32,32,10,0.800000,1.172,0.046,1.072,0.016,0.004,32,1112,110,bernoulli,8.0000,0.001000
sift1m,10000,128,25,10,0.100000,fixed,64,64,10,1.000000,2.467,0.058,2.293,0.032,0.010,64,2243,217,bernoulli,8.0000,0.001000
sift1m,10000,128,25,10,0.500000,fixed,8,8,10,0.800000,0.393,0.088,0.282,0.007,0.002,8,286,138,bernoulli,8.0000,0.001000
sift1m,10000,128,25,10,0.500000,fixed,16,16,10,0.900000,0.646,0.056,0.550,0.013,0.003,16,553,266,bernoulli,8.0000,0.001000
sift1m,10000,128,25,10,0.500000,fixed,32,32,10,1.000000,1.400,0.049,1.262,0.029,0.006,32,1112,544,bernoulli,8.0000,0.001000
sift1m,10000,128,25,10,0.500000,fixed,64,64,10,1.000000,2.554,0.099,2.289,0.055,0.007,64,2243,1098,bernoulli,8.0000,0.001000
sift1m,10000,128,25,10,1.000000,fixed,8,8,10,0.800000,0.444,0.088,0.325,0.011,0.003,8,286,286,bernoulli,8.0000,0.001000
sift1m,10000,128,25,10,1.000000,fixed,16,16,10,0.900000,0.640,0.059,0.541,0.019,0.003,16,553,553,bernoulli,8.0000,0.001000
sift1m,10000,128,25,10,1.000000,fixed,32,32,10,1.000000,1.187,0.048,1.061,0.039,0.004,32,1112,1112,bernoulli,8.0000,0.001000
sift1m,10000,128,25,10,1.000000,fixed,64,64,10,1.000000,2.352,0.059,2.138,0.077,0.006,64,2243,2243,bernoulli,8.0000,0.001000
sift1m,10000,128,26,10,0.001000,fixed,8,8,0,0.000000,0.377,0.060,0.307,0.002,0.001,8,285,0,bernoulli,8.0000,0.001000
sift1m,10000,128,26,10,0.001000,fixed,16,16,0,0.000000,0.775,0.049,0.705,0.004,0.002,16,568,0,bernoulli,8.0000,0.001000
sift1m,10000,128,26,10,0.001000,fixed,32,32,0,0.000000,1.463,0.103,1.321,0.007,0.001,32,1115,0,bernoulli,8.0000,0.001000
sift1m,10000,128,26,10,0.001000,fixed,64,64,2,0.222222,2.545,0.102,2.355,0.024,0.003,64,2167,2,bernoulli,8.0000,0.001000
sift1m,10000,128,26,10,0.010000,fixed,8,8,2,0.200000,0.400,0.075,0.313,0.002,0.001,8,285,2,bernoulli,8.0000,0.001000
sift1m,10000,128,26,10,0.010000,fixed,16,16,3,0.300000,0.677,0.059,0.595,0.004,0.001,16,568,4,bernoulli,8.0000,0.001000
sift1m,10000,128,26,10,0.010000,fixed,32,32,5,0.500000,1.220,0.058,1.123,0.008,0.003,32,1115,9,bernoulli,8.0000,0.001000
sift1m,10000,128,26,10,0.010000,fixed,64,64,10,0.700000,2.377,0.073,2.227,0.016,0.004,64,2167,22,bernoulli,8.0000,0.001000
sift1m,10000,128,26,10,0.050000,fixed,8,8,10,0.400000,0.384,0.054,0.315,0.004,0.002,8,285,13,bernoulli,8.0000,0.001000
sift1m,10000,128,26,10,0.050000,fixed,16,16,10,0.600000,0.729,0.043,0.660,0.007,0.002,16,568,26,bernoulli,8.0000,0.001000
sift1m,10000,128,26,10,0.050000,fixed,32,32,10,0.900000,1.242,0.052,1.143,0.013,0.003,32,1115,46,bernoulli,8.0000,0.001000
sift1m,10000,128,26,10,0.050000,fixed,64,64,10,1.000000,2.275,0.058,2.124,0.025,0.006,64,2167,105,bernoulli,8.0000,0.001000
sift1m,10000,128,26,10,0.100000,fixed,8,8,10,0.700000,0.477,0.032,0.420,0.007,0.003,8,285,30,bernoulli,8.0000,0.001000
sift1m,10000,128,26,10,0.100000,fixed,16,16,10,1.000000,0.727,0.069,0.613,0.012,0.003,16,568,55,bernoulli,8.0000,0.001000
sift1m,10000,128,26,10,0.100000,fixed,32,32,10,1.000000,1.279,0.063,1.156,0.016,0.006,32,1115,101,bernoulli,8.0000,0.001000
sift1m,10000,128,26,10,0.100000,fixed,64,64,10,1.000000,2.315,0.068,2.137,0.034,0.007,64,2167,188,bernoulli,8.0000,0.001000
sift1m,10000,128,26,10,0.500000,fixed,8,8,10,1.000000,0.365,0.045,0.296,0.008,0.002,8,285,155,bernoulli,8.0000,0.001000
sift1m,10000,128,26,10,0.500000,fixed,16,16,10,1.000000,0.664,0.037,0.586,0.014,0.003,16,568,306,bernoulli,8.0000,0.001000
sift1m,10000,128,26,10,0.500000,fixed,32,32,10,1.000000,1.248,0.040,1.112,0.045,0.004,32,1115,602,bernoulli,8.0000,0.001000
sift1m,10000,128,26,10,0.500000,fixed,64,64,10,1.000000,2.356,0.060,2.144,0.055,0.007,64,2167,1167,bernoulli,8.0000,0.001000
sift1m,10000,128,26,10,1.000000,fixed,8,8,10,0.900000,0.526,0.117,0.380,0.012,0.005,8,285,285,bernoulli,8.0000,0.001000
sift1m,10000,128,26,10,1.000000,fixed,16,16,10,0.900000,0.706,0.058,0.605,0.020,0.004,16,568,568,bernoulli,8.0000,0.001000
sift1m,10000,128,26,10,1.000000,fixed,32,32,10,1.000000,1.314,0.055,1.177,0.040,0.006,32,1115,1115,bernoulli,8.0000,0.001000
sift1m,10000,128,26,10,1.000000,fixed,64,64,10,1.000000,2.452,0.066,2.218,0.081,0.008,64,2167,2167,bernoulli,8.0000,0.001000
sift1m,10000,128,27,10,0.001000,fixed,8,8,0,0.000000,0.333,0.077,0.247,0.002,0.001,8,267,0,bernoulli,8.0000,0.001000
sift1m,10000,128,27,10,0.001000,fixed,16,16,0,0.000000,0.590,0.051,0.521,0.003,0.001,16,544,0,bernoulli,8.0000,0.001000
sift1m,10000,128,27,10,0.001000,fixed,32,32,1,0.142857,1.082,0.049,0.996,0.005,0.004,32,1061,1,bernoulli,8.0000,0.001000
sift1m,10000,128,27,10,0.001000,fixed,64,64,1,0.142857,2.116,0.065,1.985,0.010,0.001,64,2102,1,bernoulli,8.0000,0.001000
sift1m,10000,128,27,10,0.010000,fixed,8,8,2,0.200000,0.412,0.081,0.314,0.003,0.002,8,267,2,bernoulli,8.0000,0.001000
sift1m,10000,128,27,10,0.010000,fixed,16,16,5,0.400000,0.707,0.069,0.608,0.004,0.002,16,544,6,bernoulli,8.0000,0.001000
sift1m,10000,128,27,10,0.010000,fixed,32,32,8,0.400000,1.268,0.083,1.127,0.008,0.003,32,1061,11,bernoulli,8.0000,0.001000
sift1m,10000,128,27,10,0.010000,fixed,64,64,10,0.800000,2.401,0.088,2.201,0.022,0.004,64,2102,25,bernoulli,8.0000,0.001000
sift1m,10000,128,27,10,0.050000,fixed,8,8,10,0.400000,0.352,0.052,0.285,0.003,0.002,8,267,13,bernoulli,8.0000,0.001000
sift1m,10000,128,27,10,0.050000,fixed,16,16,10,0.400000,0.626,0.047,0.554,0.006,0.002,16,544,30,bernoulli,8.0000,0.001000
sift1m,10000,128,27,10,0.050000,fixed,32,32,10,0.700000,1.099,0.040,1.013,0.011,0.004,32,1061,52,bernoulli,8.0000,0.001000
sift1m,10000,128,27,10,0.050000,fixed,64,64,10,0.900000,2.262,0.053,2.114,0.023,0.009,64,2102,112,bernoulli,8.0000,0.001000
sift1m,10000,128,27,10,0.100000,fixed,8,8,10,0.600000,0.404,0.081,0.306,0.004,0.002,8,267,21,bernoulli,8.0000,0.001000
sift1m,10000,128,27,10,0.100000,fixed,16,16,10,0.800000,0.706,0.100,0.573,0.009,0.003,16,544,48,bernoulli,8.0000,0.001000
sift1m,10000,128,27,10,0.100000,fixed,32,32,10,1.000000,1.119,0.058,1.007,0.015,0.004,32,1061,99,bernoulli,8.0000,0.001000
sift1m,10000,128,27,10,0.100000,fixed,64,64,10,1.000000,2.197,0.065,2.029,0.030,0.007,64,2102,209,bernoulli,8.0000,0.001000
sift1m,10000,128,27,10,0.500000,fixed,8,8,10,0.800000,0.310,0.041,0.247,0.008,0.002,8,267,147,bernoulli,8.0000,0.001000
sift1m,10000,128,27,10,0.500000,fixed,16,16,10,0.900000,0.613,0.038,0.534,0.013,0.003,16,544,279,bernoulli,8.0000,0.001000
sift1m,10000,128,27,10,0.500000,fixed,32,32,10,1.000000,1.125,0.041,1.009,0.025,0.004,32,1061,544,bernoulli,8.0000,0.001000
sift1m,10000,128,27,10,0.500000,fixed,64,64,10,1.000000,2.220,0.053,2.017,0.051,0.007,64,2102,1072,bernoulli,8.0000,0.001000
sift1m,10000,128,27,10,1.000000,fixed,8,8,10,0.700000,0.316,0.044,0.250,0.010,0.002,8,267,267,bernoulli,8.0000,0.001000
sift1m,10000,128,27,10,1.000000,fixed,16,16,10,0.800000,0.747,0.035,0.650,0.021,0.005,16,544,544,bernoulli,8.0000,0.001000
sift1m,10000,128,27,10,1.000000,fixed,32,32,10,1.000000,1.283,0.117,1.083,0.040,0.005,32,1061,1061,bernoulli,8.0000,0.001000
sift1m,10000,128,27,10,1.000000,fixed,64,64,10,1.000000,2.224,0.081,1.992,0.075,0.007,64,2102,2102,bernoulli,8.0000,0.001000
sift1m,10000,128,28,10,0.001000,fixed,8,8,0,0.000000,0.383,0.065,0.308,0.002,0.001,8,280,0,bernoulli,8.0000,0.001000
sift1m,10000,128,28,10,0.001000,fixed,16,16,0,0.000000,0.668,0.053,0.596,0.003,0.001,16,588,0,bernoulli,8.0000,0.001000
sift1m,10000,128,28,10,0.001000,fixed,32,32,0,0.000000,1.240,0.046,1.158,0.006,0.001,32,1165,0,bernoulli,8.0000,0.001000
sift1m,10000,128,28,10,0.001000,fixed,64,64,2,0.200000,2.270,0.055,2.147,0.011,0.002,64,2154,2,bernoulli,8.0000,0.001000
sift1m,10000,128,28,10,0.010000,fixed,8,8,1,0.000000,0.339,0.031,0.295,0.002,0.001,8,280,1,bernoulli,8.0000,0.001000
sift1m,10000,128,28,10,0.010000,fixed,16,16,3,0.200000,0.712,0.030,0.650,0.006,0.003,16,588,3,bernoulli,8.0000,0.001000
sift1m,10000,128,28,10,0.010000,fixed,32,32,8,0.500000,1.532,0.114,1.358,0.009,0.003,32,1165,10,bernoulli,8.0000,0.001000
sift1m,10000,128,28,10,0.010000,fixed,64,64,10,0.800000,2.451,0.109,2.237,0.016,0.004,64,2154,22,bernoulli,8.0000,0.001000
sift1m,10000,128,28,10,0.050000,fixed,8,8,7,0.500000,0.354,0.053,0.283,0.003,0.001,8,280,8,bernoulli,8.0000,0.001000
sift1m,10000,128,28,10,0.050000,fixed,16,16,10,0.800000,0.705,0.043,0.629,0.009,0.005,16,588,25,bernoulli,8.0000,0.001000
sift1m,10000,128,28,10,0.050000,fixed,32,32,10,0.900000,1.263,0.071,1.137,0.013,0.008,32,1165,48,bernoulli,8.0000,0.001000
sift1m,10000,128,28,10,0.050000,fixed,64,64,10,1.000000,2.260,0.075,2.093,0.024,0.006,64,2154,90,bernoulli,8.0000,0.001000
sift1m,10000,128,28,10,0.100000,fixed,8,8,10,0.800000,0.349,0.050,0.284,0.004,0.002,8,280,28,bernoulli,8.0000,0.001000
sift1m,10000,128,28,10,0.100000,fixed,16,16,10,1.000000,0.729,0.042,0.647,0.010,0.004,16,588,60,bernoulli,8.0000,0.001000
sift1m,10000,128,28,10,0.100000,fixed,32,32,10,1.000000,1.327,0.086,1.174,0.021,0.010,32,1165,111,bernoulli,8.0000,0.001000
sift1m,10000,128,28,10,0.100000,fixed,64,64,10,1.000000,2.391,0.085,2.191,0.039,0.011,64,2154,191,bernoulli,8.0000,0.001000
sift1m,10000,128,28,10,0.500000,fixed,8,8,10,0.900000,0.374,0.065,0.285,0.008,0.002,8,280,148,bernoulli,8.0000,0.001000
sift1m,10000,128,28,10,0.500000,fixed,16,16,10,0.900000,0.678,0.050,0.585,0.015,0.003,16,588,304,bernoulli,8.0000,0.001000
sift1m,10000,128,28,10,0.500000,fixed,32,32,10,1.000000,1.455,0.050,1.312,0.031,0.005,32,1165,610,bernoulli,8.0000,0.001000
sift1m,10000,128,28,10,0.500000,fixed,64,64,10,1.000000,2.307,0.063,2.080,0.058,0.006,64,2154,1143,bernoulli,8.0000,0.001000
sift1m,10000,128,28,10,1.000000,fixed,8,8,10,0.900000,0.449,0.069,0.341,0.012,0.007,8,280,280,bernoulli,8.0000,0.001000
sift1m,10000,128,28,10,1.000000,fixed,16,16,10,0.900000,0.754,0.056,0.652,0.023,0.003,16,588,588,bernoulli,8.0000,0.001000
sift1m,10000,128,28,10,1.000000,fixed,32,32,10,1.000000,1.271,0.053,1.136,0.042,0.004,32,1165,1165,bernoulli,8.0000,0.001000
sift1m,10000,128,28,10,1.000000,fixed,64,64,10,1.000000,2.255,0.059,2.039,0.078,0.006,64,2154,2154,bernoulli,8.0000,0.001000
sift1m,10000,128,29,10,0.001000,fixed,8,8,0,0.000000,0.311,0.057,0.239,0.002,0.001,8,256,0,bernoulli,8.0000,0.001000
sift1m,10000,128,29,10,0.001000,fixed,16,16,1,0.100000,0.547,0.044,0.481,0.003,0.001,16,523,1,bernoulli,8.0000,0.001000
sift1m,10000,128,29,10,0.001000,fixed,32,32,1,0.100000,1.143,0.041,1.055,0.006,0.002,32,1114,4,bernoulli,8.0000,0.001000
sift1m,10000,128,29,10,0.001000,fixed,64,64,4,0.400000,2.306,0.052,2.163,0.012,0.002,64,2232,8,bernoulli,8.0000,0.001000
sift1m,10000,128,29,10,0.010000,fixed,8,8,0,0.000000,0.274,0.026,0.235,0.002,0.001,8,256,0,bernoulli,8.0000,0.001000
sift1m,10000,128,29,10,0.010000,fixed,16,16,0,0.000000,0.674,0.027,0.620,0.005,0.002,16,523,0,bernoulli,8.0000,0.001000
sift1m,10000,128,29,10,0.010000,fixed,32,32,1,0.100000,1.316,0.100,1.168,0.008,0.002,32,1114,1,bernoulli,8.0000,0.001000
sift1m,10000,128,29,10,0.010000,fixed,64,64,6,0.500000,2.454,0.077,2.271,0.018,0.003,64,2232,6,bernoulli,8.0000,0.001000
sift1m,10000,128,29,10,0.050000,fixed,8,8,10,0.800000,0.277,0.029,0.234,0.003,0.002,8,256,16,bernoulli,8.0000,0.001000
sift1m,10000,128,29,10,0.050000,fixed,16,16,10,0.900000,0.537,0.027,0.485,0.006,0.003,16,523,28,bernoulli,8.0000,0.001000
sift1m,10000,128,29,10,0.050000,fixed,32,32,10,1.000000,1.140,0.033,1.057,0.013,0.004,32,1114,60,bernoulli,8.0000,0.001000
sift1m,10000,128,29,10,0.050000,fixed,64,64,10,1.000000,2.286,0.047,2.138,0.026,0.007,64,2232,134,bernoulli,8.0000,0.001000
sift1m,10000,128,29,10,0.100000,fixed,8,8,10,0.700000,0.273,0.023,0.237,0.003,0.002,8,256,19,bernoulli,8.0000,0.001000
sift1m,10000,128,29,10,0.100000,fixed,16,16,10,0.800000,0.548,0.024,0.497,0.007,0.002,16,523,50,bernoulli,8.0000,0.001000
sift1m,10000,128,29,10,0.100000,fixed,32,32,10,1.000000,1.365,0.031,1.270,0.018,0.005,32,1114,110,bernoulli,8.0000,0.001000
sift1m,10000,128,29,10,0.100000,fixed,64,64,10,1.000000,2.293,0.048,2.137,0.032,0.006,64,2232,226,bernoulli,8.0000,0.001000
sift1m,10000,128,29,10,0.500000,fixed,8,8,10,1.000000,0.302,0.041,0.240,0.007,0.002,8,256,125,bernoulli,8.0000,0.001000
sift1m,10000,128,29,10,0.500000,fixed,16,16,10,1.000000,0.557,0.031,0.488,0.012,0.003,16,523,258,bernoulli,8.0000,0.001000
sift1m,10000,128,29,10,0.500000,fixed,32,32,10,1.000000,1.174,0.035,1.061,0.026,0.004,32,1114,553,bernoulli,8.0000,0.001000
sift1m,10000,128,29,10,0.500000,fixed,64,64,10,1.000000,2.403,0.049,2.198,0.053,0.007,64,2232,1105,bernoulli,8.0000,0.001000
sift1m,10000,128,29,10,1.000000,fixed,8,8,10,1.000000,0.319,0.045,0.253,0.010,0.002,8,256,256,bernoulli,8.0000,0.001000
sift1m,10000,128,29,10,1.000000,fixed,16,16,10,1.000000,0.623,0.029,0.522,0.020,0.008,16,523,523,bernoulli,8.0000,0.001000
sift1m,10000,128,29,10,1.000000,fixed,32,32,10,1.000000,1.366,0.111,1.150,0.042,0.006,32,1114,1114,bernoulli,8.0000,0.001000
sift1m,10000,128,29,10,1.000000,fixed,64,64,10,1.000000,2.732,0.087,2.435,0.085,0.025,64,2232,2232,bernoulli,8.0000,0.001000
sift1m,10000,128,30,10,0.001000,fixed,8,8,1,0.142857,0.423,0.076,0.336,0.002,0.001,8,301,1,bernoulli,8.0000,0.001000
sift1m,10000,128,30,10,0.001000,fixed,16,16,1,0.142857,0.660,0.051,0.590,0.003,0.001,16,584,1,bernoulli,8.0000,0.001000
sift1m,10000,128,30,10,0.001000,fixed,32,32,1,0.142857,1.185,0.053,1.096,0.005,0.001,32,1139,1,bernoulli,8.0000,0.001000
sift1m,10000,128,30,10,0.001000,fixed,64,64,1,0.142857,2.125,0.065,1.989,0.010,0.001,64,2079,2,bernoulli,8.0000,0.001000
sift1m,10000,128,30,10,0.010000,fixed,8,8,4,0.300000,0.372,0.043,0.313,0.002,0.001,8,301,5,bernoulli,8.0000,0.001000
sift1m,10000,128,30,10,0.010000,fixed,16,16,5,0.300000,0.732,0.038,0.660,0.005,0.004,16,584,7,bernoulli,8.0000,0.001000
sift1m,10000,128,30,10,0.010000,fixed,32,32,8,0.500000,1.503,0.128,1.311,0.009,0.004,32,1139,12,bernoulli,8.0000,0.001000
sift1m,10000,128,30,10,0.010000,fixed,64,64,10,1.000000,2.316,0.094,2.114,0.016,0.005,64,2079,22,bernoulli,8.0000,0.001000
sift1m,10000,128,30,10,0.050000,fixed,8,8,10,0.600000,0.537,0.104,0.411,0.007,0.004,8,301,14,bernoulli,8.0000,0.001000
sift1m,10000,128,30,10,0.050000,fixed,16,16,10,0.600000,0.782,0.062,0.690,0.007,0.003,16,584,27,bernoulli,8.0000,0.001000
sift1m,10000,128,30,10,0.050000,fixed,32,32,10,0.900000,1.399,0.079,1.260,0.014,0.006,32,1139,58,bernoulli,8.0000,0.001000
sift1m,10000,128,30,10,0.050000,fixed,64,64,10,1.000000,2.389,0.132,2.154,0.026,0.008,64,2079,102,bernoulli,8.0000,0.001000
sift1m,10000,128,30,10,0.100000,fixed,8,8,10,0.300000,0.519,0.068,0.429,0.005,0.004,8,301,20,bernoulli,8.0000,0.001000
sift1m,10000,128,30,10,0.100000,fixed,16,16,10,0.500000,0.744,0.100,0.615,0.008,0.003,16,584,41,bernoulli,8.0000,0.001000
sift1m,10000,128,30,10,0.100000,fixed,32,32,10,0.800000,1.243,0.050,1.139,0.015,0.004,32,1139,96,bernoulli,8.0000,0.001000
sift1m,10000,128,30,10,0.100000,fixed,64,64,10,1.000000,2.280,0.057,2.118,0.029,0.008,64,2079,178,bernoulli,8.0000,0.001000
sift1m,10000,128,30,10,0.500000,fixed,8,8,10,0.700000,0.701,0.103,0.548,0.021,0.004,8,301,137,bernoulli,8.0000,0.001000
sift1m,10000,128,30,10,0.500000,fixed,16,16,10,1.000000,0.847,0.101,0.695,0.016,0.003,16,584,280,bernoulli,8.0000,0.001000
sift1m,10000,128,30,10,0.500000,fixed,32,32,10,1.000000,1.584,0.078,1.405,0.032,0.006,32,1139,556,bernoulli,8.0000,0.001000
sift1m,10000,128,30,10,0.500000,fixed,64,64,10,1.000000,2.455,0.114,2.168,0.054,0.010,64,2079,991,bernoulli,8.0000,0.001000
sift1m,10000,128,30,10,1.000000,fixed,8,8,10,0.900000,0.592,0.098,0.462,0.012,0.003,8,301,301,bernoulli,8.0000,0.001000
sift1m,10000,128,30,10,1.000000,fixed,16,16,10,1.000000,0.800,0.058,0.686,0.022,0.004,16,584,584,bernoulli,8.0000,0.001000
sift1m,10000,128,30,10,1.000000,fixed,32,32,10,1.000000,1.436,0.090,1.244,0.042,0.004,32,1139,1139,bernoulli,8.0000,0.001000
sift1m,10000,128,30,10,1.000000,fixed,64,64,10,1.000000,2.303,0.104,2.043,0.077,0.006,64,2079,2079,bernoulli,8.0000,0.001000
sift1m,10000,128,31,10,0.001000,fixed,8,8,0,0.000000,0.333,0.063,0.259,0.001,0.001,8,258,0,bernoulli,8.0000,0.001000
sift1m,10000,128,31,10,0.001000,fixed,16,16,1,0.100000,0.566,0.048,0.500,0.003,0.001,16,508,1,bernoulli,8.0000,0.001000
sift1m,10000,128,31,10,0.001000,fixed,32,32,2,0.200000,1.102,0.054,1.013,0.006,0.001,32,1035,2,bernoulli,8.0000,0.001000
sift1m,10000,128,31,10,0.001000,fixed,64,64,3,0.300000,2.471,0.063,2.327,0.019,0.002,64,2147,4,bernoulli,8.0000,0.001000
sift1m,10000,128,31,10,0.010000,fixed,8,8,1,0.100000,0.312,0.039,0.261,0.002,0.001,8,258,1,bernoulli,8.0000,0.001000
sift1m,10000,128,31,10,0.010000,fixed,16,16,4,0.400000,0.571,0.038,0.512,0.004,0.001,16,508,4,bernoulli,8.0000,0.001000
sift1m,10000,128,31,10,0.010000,fixed,32,32,8,0.700000,1.097,0.043,1.010,0.008,0.002,32,1035,10,bernoulli,8.0000,0.001000
sift1m,10000,128,31,10,0.010000,fixed,64,64,10,1.000000,2.392,0.050,2.252,0.017,0.004,64,2147,20,bernoulli,8.0000,0.001000
sift1m,10000,128,31,10,0.050000,fixed,8,8,10,0.400000,0.340,0.055,0.272,0.003,0.002,8,258,19,bernoulli,8.0000,0.001000
sift1m,10000,128,31,10,0.050000,fixed,16,16,10,0.700000,0.570,0.032,0.514,0.006,0.002,16,508,31,bernoulli,8.0000,0.001000
sift1m,10000,128,31,10,0.050000,fixed,32,32,10,1.000000,1.149,0.037,1.066,0.011,0.004,32,1035,47,bernoulli,8.0000,0.001000
sift1m,10000,128,31,10,0.050000,fixed,64,64,10,1.000000,2.700,0.052,2.523,0.026,0.026,64,2147,102,bernoulli,8.0000,0.001000
sift1m,10000,128,31,10,0.100000,fixed,8,8,10,0.400000,0.397,0.079,0.301,0.004,0.003,8,258,25,bernoulli,8.0000,0.001000
sift1m,10000,128,31,10,0.100000,fixed,16,16,10,0.900000,0.569,0.033,0.508,0.008,0.003,16,508,50,bernoulli,8.0000,0.001000
sift1m,10000,128,31,10,0.100000,fixed,32,32,10,1.000000,1.205,0.038,1.109,0.017,0.005,32,1035,107,bernoulli,8.0000,0.001000
sift1m,10000,128,31,10,0.100000,fixed,64,64,10,1.000000,2.246,0.084,2.058,0.030,0.007,64,2147,195,bernoulli,8.0000,0.001000
sift1m,10000,128,31,10,0.500000,fixed,8,8,10,0.800000,0.343,0.056,0.267,0.006,0.002,8,258,117,bernoulli,8.0000,0.001000
sift1m,10000,128,31,10,0.500000,fixed,16,16,10,0.800000,0.578,0.045,0.495,0.012,0.003,16,508,240,bernoulli,8.0000,0.001000
sift1m,10000,128,31,10,0.500000,fixed,32,32,10,1.000000,1.192,0.046,1.068,0.024,0.005,32,1035,496,bernoulli,8.0000,0.001000
sift1m,10000,128,31,10,0.500000,fixed,64,64,10,1.000000,2.576,0.066,2.326,0.071,0.009,64,2147,1048,bernoulli,8.0000,0.001000
sift1m,10000,128,31,10,1.000000,fixed,8,8,10,0.900000,0.375,0.081,0.273,0.010,0.002,8,258,258,bernoulli,8.0000,0.001000
sift1m,10000,128,31,10,1.000000,fixed,16,16,10,0.900000,0.585,0.043,0.505,0.018,0.002,16,508,508,bernoulli,8.0000,0.001000
sift1m,10000,128,31,10,1.000000,fixed,32,32,10,1.000000,1.128,0.042,1.014,0.035,0.004,32,1035,1035,bernoulli,8.0000,0.001000
sift1m,10000,128,31,10,1.000000,fixed,64,64,10,1.000000,2.417,0.056,2.204,0.075,0.007,64,2147,2147,bernoulli,8.0000,0.001000
sift1m,10000,128,32,10,0.001000,fixed,8,8,0,0.000000,0.429,0.079,0.332,0.003,0.002,8,270,0,bernoulli,8.0000,0.001000
sift1m,10000,128,32,10,0.001000,fixed,16,16,0,0.000000,0.850,0.142,0.686,0.004,0.002,16,513,0,bernoulli,8.0000,0.001000
sift1m,10000,128,32,10,0.001000,fixed,32,32,1,0.250000,1.308,0.105,1.166,0.005,0.002,32,1091,1,bernoulli,8.0000,0.001000
sift1m,10000,128,32,10,0.001000,fixed,64,64,2,0.500000,2.524,0.100,2.350,0.012,0.002,64,2267,2,bernoulli,8.0000,0.001000
sift1m,10000,128,32,10,0.010000,fixed,8,8,2,0.100000,0.317,0.061,0.243,0.002,0.001,8,270,3,bernoulli,8.0000,0.001000
sift1m,10000,128,32,10,0.010000,fixed,16,16,5,0.200000,0.558,0.050,0.485,0.004,0.001,16,513,6,bernoulli,8.0000,0.001000
sift1m,10000,128,32,10,0.010000,fixed,32,32,10,0.700000,1.176,0.048,1.077,0.008,0.003,32,1091,15,bernoulli,8.0000,0.001000
sift1m,10000,128,32,10,0.010000,fixed,64,64,10,0.700000,2.570,0.063,2.405,0.018,0.006,64,2267,24,bernoulli,8.0000,0.001000
sift1m,10000,128,32,10,0.050000,fixed,8,8,10,0.600000,0.347,0.067,0.265,0.004,0.002,8,270,20,bernoulli,8.0000,0.001000
sift1m,10000,128,32,10,0.050000,fixed,16,16,10,1.000000,0.563,0.035,0.502,0.007,0.002,16,513,43,bernoulli,8.0000,0.001000
sift1m,10000,128,32,10,0.050000,fixed,32,32,10,1.000000,1.174,0.040,1.084,0.014,0.004,32,1091,69,bernoulli,8.0000,0.001000
sift1m,10000,128,32,10,0.050000,fixed,64,64,10,1.000000,2.926,0.055,2.752,0.032,0.010,64,2267,146,bernoulli,8.0000,0.001000
sift1m,10000,128,32,10,0.100000,fixed,8,8,10,0.600000,0.426,0.102,0.307,0.004,0.002,8,270,26,bernoulli,8.0000,0.001000
sift1m,10000,128,32,10,0.100000,fixed,16,16,10,0.700000,0.712,0.057,0.620,0.009,0.005,16,513,46,bernoulli,8.0000,0.001000
sift1m,10000,128,32,10,0.100000,fixed,32,32,10,0.900000,1.251,0.090,1.103,0.015,0.004,32,1091,99,bernoulli,8.0000,0.001000
sift1m,10000,128,32,10,0.100000,fixed,64,64,10,1.000000,2.526,0.086,2.328,0.032,0.007,64,2267,205,bernoulli,8.0000,0.001000
sift1m,10000,128,32,10,0.500000,fixed,8,8,10,0.800000,0.347,0.067,0.258,0.007,0.002,8,270,139,bernoulli,8.0000,0.001000
sift1m,10000,128,32,10,0.500000,fixed,16,16,10,0.900000,0.559,0.040,0.481,0.013,0.002,16,513,269,bernoulli,8.0000,0.001000
sift1m,10000,128,32,10,0.500000,fixed,32,32,10,1.000000,1.163,0.043,1.042,0.026,0.004,32,1091,573,bernoulli,8.0000,0.001000
sift1m,10000,128,32,10,0.500000,fixed,64,64,10,1.000000,2.986,0.057,2.648,0.065,0.010,64,2267,1158,bernoulli,8.0000,0.001000
sift1m,10000,128,32,10,1.000000,fixed,8,8,10,0.700000,0.403,0.082,0.297,0.011,0.002,8,270,270,bernoulli,8.0000,0.001000
sift1m,10000,128,32,10,1.000000,fixed,16,16,10,1.000000,0.607,0.038,0.526,0.020,0.004,16,513,513,bernoulli,8.0000,0.001000
sift1m,10000,128,32,10,1.000000,fixed,32,32,10,1.000000,1.264,0.065,1.115,0.040,0.005,32,1091,1091,bernoulli,8.0000,0.001000
sift1m,10000,128,32,10,1.000000,fixed,64,64,10,1.000000,2.410,0.071,2.179,0.081,0.007,64,2267,2267,bernoulli,8.0000,0.001000
sift1m,10000,128,33,10,0.001000,fixed,8,8,0,0.000000,0.363,0.088,0.265,0.002,0.001,8,254,0,bernoulli,8.0000,0.001000
sift1m,10000,128,33,10,0.001000,fixed,16,16,0,0.000000,0.709,0.061,0.627,0.003,0.002,16,539,0,bernoulli,8.0000,0.001000
sift1m,10000,128,33,10,0.001000,fixed,32,32,1,0.125000,1.455,0.090,1.323,0.006,0.003,32,1070,1,bernoulli,8.0000,0.001000
sift1m,10000,128,33,10,0.001000,fixed,64,64,1,0.125000,2.725,0.130,2.518,0.013,0.004,64,2226,1,bernoulli,8.0000,0.001000
sift1m,10000,128,33,10,0.010000,fixed,8,8,1,0.100000,0.391,0.098,0.278,0.002,0.001,8,254,1,bernoulli,8.0000,0.001000
sift1m,10000,128,33,10,0.010000,fixed,16,16,2,0.200000,0.668,0.062,0.579,0.004,0.001,16,539,2,bernoulli,8.0000,0.001000
sift1m,10000,128,33,10,0.010000,fixed,32,32,7,0.500000,1.269,0.058,1.159,0.009,0.003,32,1070,9,bernoulli,8.0000,0.001000
sift1m,10000,128,33,10,0.010000,fixed,64,64,10,0.700000,2.750,0.067,2.532,0.020,0.006,64,2226,18,bernoulli,8.0000,0.001000
sift1m,10000,128,33,10,0.050000,fixed,8,8,10,0.500000,0.417,0.089,0.313,0.003,0.002,8,254,15,bernoulli,8.0000,0.001000
sift1m,10000,128,33,10,0.050000,fixed,16,16,10,0.600000,0.652,0.053,0.573,0.006,0.002,16,539,22,bernoulli,8.0000,0.001000
sift1m,10000,128,33,10,0.050000,fixed,32,32,10,0.900000,1.438,0.050,1.329,0.015,0.006,32,1070,48,bernoulli,8.0000,0.001000
sift1m,10000,128,33,10,0.050000,fixed,64,64,10,0.900000,2.596,0.105,2.375,0.026,0.014,64,2226,110,bernoulli,8.0000,0.001000
sift1m,10000,128,33,10,0.100000,fixed,8,8,10,0.500000,0.315,0.054,0.244,0.005,0.003,8,254,30,bernoulli,8.0000,0.001000
sift1m,10000,128,33,10,0.100000,fixed,16,16,10,0.900000,0.587,0.043,0.510,0.014,0.003,16,539,67,bernoulli,8.0000,0.001000
sift1m,10000,128,33,10,0.100000,fixed,32,32,10,1.000000,1.135,0.049,1.032,0.017,0.004,32,1070,122,bernoulli,8.0000,0.001000
sift1m,10000,128,33,10,0.100000,fixed,64,64,10,1.000000,2.822,0.060,2.598,0.040,0.010,64,2226,239,bernoulli,8.0000,0.001000
sift1m,10000,128,33,10,0.500000,fixed,8,8,10,0.800000,0.433,0.087,0.318,0.008,0.004,8,254,131,bernoulli,8.0000,0.001000
sift1m,10000,128,33,10,0.500000,fixed,16,16,10,0.800000,0.789,0.093,0.646,0.016,0.004,16,539,276,bernoulli,8.0000,0.001000
sift1m,10000,128,33,10,0.500000,fixed,32,32,10,1.000000,1.205,0.079,1.042,0.030,0.004,32,1070,586,bernoulli,8.0000,0.001000
sift1m,10000,128,33,10,0.500000,fixed,64,64,10,1.000000,3.071,0.153,2.715,0.067,0.009,64,2226,1193,bernoulli,8.0000,0.001000
sift1m,10000,128,33,10,1.000000,fixed,8,8,10,0.800000,0.405,0.104,0.278,0.010,0.002,8,254,254,bernoulli,8.0000,0.001000
sift1m,10000,128,33,10,1.000000,fixed,16,16,10,0.900000,0.713,0.063,0.599,0.020,0.003,16,539,539,bernoulli,8.0000,0.001000
sift1m,10000,128,33,10,1.000000,fixed,32,32,10,1.000000,1.266,0.078,1.102,0.040,0.004,32,1070,1070,bernoulli,8.0000,0.001000
sift1m,10000,128,33,10,1.000000,fixed,64,64,10,1.000000,2.408,0.074,2.177,0.079,0.006,64,2226,2226,bernoulli,8.0000,0.001000
sift1m,10000,128,34,10,0.001000,fixed,8,8,0,0.000000,0.505,0.077,0.412,0.003,0.003,8,304,0,bernoulli,8.0000,0.001000
sift1m,10000,128,34,10,0.001000,fixed,16,16,0,0.000000,0.784,0.095,0.669,0.003,0.001,16,566,0,bernoulli,8.0000,0.001000
sift1m,10000,128,34,10,0.001000,fixed,32,32,0,0.000000,1.493,0.128,1.317,0.008,0.003,32,1074,0,bernoulli,8.0000,0.001000
sift1m,10000,128,34,10,0.001000,fixed,64,64,0,0.000000,2.566,0.135,2.359,0.013,0.002,64,2146,0,bernoulli,8.0000,0.001000
sift1m,10000,128,34,10,0.010000,fixed,8,8,4,0.400000,0.413,0.081,0.320,0.002,0.001,8,304,4,bernoulli,8.0000,0.001000
sift1m,10000,128,34,10,0.010000,fixed,16,16,7,0.500000,0.631,0.041,0.570,0.004,0.001,16,566,9,bernoulli,8.0000,0.001000
sift1m,10000,128,34,10,0.010000,fixed,32,32,10,0.600000,1.130,0.041,1.051,0.008,0.002,32,1074,15,bernoulli,8.0000,0.001000
sift1m,10000,128,34,10,0.010000,fixed,64,64,10,0.900000,2.333,0.052,2.201,0.017,0.005,64,2146,33,bernoulli,8.0000,0.001000
sift1m,10000,128,34,10,0.050000,fixed,8,8,10,0.300000,0.407,0.063,0.330,0.004,0.002,8,304,20,bernoulli,8.0000,0.001000
sift1m,10000,128,34,10,0.050000,fixed,16,16,10,0.600000,0.718,0.063,0.629,0.007,0.002,16,566,34,bernoulli,8.0000,0.001000
sift1m,10000,128,34,10,0.050000,fixed,32,32,10,0.700000,1.415,0.053,1.307,0.014,0.005,32,1074,57,bernoulli,8.0000,0.001000
sift1m,10000,128,34,10,0.050000,fixed,64,64,10,0.900000,2.259,0.090,2.078,0.023,0.006,64,2146,110,bernoulli,8.0000,0.001000
sift1m,10000,128,34,10,0.100000,fixed,8,8,10,0.300000,0.388,0.052,0.320,0.005,0.002,8,304,31,bernoulli,8.0000,0.001000
sift1m,10000,128,34,10,0.100000,fixed,16,16,10,0.400000,0.635,0.040,0.568,0.008,0.002,16,566,56,bernoulli,8.0000,0.001000
sift1m,10000,128,34,10,0.100000,fixed,32,32,10,0.800000,1.141,0.041,1.048,0.016,0.004,32,1074,109,bernoulli,8.0000,0.001000
sift1m,10000,128,34,10,0.100000,fixed,64,64,10,1.000000,2.271,0.052,2.116,0.030,0.006,64,2146,200,bernoulli,8.0000,0.001000
sift1m,10000,128,34,10,0.500000,fixed,8,8,10,1.000000,0.466,0.067,0.372,0.008,0.003,8,304,139,bernoulli,8.0000,0.001000
sift1m,10000,128,34,10,0.500000,fixed,16,16,10,1.000000,0.760,0.045,0.668,0.015,0.004,16,566,276,bernoulli,8.0000,0.001000
sift1m,10000,128,34,10,0.500000,fixed,32,32,10,1.000000,1.236,0.078,1.075,0.028,0.004,32,1074,529,bernoulli,8.0000,0.001000
sift1m,10000,128,34,10,0.500000,fixed,64,64,10,1.000000,2.364,0.077,2.127,0.056,0.007,64,2146,1092,bernoulli,8.0000,0.001000
sift1m,10000,128,34,10,1.000000,fixed,8,8,10,0.900000,0.417,0.050,0.342,0.011,0.002,8,304,304,bernoulli,8.0000,0.001000
sift1m,10000,128,34,10,1.000000,fixed,16,16,10,1.000000,0.696,0.047,0.605,0.020,0.003,16,566,566,bernoulli,8.0000,0.001000
sift1m,10000,128,34,10,1.000000,fixed,32,32,10,1.000000,1.231,0.051,1.099,0.038,0.005,32,1074,1074,bernoulli,8.0000,0.001000
sift1m,10000,128,34,10,1.000000,fixed,64,64,10,1.000000,2.375,0.061,2.158,0.075,0.009,64,2146,2146,bernoulli,8.0000,0.001000
sift1m,10000,128,35,10,0.001000,fixed,8,8,0,0.000000,0.439,0.079,0.349,0.002,0.001,8,321,0,bernoulli,8.0000,0.001000
sift1m,10000,128,35,10,0.001000,fixed,16,16,0,0.000000,0.914,0.045,0.844,0.005,0.002,16,617,0,bernoulli,8.0000,0.001000
sift1m,10000,128,35,10,0.001000,fixed,32,32,0,0.000000,1.518,0.090,1.385,0.010,0.002,32,1168,0,bernoulli,8.0000,0.001000
sift1m,10000,128,35,10,0.001000,fixed,64,64,1,0.142857,2.830,0.098,2.649,0.015,0.003,64,2357,1,bernoulli,8.0000,0.001000
sift1m,10000,128,35,10,0.010000,fixed,8,8,3,0.300000,0.437,0.085,0.335,0.002,0.001,8,321,3,bernoulli,8.0000,0.001000
sift1m,10000,128,35,10,0.010000,fixed,16,16,5,0.500000,0.727,0.047,0.647,0.004,0.002,16,617,6,bernoulli,8.0000,0.001000
sift1m,10000,128,35,10,0.010000,fixed,32,32,10,0.700000,1.271,0.049,1.162,0.008,0.002,32,1168,11,bernoulli,8.0000,0.001000
sift1m,10000,128,35,10,0.010000,fixed,64,64,10,0.900000,2.640,0.065,2.448,0.018,0.008,64,2357,26,bernoulli,8.0000,0.001000
sift1m,10000,128,35,10,0.050000,fixed,8,8,10,0.500000,0.561,0.108,0.434,0.005,0.003,8,321,21,bernoulli,8.0000,0.001000
sift1m,10000,128,35,10,0.050000,fixed,16,16,10,0.600000,0.742,0.049,0.664,0.007,0.002,16,617,34,bernoulli,8.0000,0.001000
sift1m,10000,128,35,10,0.050000,fixed,32,32,10,0.800000,1.519,0.050,1.407,0.015,0.006,32,1168,61,bernoulli,8.0000,0.001000
sift1m,10000,128,35,10,0.050000,fixed,64,64,10,1.000000,2.956,0.129,2.716,0.027,0.008,64,2357,113,bernoulli,8.0000,0.001000
sift1m,10000,128,35,10,0.100000,fixed,8,8,10,0.500000,0.446,0.083,0.345,0.005,0.002,8,321,35,bernoulli,8.0000,0.001000
sift1m,10000,128,35,10,0.100000,fixed,16,16,10,0.600000,0.699,0.041,0.627,0.010,0.003,16,617,68,bernoulli,8.0000,0.001000
sift1m,10000,128,35,10,0.100000,fixed,32,32,10,0.800000,1.267,0.043,1.166,0.018,0.005,32,1168,120,bernoulli,8.0000,0.001000
sift1m,10000,128,35,10,0.100000,fixed,64,64,10,1.000000,2.807,0.059,2.620,0.039,0.010,64,2357,247,bernoulli,8.0000,0.001000
sift1m,10000,128,35,10,0.500000,fixed,8,8,10,0.600000,0.553,0.089,0.432,0.011,0.004,8,321,160,bernoulli,8.0000,0.001000
sift1m,10000,128,35,10,0.500000,fixed,16,16,10,0.900000,0.809,0.058,0.701,0.016,0.003,16,617,287,bernoulli,8.0000,0.001000
sift1m,10000,128,35,10,0.500000,fixed,32,32,10,1.000000,1.366,0.056,1.223,0.028,0.005,32,1168,550,bernoulli,8.0000,0.001000
sift1m,10000,128,35,10,0.500000,fixed,64,64,10,1.000000,3.118,0.068,2.852,0.062,0.011,64,2357,1124,bernoulli,8.0000,0.001000
sift1m,10000,128,35,10,1.000000,fixed,8,8,10,0.600000,0.491,0.089,0.377,0.011,0.002,8,321,321,bernoulli,8.0000,0.001000
sift1m,10000,128,35,10,1.000000,fixed,16,16,10,0.900000,0.700,0.036,0.620,0.020,0.003,16,617,617,bernoulli,8.0000,0.001000
sift1m,10000,128,35,10,1.000000,fixed,32,32,10,1.000000,1.403,0.040,1.271,0.041,0.005,32,1168,1168,bernoulli,8.0000,0.001000
sift1m,10000,128,35,10,1.000000,fixed,64,64,10,1.000000,2.992,0.077,2.713,0.084,0.009,64,2357,2357,bernoulli,8.0000,0.001000
sift1m,10000,128,36,10,0.001000,fixed,8,8,0,0.000000,0.321,0.063,0.247,0.002,0.001,8,249,0,bernoulli,8.0000,0.001000
sift1m,10000,128,36,10,0.001000,fixed,16,16,0,0.000000,0.570,0.046,0.503,0.003,0.001,16,532,0,bernoulli,8.0000,0.001000
sift1m,10000,128,36,10,0.001000,fixed,32,32,0,0.000000,1.260,0.044,1.172,0.006,0.001,32,1114,0,bernoulli,8.0000,0.001000
sift1m,10000,128,36,10,0.001000,fixed,64,64,0,0.000000,2.289,0.058,2.150,0.012,0.001,64,2223,0,bernoulli,8.0000,0.001000
sift1m,10000,128,36,10,0.010000,fixed,8,8,1,0.100000,0.277,0.033,0.231,0.002,0.001,8,249,1,bernoulli,8.0000,0.001000
sift1m,10000,128,36,10,0.010000,fixed,16,16,5,0.400000,0.549,0.030,0.492,0.004,0.001,16,532,5,bernoulli,8.0000,0.001000
sift1m,10000,128,36,10,0.010000,fixed,32,32,8,0.600000,1.271,0.034,1.175,0.008,0.003,32,1114,9,bernoulli,8.0000,0.001000
sift1m,10000,128,36,10,0.010000,fixed,64,64,10,0.800000,2.626,0.086,2.410,0.024,0.004,64,2223,18,bernoulli,8.0000,0.001000
sift1m,10000,128,36,10,0.050000,fixed,8,8,10,0.300000,0.319,0.066,0.240,0.003,0.002,8,249,14,bernoulli,8.0000,0.001000
sift1m,10000,128,36,10,0.050000,fixed,16,16,10,0.400000,0.569,0.044,0.500,0.007,0.002,16,532,33,bernoulli,8.0000,0.001000
sift1m,10000,128,36,10,0.050000,fixed,32,32,10,0.800000,1.177,0.044,1.083,0.013,0.004,32,1114,69,bernoulli,8.0000,0.001000
sift1m,10000,128,36,10,0.050000,fixed,64,64,10,1.000000,2.705,0.055,2.511,0.030,0.007,64,2223,134,bernoulli,8.0000,0.001000
sift1m,10000,128,36,10,0.100000,fixed,8,8,10,0.700000,0.310,0.054,0.241,0.004,0.002,8,249,28,bernoulli,8.0000,0.001000
sift1m,10000,128,36,10,0.100000,fixed,16,16,10,0.900000,0.554,0.032,0.493,0.008,0.002,16,532,54,bernoulli,8.0000,0.001000
sift1m,10000,128,36,10,0.100000,fixed,32,32,10,1.000000,1.335,0.038,1.226,0.020,0.009,32,1114,124,bernoulli,8.0000,0.001000
sift1m,10000,128,36,10,0.100000,fixed,64,64,10,1.000000,2.720,0.131,2.455,0.042,0.010,64,2223,248,bernoulli,8.0000,0.001000
sift1m,10000,128,36,10,0.500000,fixed,8,8,10,0.800000,0.676,0.102,0.543,0.008,0.004,8,249,129,bernoulli,8.0000,0.001000
sift1m,10000,128,36,10,0.500000,fixed,16,16,10,0.900000,0.767,0.076,0.640,0.016,0.004,16,532,290,bernoulli,8.0000,0.001000
sift1m,10000,128,36,10,0.500000,fixed,32,32,10,1.000000,1.232,0.078,1.069,0.030,0.004,32,1114,591,bernoulli,8.0000,0.001000
sift1m,10000,128,36,10,0.500000,fixed,64,64,10,1.000000,2.415,0.074,2.175,0.057,0.006,64,2223,1172,bernoulli,8.0000,0.001000
sift1m,10000,128,36,10,1.000000,fixed,8,8,10,0.700000,0.400,0.079,0.296,0.010,0.003,8,249,249,bernoulli,8.0000,0.001000
sift1m,10000,128,36,10,1.000000,fixed,16,16,10,0.900000,0.598,0.057,0.502,0.018,0.003,16,532,532,bernoulli,8.0000,0.001000
sift1m,10000,128,36,10,1.000000,fixed,32,32,10,1.000000,1.203,0.045,1.079,0.037,0.004,32,1114,1114,bernoulli,8.0000,0.001000
sift1m,10000,128,36,10,1.000000,fixed,64,64,10,1.000000,2.858,0.092,2.566,0.084,0.012,64,2223,2223,bernoulli,8.0000,0.001000
sift1m,10000,128,37,10,0.001000,fixed,8,8,1,0.100000,0.469,0.096,0.357,0.002,0.002,8,252,1,bernoulli,8.0000,0.001000
sift1m,10000,128,37,10,0.001000,fixed,16,16,2,0.200000,0.652,0.076,0.553,0.003,0.001,16,534,2,bernoulli,8.0000,0.001000
sift1m,10000,128,37,10,0.001000,fixed,32,32,3,0.300000,1.155,0.059,1.051,0.006,0.001,32,1053,3,bernoulli,8.0000,0.001000
sift1m,10000,128,37,10,0.001000,fixed,64,64,3,0.300000,2.353,0.078,2.185,0.014,0.003,64,2131,4,bernoulli,8.0000,0.001000
sift1m,10000,128,37,10,0.010000,fixed,8,8,1,0.100000,0.326,0.075,0.240,0.002,0.001,8,252,1,bernoulli,8.0000,0.001000
sift1m,10000,128,37,10,0.010000,fixed,16,16,2,0.200000,0.587,0.053,0.512,0.004,0.001,16,534,4,bernoulli,8.0000,0.001000
sift1m,10000,128,37,10,0.010000,fixed,32,32,4,0.400000,1.094,0.044,1.009,0.008,0.002,32,1053,6,bernoulli,8.0000,0.001000
sift1m,10000,128,37,10,0.010000,fixed,64,64,7,0.500000,2.573,0.053,2.421,0.020,0.003,64,2131,11,bernoulli,8.0000,0.001000
sift1m,10000,128,37,10,0.050000,fixed,8,8,10,0.700000,0.282,0.042,0.227,0.003,0.002,8,252,14,bernoulli,8.0000,0.001000
sift1m,10000,128,37,10,0.050000,fixed,16,16,10,0.700000,0.556,0.040,0.492,0.006,0.002,16,534,26,bernoulli,8.0000,0.001000
sift1m,10000,128,37,10,0.050000,fixed,32,32,10,0.800000,1.062,0.039,0.978,0.011,0.004,32,1053,51,bernoulli,8.0000,0.001000
sift1m,10000,128,37,10,0.050000,fixed,64,64,10,0.800000,2.168,0.050,2.029,0.021,0.006,64,2131,89,bernoulli,8.0000,0.001000
sift1m,10000,128,37,10,0.100000,fixed,8,8,10,0.600000,0.276,0.031,0.230,0.004,0.002,8,252,27,bernoulli,8.0000,0.001000
sift1m,10000,128,37,10,0.100000,fixed,16,16,10,0.800000,0.787,0.028,0.720,0.010,0.005,16,534,47,bernoulli,8.0000,0.001000
sift1m,10000,128,37,10,0.100000,fixed,32,32,10,1.000000,1.300,0.116,1.128,0.016,0.005,32,1053,84,bernoulli,8.0000,0.001000
sift1m,10000,128,37,10,0.100000,fixed,64,64,10,1.000000,2.504,0.086,2.305,0.031,0.009,64,2131,188,bernoulli,8.0000,0.001000
sift1m,10000,128,37,10,0.500000,fixed,8,8,10,1.000000,0.458,0.135,0.296,0.008,0.003,8,252,116,bernoulli,8.0000,0.001000
sift1m,10000,128,37,10,0.500000,fixed,16,16,10,1.000000,0.687,0.067,0.576,0.014,0.004,16,534,260,bernoulli,8.0000,0.001000
sift1m,10000,128,37,10,0.500000,fixed,32,32,10,1.000000,1.180,0.079,1.024,0.026,0.005,32,1053,513,bernoulli,8.0000,0.001000
sift1m,10000,128,37,10,0.500000,fixed,64,64,10,1.000000,2.435,0.085,2.189,0.054,0.007,64,2131,1033,bernoulli,8.0000,0.001000
sift1m,10000,128,37,10,1.000000,fixed,8,8,10,1.000000,0.320,0.050,0.249,0.010,0.002,8,252,252,bernoulli,8.0000,0.001000
sift1m,10000,128,37,10,1.000000,fixed,16,16,10,1.000000,0.617,0.032,0.546,0.018,0.002,16,534,534,bernoulli,8.0000,0.001000
sift1m,10000,128,37,10,1.000000,fixed,32,32,10,1.000000,1.138,0.047,1.017,0.037,0.004,32,1053,1053,bernoulli,8.0000,0.001000
sift1m,10000,128,37,10,1.000000,fixed,64,64,10,1.000000,2.818,0.127,2.484,0.082,0.010,64,2131,2131,bernoulli,8.0000,0.001000
sift1m,10000,128,38,10,0.001000,fixed,8,8,0,0.000000,0.545,0.116,0.412,0.003,0.001,8,322,0,bernoulli,8.0000,0.001000
sift1m,10000,128,38,10,0.001000,fixed,16,16,1,0.100000,0.879,0.081,0.736,0.004,0.001,16,620,1,bernoulli,8.0000,0.001000
sift1m,10000,128,38,10,0.001000,fixed,32,32,1,0.100000,1.451,0.088,1.314,0.007,0.002,32,1178,1,bernoulli,8.0000,0.001000
sift1m,10000,128,38,10,0.001000,fixed,64,64,1,0.100000,2.415,0.100,2.230,0.013,0.002,64,2239,1,bernoulli,8.0000,0.001000
sift1m,10000,128,38,10,0.010000,fixed,8,8,3,0.200000,0.412,0.062,0.336,0.002,0.001,8,322,3,bernoulli,8.0000,0.001000
sift1m,10000,128,38,10,0.010000,fixed,16,16,5,0.200000,0.696,0.044,0.627,0.004,0.001,16,620,6,bernoulli,8.0000,0.001000
sift1m,10000,128,38,10,0.010000,fixed,32,32,8,0.500000,1.481,0.046,1.386,0.008,0.003,32,1178,11,bernoulli,8.0000,0.001000
sift1m,10000,128,38,10,0.010000,fixed,64,64,10,0.700000,2.422,0.081,2.252,0.017,0.004,64,2239,18,bernoulli,8.0000,0.001000
sift1m,10000,128,38,10,0.050000,fixed,8,8,10,0.600000,0.401,0.045,0.341,0.004,0.002,8,322,18,bernoulli,8.0000,0.001000
sift1m,10000,128,38,10,0.050000,fixed,16,16,10,0.800000,0.671,0.033,0.611,0.007,0.002,16,620,34,bernoulli,8.0000,0.001000
sift1m,10000,128,38,10,0.050000,fixed,32,32,10,1.000000,1.261,0.038,1.174,0.012,0.003,32,1178,67,bernoulli,8.0000,0.001000
sift1m,10000,128,38,10,0.050000,fixed,64,64,10,1.000000,2.860,0.050,2.687,0.028,0.010,64,2239,118,bernoulli,8.0000,0.001000
sift1m,10000,128,38,10,0.100000,fixed,8,8,10,0.800000,0.482,0.096,0.367,0.006,0.002,8,322,48,bernoulli,8.0000,0.001000
sift1m,10000,128,38,10,0.100000,fixed,16,16,10,0.800000,0.810,0.053,0.719,0.011,0.005,16,620,82,bernoulli,8.0000,0.001000
sift1m,10000,128,38,10,0.100000,fixed,32,32,10,0.900000,1.324,0.084,1.179,0.019,0.005,32,1178,141,bernoulli,8.0000,0.001000
sift1m,10000,128,38,10,0.100000,fixed,64,64,10,1.000000,2.472,0.076,2.284,0.034,0.007,64,2239,237,bernoulli,8.0000,0.001000
sift1m,10000,128,38,10,0.500000,fixed,8,8,10,0.800000,0.443,0.075,0.341,0.009,0.002,8,322,171,bernoulli,8.0000,0.001000
sift1m,10000,128,38,10,0.500000,fixed,16,16,10,0.900000,0.707,0.046,0.617,0.015,0.003,16,620,319,bernoulli,8.0000,0.001000
sift1m,10000,128,38,10,0.500000,fixed,32,32,10,1.000000,1.290,0.046,1.164,0.027,0.004,32,1178,592,bernoulli,8.0000,0.001000
sift1m,10000,128,38,10,0.500000,fixed,64,64,10,1.000000,2.361,0.059,2.150,0.051,0.006,64,2239,1091,bernoulli,8.0000,0.001000
sift1m,10000,128,38,10,1.000000,fixed,8,8,10,0.900000,0.579,0.107,0.441,0.013,0.004,8,322,322,bernoulli,8.0000,0.001000
sift1m,10000,128,38,10,1.000000,fixed,16,16,10,1.000000,0.815,0.065,0.683,0.023,0.004,16,620,620,bernoulli,8.0000,0.001000
sift1m,10000,128,38,10,1.000000,fixed,32,32,10,1.000000,1.334,0.049,1.197,0.040,0.004,32,1178,1178,bernoulli,8.0000,0.001000
sift1m,10000,128,38,10,1.000000,fixed,64,64,10,1.000000,2.371,0.055,2.161,0.077,0.006,64,2239,2239,bernoulli,8.0000,0.001000
sift1m,10000,128,39,10,0.001000,fixed,8,8,0,0.000000,0.331,0.054,0.265,0.002,0.001,8,272,0,bernoulli,8.0000,0.001000
sift1m,10000,128,39,10,0.001000,fixed,16,16,1,0.100000,0.541,0.045,0.476,0.003,0.001,16,525,1,bernoulli,8.0000,0.001000
sift1m,10000,128,39,10,0.001000,fixed,32,32,4,0.400000,1.163,0.042,1.079,0.007,0.001,32,1110,5,bernoulli,8.0000,0.001000
sift1m,10000,128,39,10,0.001000,fixed,64,64,6,0.600000,2.256,0.052,2.124,0.013,0.002,64,2196,8,bernoulli,8.0000,0.001000
sift1m,10000,128,39,10,0.010000,fixed,8,8,3,0.300000,0.468,0.109,0.342,0.004,0.002,8,272,3,bernoulli,8.0000,0.001000
sift1m,10000,128,39,10,0.010000,fixed,16,16,5,0.400000,0.641,0.055,0.560,0.004,0.002,16,525,6,bernoulli,8.0000,0.001000
sift1m,10000,128,39,10,0.010000,fixed,32,32,8,0.500000,1.420,0.089,1.276,0.009,0.005,32,1110,13,bernoulli,8.0000,0.001000
sift1m,10000,128,39,10,0.010000,fixed,64,64,10,1.000000,2.509,0.123,2.280,0.018,0.005,64,2196,30,bernoulli,8.0000,0.001000
sift1m,10000,128,39,10,0.050000,fixed,8,8,9,0.500000,0.302,0.036,0.252,0.003,0.002,8,272,12,bernoulli,8.0000,0.001000
sift1m,10000,128,39,10,0.050000,fixed,16,16,10,0.600000,0.519,0.029,0.467,0.005,0.002,16,525,23,bernoulli,8.0000,0.001000
sift1m,10000,128,39,10,0.050000,fixed,32,32,10,1.000000,1.120,0.034,1.038,0.012,0.003,32,1110,54,bernoulli,8.0000,0.001000
sift1m,10000,128,39,10,0.050000,fixed,64,64,10,1.000000,2.261,0.057,2.111,0.023,0.006,64,2196,101,bernoulli,8.0000,0.001000
sift1m,10000,128,39,10,0.100000,fixed,8,8,10,0.600000,0.489,0.104,0.363,0.006,0.004,8,272,25,bernoulli,8.0000,0.001000
sift1m,10000,128,39,10,0.100000,fixed,16,16,10,1.000000,0.633,0.056,0.546,0.009,0.003,16,525,55,bernoulli,8.0000,0.001000
sift1m,10000,128,39,10,0.100000,fixed,32,32,10,1.000000,1.289,0.060,1.169,0.019,0.006,32,1110,126,bernoulli,8.0000,0.001000
sift1m,10000,128,39,10,0.100000,fixed,64,64,10,1.000000,2.274,0.059,2.108,0.034,0.007,64,2196,229,bernoulli,8.0000,0.001000
sift1m,10000,128,39,10,0.500000,fixed,8,8,10,1.000000,0.320,0.043,0.254,0.007,0.002,8,272,139,bernoulli,8.0000,0.001000
sift1m,10000,128,39,10,0.500000,fixed,16,16,10,1.000000,0.574,0.034,0.503,0.012,0.003,16,525,260,bernoulli,8.0000,0.001000
sift1m,10000,128,39,10,0.500000,fixed,32,32,10,1.000000,1.190,0.037,1.076,0.026,0.004,32,1110,559,bernoulli,8.0000,0.001000
sift1m,10000,128,39,10,0.500000,fixed,64,64,10,1.000000,2.382,0.051,2.176,0.052,0.007,64,2196,1105,bernoulli,8.0000,0.001000
sift1m,10000,128,39,10,1.000000,fixed,8,8,10,0.900000,0.334,0.045,0.266,0.011,0.002,8,272,272,bernoulli,8.0000,0.001000
sift1m,10000,128,39,10,1.000000,fixed,16,16,10,1.000000,0.561,0.030,0.491,0.019,0.003,16,525,525,bernoulli,8.0000,0.001000
sift1m,10000,128,39,10,1.000000,fixed,32,32,10,1.000000,1.227,0.036,1.111,0.039,0.005,32,1110,1110,bernoulli,8.0000,0.001000
sift1m,10000,128,39,10,1.000000,fixed,64,64,10,1.000000,2.416,0.053,2.205,0.080,0.007,64,2196,2196,bernoulli,8.0000,0.001000
sift1m,10000,128,40,10,0.001000,fixed,8,8,0,0.000000,0.339,0.069,0.260,0.001,0.001,8,252,0,bernoulli,8.0000,0.001000
sift1m,10000,128,40,10,0.001000,fixed,16,16,0,0.000000,0.666,0.051,0.598,0.003,0.001,16,568,0,bernoulli,8.0000,0.001000
sift1m,10000,128,40,10,0.001000,fixed,32,32,0,0.000000,1.296,0.048,1.212,0.006,0.001,32,1147,0,bernoulli,8.0000,0.001000
sift1m,10000,128,40,10,0.001000,fixed,64,64,0,0.000000,2.380,0.058,2.252,0.012,0.001,64,2251,0,bernoulli,8.0000,0.001000
sift1m,10000,128,40,10,0.010000,fixed,8,8,5,0.300000,0.345,0.063,0.263,0.003,0.002,8,252,7,bernoulli,8.0000,0.001000
sift1m,10000,128,40,10,0.010000,fixed,16,16,7,0.500000,0.678,0.052,0.595,0.004,0.002,16,568,11,bernoulli,8.0000,0.001000
sift1m,10000,128,40,10,0.010000,fixed,32,32,10,0.600000,1.461,0.054,1.317,0.019,0.014,32,1147,15,bernoulli,8.0000,0.001000
sift1m,10000,128,40,10,0.010000,fixed,64,64,10,0.700000,2.831,0.157,2.544,0.018,0.006,64,2251,24,bernoulli,8.0000,0.001000
sift1m,10000,128,40,10,0.050000,fixed,8,8,7,0.300000,0.427,0.097,0.310,0.004,0.002,8,252,8,bernoulli,8.0000,0.001000
sift1m,10000,128,40,10,0.050000,fixed,16,16,10,0.500000,0.714,0.074,0.610,0.006,0.005,16,568,25,bernoulli,8.0000,0.001000
sift1m,10000,128,40,10,0.050000,fixed,32,32,10,0.800000,1.464,0.071,1.336,0.013,0.006,32,1147,56,bernoulli,8.0000,0.001000
sift1m,10000,128,40,10,0.050000,fixed,64,64,10,1.000000,2.913,0.111,2.685,0.028,0.012,64,2251,115,bernoulli,8.0000,0.001000
sift1m,10000,128,40,10,0.100000,fixed,8,8,10,0.400000,0.389,0.107,0.265,0.004,0.002,8,252,18,bernoulli,8.0000,0.001000
sift1m,10000,128,40,10,0.100000,fixed,16,16,10,0.600000,0.708,0.053,0.626,0.008,0.002,16,568,41,bernoulli,8.0000,0.001000
sift1m,10000,128,40,10,0.100000,fixed,32,32,10,0.900000,1.391,0.059,1.254,0.017,0.005,32,1147,89,bernoulli,8.0000,0.001000
sift1m,10000,128,40,10,0.100000,fixed,64,64,10,1.000000,2.484,0.092,2.262,0.031,0.013,64,2251,196,bernoulli,8.0000,0.001000
sift1m,10000,128,40,10,0.500000,fixed,8,8,10,1.000000,0.475,0.098,0.350,0.008,0.003,8,252,145,bernoulli,8.0000,0.001000
sift1m,10000,128,40,10,0.500000,fixed,16,16,10,1.000000,0.756,0.063,0.646,0.016,0.004,16,568,319,bernoulli,8.0000,0.001000
sift1m,10000,128,40,10,0.500000,fixed,32,32,10,1.000000,1.485,0.064,1.322,0.032,0.006,32,1147,615,bernoulli,8.0000,0.001000
sift1m,10000,128,40,10,0.500000,fixed,64,64,10,1.000000,2.854,0.110,2.556,0.063,0.009,64,2251,1165,bernoulli,8.0000,0.001000
sift1m,10000,128,40,10,1.000000,fixed,8,8,10,1.000000,0.430,0.095,0.314,0.010,0.002,8,252,252,bernoulli,8.0000,0.001000
sift1m,10000,128,40,10,1.000000,fixed,16,16,10,1.000000,0.662,0.047,0.574,0.020,0.003,16,568,568,bernoulli,8.0000,0.001000
sift1m,10000,128,40,10,1.000000,fixed,32,32,10,1.000000,1.268,0.044,1.143,0.040,0.004,32,1147,1147,bernoulli,8.0000,0.001000
sift1m,10000,128,40,10,1.000000,fixed,64,64,10,1.000000,2.409,0.057,2.197,0.077,0.007,64,2251,2251,bernoulli,8.0000,0.001000
sift1m,10000,128,41,10,0.001000,fixed,8,8,1,0.111111,0.408,0.071,0.325,0.002,0.001,8,294,1,bernoulli,8.0000,0.001000
sift1m,10000,128,41,10,0.001000,fixed,16,16,1,0.111111,0.574,0.046,0.511,0.003,0.001,16,531,1,bernoulli,8.0000,0.001000
sift1m,10000,128,41,10,0.001000,fixed,32,32,1,0.111111,1.222,0.045,1.141,0.006,0.002,32,1132,6,bernoulli,8.0000,0.001000
sift1m,10000,128,41,10,0.001000,fixed,64,64,1,0.111111,2.780,0.059,2.610,0.031,0.003,64,2257,7,bernoulli,8.0000,0.001000
sift1m,10000,128,41,10,0.010000,fixed,8,8,0,0.000000,0.354,0.056,0.285,0.002,0.001,8,294,0,bernoulli,8.0000,0.001000
sift1m,10000,128,41,10,0.010000,fixed,16,16,3,0.300000,0.558,0.045,0.491,0.004,0.001,16,531,3,bernoulli,8.0000,0.001000
sift1m,10000,128,41,10,0.010000,fixed,32,32,7,0.600000,1.194,0.043,1.089,0.021,0.002,32,1132,8,bernoulli,8.0000,0.001000
sift1m,10000,128,41,10,0.010000,fixed,64,64,10,0.900000,2.358,0.052,2.209,0.016,0.004,64,2257,22,bernoulli,8.0000,0.001000
sift1m,10000,128,41,10,0.050000,fixed,8,8,4,0.400000,0.355,0.030,0.312,0.003,0.001,8,294,5,bernoulli,8.0000,0.001000
sift1m,10000,128,41,10,0.050000,fixed,16,16,8,0.700000,0.572,0.029,0.521,0.005,0.002,16,531,13,bernoulli,8.0000,0.001000
sift1m,10000,128,41,10,0.050000,fixed,32,32,10,0.800000,1.211,0.033,1.133,0.010,0.003,32,1132,27,bernoulli,8.0000,0.001000
sift1m,10000,128,41,10,0.050000,fixed,64,64,10,1.000000,2.583,0.047,2.436,0.024,0.006,64,2257,76,bernoulli,8.0000,0.001000
sift1m,10000,128,41,10,0.100000,fixed,8,8,10,0.900000,0.336,0.027,0.294,0.004,0.002,8,294,28,bernoulli,8.0000,0.001000
sift1m,10000,128,41,10,0.100000,fixed,16,16,10,1.000000,0.560,0.026,0.507,0.007,0.003,16,531,44,bernoulli,8.0000,0.001000
sift1m,10000,128,41,10,0.100000,fixed,32,32,10,1.000000,1.221,0.033,1.132,0.016,0.005,32,1132,104,bernoulli,8.0000,0.001000
sift1m,10000,128,41,10,0.100000,fixed,64,64,10,1.000000,2.413,0.046,2.256,0.032,0.008,64,2257,215,bernoulli,8.0000,0.001000
sift1m,10000,128,41,10,0.500000,fixed,8,8,10,1.000000,0.376,0.047,0.304,0.008,0.002,8,294,144,bernoulli,8.0000,0.001000
sift1m,10000,128,41,10,0.500000,fixed,16,16,10,1.000000,0.592,0.038,0.517,0.012,0.003,16,531,255,bernoulli,8.0000,0.001000
sift1m,10000,128,41,10,0.500000,fixed,32,32,10,1.000000,1.228,0.039,1.111,0.026,0.004,32,1132,554,bernoulli,8.0000,0.001000
sift1m,10000,128,41,10,0.500000,fixed,64,64,10,1.000000,2.805,0.053,2.565,0.065,0.008,64,2257,1121,bernoulli,8.0000,0.001000
sift1m,10000,128,41,10,1.000000,fixed,8,8,10,1.000000,0.372,0.037,0.313,0.011,0.002,8,294,294,bernoulli,8.0000,0.001000
sift1m,10000,128,41,10,1.000000,fixed,16,16,10,1.000000,0.579,0.026,0.513,0.018,0.002,16,531,531,bernoulli,8.0000,0.001000
sift1m,10000,128,41,10,1.000000,fixed,32,32,10,1.000000,1.218,0.033,1.105,0.039,0.004,32,1132,1132,bernoulli,8.0000,0.001000
sift1m,10000,128,41,10,1.000000,fixed,64,64,10,1.000000,2.433,0.047,2.225,0.080,0.006,64,2257,2257,bernoulli,8.0000,0.001000
sift1m,10000,128,42,10,0.001000,fixed,8,8,0,0.000000,0.313,0.079,0.224,0.001,0.001,8,226,0,bernoulli,8.0000,0.001000
sift1m,10000,128,42,10,0.001000,fixed,16,16,0,0.000000,0.547,0.049,0.481,0.003,0.001,16,491,0,bernoulli,8.0000,0.001000
sift1m,10000,128,42,10,0.001000,fixed,32,32,0,0.000000,1.168,0.049,1.079,0.007,0.003,32,1015,0,bernoulli,8.0000,0.001000
sift1m,10000,128,42,10,0.001000,fixed,64,64,1,0.100000,2.467,0.139,2.246,0.014,0.002,64,2129,1,bernoulli,8.0000,0.001000
sift1m,10000,128,42,10,0.010000,fixed,8,8,3,0.100000,0.266,0.039,0.216,0.002,0.001,8,226,3,bernoulli,8.0000,0.001000
sift1m,10000,128,42,10,0.010000,fixed,16,16,4,0.200000,0.518,0.034,0.463,0.004,0.001,16,491,4,bernoulli,8.0000,0.001000
sift1m,10000,128,42,10,0.010000,fixed,32,32,8,0.400000,1.013,0.040,0.929,0.008,0.002,32,1015,8,bernoulli,8.0000,0.001000
sift1m,10000,128,42,10,0.010000,fixed,64,64,10,0.600000,2.190,0.053,2.045,0.016,0.003,64,2129,19,bernoulli,8.0000,0.001000
sift1m,10000,128,42,10,0.050000,fixed,8,8,10,0.600000,0.254,0.028,0.215,0.003,0.001,8,226,13,bernoulli,8.0000,0.001000
sift1m,10000,128,42,10,0.050000,fixed,16,16,10,0.900000,0.516,0.029,0.464,0.006,0.002,16,491,32,bernoulli,8.0000,0.001000
sift1m,10000,128,42,10,0.050000,fixed,32,32,10,1.000000,1.058,0.034,0.978,0.011,0.003,32,1015,59,bernoulli,8.0000,0.001000
sift1m,10000,128,42,10,0.050000,fixed,64,64,10,1.000000,2.402,0.048,2.254,0.025,0.006,64,2129,109,bernoulli,8.0000,0.001000
sift1m,10000,128,42,10,0.100000,fixed,8,8,10,0.100000,0.269,0.032,0.224,0.003,0.001,8,226,13,bernoulli,8.0000,0.001000
sift1m,10000,128,42,10,0.100000,fixed,16,16,10,0.600000,0.527,0.030,0.472,0.006,0.002,16,491,35,bernoulli,8.0000,0.001000
sift1m,10000,128,42,10,0.100000,fixed,32,32,10,1.000000,1.364,0.035,1.267,0.017,0.005,32,1015,90,bernoulli,8.0000,0.001000
sift1m,10000,128,42,10,0.100000,fixed,64,64,10,1.000000,2.386,0.161,2.115,0.031,0.007,64,2129,202,bernoulli,8.0000,0.001000
sift1m,10000,128,42,10,0.500000,fixed,8,8,10,0.600000,0.340,0.083,0.238,0.006,0.002,8,226,99,bernoulli,8.0000,0.001000
sift1m,10000,128,42,10,0.500000,fixed,16,16,10,0.900000,0.552,0.050,0.466,0.011,0.003,16,491,241,bernoulli,8.0000,0.001000
sift1m,10000,128,42,10,0.500000,fixed,32,32,10,0.900000,1.057,0.047,0.938,0.023,0.005,32,1015,493,bernoulli,8.0000,0.001000
sift1m,10000,128,42,10,0.500000,fixed,64,64,10,0.900000,2.534,0.059,2.307,0.051,0.013,64,2129,1022,bernoulli,8.0000,0.001000
sift1m,10000,128,42,10,1.000000,fixed,8,8,10,0.800000,0.298,0.036,0.241,0.009,0.003,8,226,226,bernoulli,8.0000,0.001000
sift1m,10000,128,42,10,1.000000,fixed,16,16,10,1.000000,0.547,0.029,0.479,0.018,0.003,16,491,491,bernoulli,8.0000,0.001000
sift1m,10000,128,42,10,1.000000,fixed,32,32,10,1.000000,1.040,0.038,0.928,0.036,0.004,32,1015,1015,bernoulli,8.0000,0.001000
sift1m,10000,128,42,10,1.000000,fixed,64,64,10,1.000000,2.299,0.048,2.087,0.085,0.007,64,2129,2129,bernoulli,8.0000,0.001000
sift1m,10000,128,43,10,0.001000,fixed,8,8,2,0.200000,0.375,0.068,0.295,0.002,0.001,8,294,2,bernoulli,8.0000,0.001000
sift1m,10000,128,43,10,0.001000,fixed,16,16,2,0.200000,0.590,0.051,0.521,0.003,0.001,16,547,2,bernoulli,8.0000,0.001000
sift1m,10000,128,43,10,0.001000,fixed,32,32,3,0.300000,1.160,0.052,1.073,0.007,0.001,32,1093,4,bernoulli,8.0000,0.001000
sift1m,10000,128,43,10,0.001000,fixed,64,64,4,0.400000,2.472,0.064,2.328,0.019,0.003,64,2173,12,bernoulli,8.0000,0.001000
sift1m,10000,128,43,10,0.010000,fixed,8,8,2,0.100000,0.362,0.057,0.291,0.002,0.001,8,294,2,bernoulli,8.0000,0.001000
sift1m,10000,128,43,10,0.010000,fixed,16,16,5,0.200000,0.591,0.050,0.516,0.004,0.001,16,547,5,bernoulli,8.0000,0.001000
sift1m,10000,128,43,10,0.010000,fixed,32,32,10,0.600000,1.156,0.051,1.057,0.008,0.002,32,1093,11,bernoulli,8.0000,0.001000
sift1m,10000,128,43,10,0.010000,fixed,64,64,10,0.600000,2.426,0.062,2.268,0.016,0.003,64,2173,17,bernoulli,8.0000,0.001000
sift1m,10000,128,43,10,0.050000,fixed,8,8,10,0.400000,0.404,0.054,0.334,0.004,0.002,8,294,17,bernoulli,8.0000,0.001000
sift1m,10000,128,43,10,0.050000,fixed,16,16,10,0.400000,0.698,0.047,0.622,0.006,0.003,16,547,24,bernoulli,8.0000,0.001000
sift1m,10000,128,43,10,0.050000,fixed,32,32,10,0.900000,1.317,0.083,1.182,0.012,0.004,32,1093,55,bernoulli,8.0000,0.001000
sift1m,10000,128,43,10,0.050000,fixed,64,64,10,0.900000,2.670,0.087,2.477,0.024,0.009,64,2173,99,bernoulli,8.0000,0.001000
sift1m,10000,128,43,10,0.100000,fixed,8,8,10,0.400000,0.489,0.096,0.370,0.006,0.003,8,294,27,bernoulli,8.0000,0.001000
sift1m,10000,128,43,10,0.100000,fixed,16,16,10,0.800000,0.700,0.066,0.603,0.009,0.003,16,547,51,bernoulli,8.0000,0.001000
sift1m,10000,128,43,10,0.100000,fixed,32,32,10,1.000000,1.309,0.079,1.169,0.018,0.005,32,1093,107,bernoulli,8.0000,0.001000
sift1m,10000,128,43,10,0.100000,fixed,64,64,10,1.000000,2.548,0.096,2.333,0.037,0.008,64,2173,238,bernoulli,8.0000,0.001000
sift1m,10000,128,43,10,0.500000,fixed,8,8,10,0.700000,0.430,0.078,0.327,0.008,0.002,8,294,136,bernoulli,8.0000,0.001000
sift1m,10000,128,43,10,0.500000,fixed,16,16,10,1.000000,0.687,0.047,0.596,0.014,0.003,16,547,249,bernoulli,8.0000,0.001000
sift1m,10000,128,43,10,0.500000,fixed,32,32,10,1.000000,1.302,0.072,1.144,0.028,0.005,32,1093,515,bernoulli,8.0000,0.001000
sift1m,10000,128,43,10,0.500000,fixed,64,64,10,1.000000,2.776,0.073,2.520,0.059,0.009,64,2173,1017,bernoulli,8.0000,0.001000
sift1m,10000,128,43,10,1.000000,fixed,8,8,10,0.700000,0.485,0.100,0.359,0.012,0.002,8,294,294,bernoulli,8.0000,0.001000
sift1m,10000,128,43,10,1.000000,fixed,16,16,10,1.000000,0.647,0.050,0.555,0.020,0.003,16,547,547,bernoulli,8.0000,0.001000
sift1m,10000,128,43,10,1.000000,fixed,32,32,10,1.000000,1.377,0.049,1.239,0.040,0.006,32,1093,1093,bernoulli,8.0000,0.001000
sift1m,10000,128,43,10,1.000000,fixed,64,64,10,1.000000,2.593,0.098,2.330,0.082,0.007,64,2173,2173,bernoulli,8.0000,0.001000
sift1m,10000,128,44,10,0.001000,fixed,8,8,0,0.000000,0.382,0.081,0.291,0.001,0.001,8,264,0,bernoulli,8.0000,0.001000
sift1m,10000,128,44,10,0.001000,fixed,16,16,0,0.000000,0.646,0.052,0.575,0.003,0.001,16,539,0,bernoulli,8.0000,0.001000
sift1m,10000,128,44,10,0.001000,fixed,32,32,0,0.000000,1.244,0.054,1.151,0.006,0.003,32,1008,0,bernoulli,8.0000,0.001000
sift1m,10000,128,44,10,0.001000,fixed,64,64,1,0.200000,2.497,0.137,2.288,0.012,0.002,64,2172,1,bernoulli,8.0000,0.001000
sift1m,10000,128,44,10,0.010000,fixed,8,8,1,0.100000,0.431,0.120,0.298,0.002,0.001,8,264,1,bernoulli,8.0000,0.001000
sift1m,10000,128,44,10,0.010000,fixed,16,16,3,0.300000,0.793,0.046,0.717,0.005,0.003,16,539,3,bernoulli,8.0000,0.001000
sift1m,10000,128,44,10,0.010000,fixed,32,32,6,0.600000,1.224,0.107,1.069,0.008,0.003,32,1008,6,bernoulli,8.0000,0.001000
sift1m,10000,128,44,10,0.010000,fixed,64,64,10,0.900000,2.467,0.094,2.276,0.017,0.005,64,2172,24,bernoulli,8.0000,0.001000
sift1m,10000,128,44,10,0.050000,fixed,8,8,8,0.500000,0.487,0.102,0.367,0.004,0.003,8,264,9,bernoulli,8.0000,0.001000
sift1m,10000,128,44,10,0.050000,fixed,16,16,10,0.600000,0.758,0.064,0.665,0.006,0.003,16,539,22,bernoulli,8.0000,0.001000
sift1m,10000,128,44,10,0.050000,fixed,32,32,10,0.700000,1.325,0.077,1.191,0.013,0.007,32,1008,42,bernoulli,8.0000,0.001000
sift1m,10000,128,44,10,0.050000,fixed,64,64,10,1.000000,2.489,0.130,2.262,0.025,0.007,64,2172,112,bernoulli,8.0000,0.001000
sift1m,10000,128,44,10,0.100000,fixed,8,8,10,0.500000,0.342,0.062,0.266,0.004,0.002,8,264,22,bernoulli,8.0000,0.001000
sift1m,10000,128,44,10,0.100000,fixed,16,16,10,0.800000,0.596,0.041,0.529,0.007,0.002,16,539,41,bernoulli,8.0000,0.001000
sift1m,10000,128,44,10,0.100000,fixed,32,32,10,0.800000,1.074,0.042,0.984,0.014,0.004,32,1008,78,bernoulli,8.0000,0.001000
sift1m,10000,128,44,10,0.100000,fixed,64,64,10,1.000000,2.336,0.055,2.178,0.030,0.006,64,2172,194,bernoulli,8.0000,0.001000
sift1m,10000,128,44,10,0.500000,fixed,8,8,10,1.000000,0.365,0.052,0.289,0.007,0.002,8,264,128,bernoulli,8.0000,0.001000
sift1m,10000,128,44,10,0.500000,fixed,16,16,10,1.000000,0.705,0.039,0.617,0.014,0.007,16,539,266,bernoulli,8.0000,0.001000
sift1m,10000,128,44,10,0.500000,fixed,32,32,10,1.000000,1.412,0.107,1.216,0.028,0.006,32,1008,503,bernoulli,8.0000,0.001000
sift1m,10000,128,44,10,0.500000,fixed,64,64,10,1.000000,2.408,0.087,2.161,0.054,0.007,64,2172,1092,bernoulli,8.0000,0.001000
sift1m,10000,128,44,10,1.000000,fixed,8,8,10,1.000000,0.353,0.059,0.272,0.010,0.002,8,264,264,bernoulli,8.0000,0.001000
sift1m,10000,128,44,10,1.000000,fixed,16,16,10,1.000000,0.621,0.044,0.536,0.019,0.003,16,539,539,bernoulli,8.0000,0.001000
sift1m,10000,128,44,10,1.000000,fixed,32,32,10,1.000000,1.134,0.044,1.013,0.037,0.005,32,1008,1008,bernoulli,8.0000,0.001000
sift1m,10000,128,44,10,1.000000,fixed,64,64,10,1.000000,2.459,0.062,2.242,0.078,0.006,64,2172,2172,bernoulli,8.0000,0.001000
sift1m,10000,128,45,10,0.001000,fixed,8,8,0,0.000000,0.413,0.075,0.326,0.002,0.001,8,299,0,bernoulli,8.0000,0.001000
sift1m,10000,128,45,10,0.001000,fixed,16,16,0,0.000000,0.596,0.049,0.529,0.003,0.001,16,501,0,bernoulli,8.0000,0.001000
sift1m,10000,128,45,10,0.001000,fixed,32,32,0,0.000000,1.336,0.045,1.229,0.009,0.002,32,1002,0,bernoulli,8.0000,0.001000
sift1m,10000,128,45,10,0.001000,fixed,64,64,0,0.000000,2.269,0.085,2.111,0.012,0.002,64,2150,0,bernoulli,8.0000,0.001000
sift1m,10000,128,45,10,0.010000,fixed,8,8,2,0.100000,0.378,0.049,0.314,0.002,0.001,8,299,2,bernoulli,8.0000,0.001000
sift1m,10000,128,45,10,0.010000,fixed,16,16,2,0.100000,0.569,0.041,0.503,0.004,0.001,16,501,2,bernoulli,8.0000,0.001000
sift1m,10000,128,45,10,0.010000,fixed,32,32,6,0.500000,1.116,0.044,1.024,0.007,0.001,32,1002,6,bernoulli,8.0000,0.001000
sift1m,10000,128,45,10,0.010000,fixed,64,64,10,0.700000,2.293,0.057,2.134,0.016,0.004,64,2150,21,bernoulli,8.0000,0.001000
sift1m,10000,128,45,10,0.050000,fixed,8,8,10,0.600000,0.360,0.036,0.310,0.003,0.002,8,299,15,bernoulli,8.0000,0.001000
sift1m,10000,128,45,10,0.050000,fixed,16,16,10,0.700000,0.554,0.032,0.498,0.006,0.003,16,501,28,bernoulli,8.0000,0.001000
sift1m,10000,128,45,10,0.050000,fixed,32,32,10,0.900000,1.255,0.042,1.159,0.013,0.006,32,1002,55,bernoulli,8.0000,0.001000
sift1m,10000,128,45,10,0.050000,fixed,64,64,10,1.000000,2.622,0.110,2.408,0.025,0.009,64,2150,115,bernoulli,8.0000,0.001000
sift1m,10000,128,45,10,0.100000,fixed,8,8,10,0.700000,0.466,0.087,0.357,0.005,0.002,8,299,40,bernoulli,8.0000,0.001000
sift1m,10000,128,45,10,0.100000,fixed,16,16,10,1.000000,0.606,0.052,0.517,0.008,0.003,16,501,58,bernoulli,8.0000,0.001000
sift1m,10000,128,45,10,0.100000,fixed,32,32,10,1.000000,1.172,0.051,1.068,0.015,0.004,32,1002,103,bernoulli,8.0000,0.001000
sift1m,10000,128,45,10,0.100000,fixed,64,64,10,1.000000,2.427,0.067,2.236,0.035,0.012,64,2150,208,bernoulli,8.0000,0.001000
sift1m,10000,128,45,10,0.500000,fixed,8,8,10,0.700000,0.389,0.050,0.315,0.008,0.002,8,299,150,bernoulli,8.0000,0.001000
sift1m,10000,128,45,10,0.500000,fixed,16,16,10,1.000000,0.555,0.032,0.486,0.011,0.003,16,501,254,bernoulli,8.0000,0.001000
sift1m,10000,128,45,10,0.500000,fixed,32,32,10,1.000000,1.351,0.037,1.212,0.028,0.010,32,1002,532,bernoulli,8.0000,0.001000
sift1m,10000,128,45,10,0.500000,fixed,64,64,10,1.000000,2.574,0.137,2.252,0.067,0.011,64,2150,1134,bernoulli,8.0000,0.001000
sift1m,10000,128,45,10,1.000000,fixed,8,8,10,0.800000,0.419,0.042,0.352,0.011,0.002,8,299,299,bernoulli,8.0000,0.001000
sift1m,10000,128,45,10,1.000000,fixed,16,16,10,1.000000,0.553,0.031,0.486,0.017,0.002,16,501,501,bernoulli,8.0000,0.001000
sift1m,10000,128,45,10,1.000000,fixed,32,32,10,1.000000,1.110,0.034,1.004,0.034,0.004,32,1002,1002,bernoulli,8.0000,0.001000
sift1m,10000,128,45,10,1.000000,fixed,64,64,10,1.000000,2.328,0.052,2.102,0.094,0.006,64,2150,2150,bernoulli,8.0000,0.001000
sift1m,10000,128,46,10,0.001000,fixed,8,8,0,0.000000,0.421,0.080,0.332,0.001,0.001,8,288,0,bernoulli,8.0000,0.001000
sift1m,10000,128,46,10,0.001000,fixed,16,16,1,0.125000,0.628,0.060,0.551,0.003,0.001,16,520,2,bernoulli,8.0000,0.001000
sift1m,10000,128,46,10,0.001000,fixed,32,32,1,0.125000,1.374,0.048,1.268,0.008,0.002,32,1079,4,bernoulli,8.0000,0.001000
sift1m,10000,128,46,10,0.001000,fixed,64,64,1,0.125000,2.312,0.080,2.166,0.011,0.002,64,2191,4,bernoulli,8.0000,0.001000
sift1m,10000,128,46,10,0.010000,fixed,8,8,0,0.000000,0.359,0.049,0.297,0.002,0.000,8,288,0,bernoulli,8.0000,0.001000
sift1m,10000,128,46,10,0.010000,fixed,16,16,2,0.200000,0.564,0.033,0.509,0.004,0.001,16,520,3,bernoulli,8.0000,0.001000
sift1m,10000,128,46,10,0.010000,fixed,32,32,5,0.500000,1.162,0.036,1.081,0.008,0.002,32,1079,11,bernoulli,8.0000,0.001000
sift1m,10000,128,46,10,0.010000,fixed,64,64,10,0.800000,2.651,0.049,2.498,0.022,0.004,64,2191,18,bernoulli,8.0000,0.001000
sift1m,10000,128,46,10,0.050000,fixed,8,8,10,0.700000,0.345,0.037,0.293,0.004,0.002,8,288,19,bernoulli,8.0000,0.001000
sift1m,10000,128,46,10,0.050000,fixed,16,16,10,0.900000,0.562,0.026,0.512,0.006,0.002,16,520,26,bernoulli,8.0000,0.001000
sift1m,10000,128,46,10,0.050000,fixed,32,32,10,1.000000,1.226,0.035,1.137,0.013,0.006,32,1079,49,bernoulli,8.0000,0.001000
sift1m,10000,128,46,10,0.050000,fixed,64,64,10,1.000000,2.503,0.111,2.291,0.029,0.007,64,2191,110,bernoulli,8.0000,0.001000
sift1m,10000,128,46,10,0.100000,fixed,8,8,10,0.400000,0.416,0.072,0.328,0.004,0.002,8,288,21,bernoulli,8.0000,0.001000
sift1m,10000,128,46,10,0.100000,fixed,16,16,10,0.700000,0.696,0.049,0.618,0.008,0.004,16,520,37,bernoulli,8.0000,0.001000
sift1m,10000,128,46,10,0.100000,fixed,32,32,10,0.800000,1.367,0.082,1.223,0.015,0.006,32,1079,85,bernoulli,8.0000,0.001000
sift1m,10000,128,46,10,0.100000,fixed,64,64,10,1.000000,2.370,0.087,2.180,0.030,0.007,64,2191,200,bernoulli,8.0000,0.001000
sift1m,10000,128,46,10,0.500000,fixed,8,8,10,0.900000,0.382,0.053,0.305,0.007,0.002,8,288,134,bernoulli,8.0000,0.001000
sift1m,10000,128,46,10,0.500000,fixed,16,16,10,1.000000,0.754,0.038,0.668,0.014,0.004,16,520,263,bernoulli,8.0000,0.001000
sift1m,10000,128,46,10,0.500000,fixed,32,32,10,1.000000,1.451,0.126,1.235,0.030,0.006,32,1079,544,bernoulli,8.0000,0.001000
sift1m,10000,128,46,10,0.500000,fixed,64,64,10,1.000000,2.451,0.120,2.168,0.055,0.012,64,2191,1108,bernoulli,8.0000,0.001000
sift1m,10000,128,46,10,1.000000,fixed,8,8,10,1.000000,0.351,0.039,0.290,0.011,0.002,8,288,288,bernoulli,8.0000,0.001000
sift1m,10000,128,46,10,1.000000,fixed,16,16,10,1.000000,0.574,0.030,0.505,0.019,0.003,16,520,520,bernoulli,8.0000,0.001000
sift1m,10000,128,46,10,1.000000,fixed,32,32,10,1.000000,1.184,0.036,1.068,0.040,0.004,32,1079,1079,bernoulli,8.0000,0.001000
sift1m,10000,128,46,10,1.000000,fixed,64,64,10,1.000000,2.472,0.051,2.261,0.080,0.007,64,2191,2191,bernoulli,8.0000,0.001000
sift1m,10000,128,47,10,0.001000,fixed,8,8,0,0.000000,0.444,0.069,0.361,0.003,0.003,8,293,0,bernoulli,8.0000,0.001000
sift1m,10000,128,47,10,0.001000,fixed,16,16,0,0.000000,0.931,0.144,0.764,0.004,0.001,16,569,0,bernoulli,8.0000,0.001000
sift1m,10000,128,47,10,0.001000,fixed,32,32,0,0.000000,1.248,0.084,1.124,0.007,0.002,32,1050,0,bernoulli,8.0000,0.001000
sift1m,10000,128,47,10,0.001000,fixed,64,64,2,0.200000,2.169,0.097,2.005,0.012,0.002,64,2057,4,bernoulli,8.0000,0.001000
sift1m,10000,128,47,10,0.010000,fixed,8,8,5,0.400000,0.366,0.052,0.300,0.002,0.001,8,293,5,bernoulli,8.0000,0.001000
sift1m,10000,128,47,10,0.010000,fixed,16,16,9,0.500000,0.644,0.041,0.577,0.004,0.002,16,569,10,bernoulli,8.0000,0.001000
sift1m,10000,128,47,10,0.010000,fixed,32,32,10,0.700000,1.138,0.044,1.047,0.008,0.002,32,1050,15,bernoulli,8.0000,0.001000
sift1m,10000,128,47,10,0.010000,fixed,64,64,10,1.000000,2.184,0.056,2.036,0.016,0.004,64,2057,32,bernoulli,8.0000,0.001000
sift1m,10000,128,47,10,0.050000,fixed,8,8,7,0.400000,0.340,0.032,0.295,0.003,0.001,8,293,8,bernoulli,8.0000,0.001000
sift1m,10000,128,47,10,0.050000,fixed,16,16,10,0.500000,0.667,0.032,0.609,0.006,0.002,16,569,23,bernoulli,8.0000,0.001000
sift1m,10000,128,47,10,0.050000,fixed,32,32,10,0.900000,1.156,0.038,1.072,0.011,0.003,32,1050,51,bernoulli,8.0000,0.001000
sift1m,10000,128,47,10,0.050000,fixed,64,64,10,0.900000,2.123,0.049,1.987,0.021,0.005,64,2057,87,bernoulli,8.0000,0.001000
sift1m,10000,128,47,10,0.100000,fixed,8,8,10,0.400000,0.342,0.028,0.298,0.004,0.002,8,293,31,bernoulli,8.0000,0.001000
sift1m,10000,128,47,10,0.100000,fixed,16,16,10,0.800000,0.624,0.028,0.567,0.008,0.002,16,569,59,bernoulli,8.0000,0.001000
sift1m,10000,128,47,10,0.100000,fixed,32,32,10,0.800000,1.115,0.034,1.029,0.015,0.004,32,1050,99,bernoulli,8.0000,0.001000
sift1m,10000,128,47,10,0.100000,fixed,64,64,10,0.900000,2.155,0.048,2.007,0.029,0.006,64,2057,191,bernoulli,8.0000,0.001000
sift1m,10000,128,47,10,0.500000,fixed,8,8,10,0.500000,0.374,0.040,0.309,0.008,0.002,8,293,141,bernoulli,8.0000,0.001000
sift1m,10000,128,47,10,0.500000,fixed,16,16,10,0.900000,0.651,0.031,0.581,0.013,0.002,16,569,273,bernoulli,8.0000,0.001000
sift1m,10000,128,47,10,0.500000,fixed,32,32,10,0.900000,1.350,0.035,1.208,0.035,0.012,32,1050,520,bernoulli,8.0000,0.001000
sift1m,10000,128,47,10,0.500000,fixed,64,64,10,1.000000,2.592,0.131,2.287,0.057,0.008,64,2057,1019,bernoulli,8.0000,0.001000
sift1m,10000,128,47,10,1.000000,fixed,8,8,10,0.700000,0.437,0.096,0.318,0.011,0.002,8,293,293,bernoulli,8.0000,0.001000
sift1m,10000,128,47,10,1.000000,fixed,16,16,10,1.000000,0.690,0.052,0.594,0.020,0.005,16,569,569,bernoulli,8.0000,0.001000
sift1m,10000,128,47,10,1.000000,fixed,32,32,10,1.000000,1.355,0.066,1.189,0.049,0.006,32,1050,1050,bernoulli,8.0000,0.001000
sift1m,10000,128,47,10,1.000000,fixed,64,64,10,1.000000,2.383,0.098,2.125,0.075,0.007,64,2057,2057,bernoulli,8.0000,0.001000
sift1m,10000,128,48,10,0.001000,fixed,8,8,0,0.000000,0.392,0.103,0.279,0.002,0.001,8,246,0,bernoulli,8.0000,0.001000
sift1m,10000,128,48,10,0.001000,fixed,16,16,0,0.000000,0.693,0.063,0.609,0.003,0.001,16,504,0,bernoulli,8.0000,0.001000
sift1m,10000,128,48,10,0.001000,fixed,32,32,0,0.000000,1.146,0.080,1.032,0.005,0.001,32,1076,0,bernoulli,8.0000,0.001000
sift1m,10000,128,48,10,0.001000,fixed,64,64,1,0.142857,2.228,0.070,2.090,0.011,0.003,64,2167,3,bernoulli,8.0000,0.001000
sift1m,10000,128,48,10,0.010000,fixed,8,8,1,0.100000,0.285,0.042,0.229,0.002,0.001,8,246,1,bernoulli,8.0000,0.001000
sift1m,10000,128,48,10,0.010000,fixed,16,16,2,0.200000,0.541,0.039,0.476,0.004,0.001,16,504,2,bernoulli,8.0000,0.001000
sift1m,10000,128,48,10,0.010000,fixed,32,32,8,0.400000,1.136,0.043,1.038,0.008,0.002,32,1076,9,bernoulli,8.0000,0.001000
sift1m,10000,128,48,10,0.010000,fixed,64,64,10,0.700000,2.254,0.056,2.089,0.016,0.003,64,2167,23,bernoulli,8.0000,0.001000
sift1m,10000,128,48,10,0.050000,fixed,8,8,10,0.400000,0.275,0.036,0.225,0.003,0.002,8,246,18,bernoulli,8.0000,0.001000
sift1m,10000,128,48,10,0.050000,fixed,16,16,10,0.600000,0.534,0.033,0.476,0.006,0.002,16,504,38,bernoulli,8.0000,0.001000
sift1m,10000,128,48,10,0.050000,fixed,32,32,10,0.800000,1.262,0.036,1.166,0.017,0.007,32,1076,67,bernoulli,8.0000,0.001000
sift1m,10000,128,48,10,0.050000,fixed,64,64,10,1.000000,2.605,0.131,2.368,0.027,0.008,64,2167,136,bernoulli,8.0000,0.001000
sift1m,10000,128,48,10,0.100000,fixed,8,8,10,0.800000,0.285,0.034,0.237,0.004,0.002,8,246,21,bernoulli,8.0000,0.001000
sift1m,10000,128,48,10,0.100000,fixed,16,16,10,0.800000,0.527,0.029,0.473,0.007,0.002,16,504,41,bernoulli,8.0000,0.001000
sift1m,10000,128,48,10,0.100000,fixed,32,32,10,1.000000,1.152,0.036,1.063,0.015,0.004,32,1076,98,bernoulli,8.0000,0.001000
sift1m,10000,128,48,10,0.100000,fixed,64,64,10,1.000000,2.568,0.053,2.397,0.033,0.010,64,2167,187,bernoulli,8.0000,0.001000
sift1m,10000,128,48,10,0.500000,fixed,8,8,10,0.800000,0.403,0.106,0.275,0.007,0.002,8,246,130,bernoulli,8.0000,0.001000
sift1m,10000,128,48,10,0.500000,fixed,16,16,10,0.900000,0.669,0.056,0.573,0.013,0.003,16,504,269,bernoulli,8.0000,0.001000
sift1m,10000,128,48,10,0.500000,fixed,32,32,10,1.000000,1.345,0.065,1.194,0.027,0.005,32,1076,572,bernoulli,8.0000,0.001000
sift1m,10000,128,48,10,0.500000,fixed,64,64,10,1.000000,2.533,0.075,2.290,0.059,0.006,64,2167,1118,bernoulli,8.0000,0.001000
sift1m,10000,128,48,10,1.000000,fixed,8,8,10,0.800000,0.381,0.086,0.272,0.010,0.002,8,246,246,bernoulli,8.0000,0.001000
sift1m,10000,128,48,10,1.000000,fixed,16,16,10,0.800000,0.591,0.051,0.502,0.018,0.003,16,504,504,bernoulli,8.0000,0.001000
sift1m,10000,128,48,10,1.000000,fixed,32,32,10,1.000000,1.163,0.046,1.040,0.038,0.004,32,1076,1076,bernoulli,8.0000,0.001000
sift1m,10000,128,48,10,1.000000,fixed,64,64,10,1.000000,2.488,0.057,2.263,0.080,0.007,64,2167,2167,bernoulli,8.0000,0.001000
sift1m,10000,128,49,10,0.001000,fixed,8,8,0,0.000000,0.450,0.078,0.359,0.002,0.001,8,299,0,bernoulli,8.0000,0.001000
sift1m,10000,128,49,10,0.001000,fixed,16,16,0,0.000000,0.675,0.062,0.593,0.003,0.001,16,540,0,bernoulli,8.0000,0.001000
sift1m,10000,128,49,10,0.001000,fixed,32,32,0,0.000000,1.280,0.061,1.174,0.008,0.002,32,987,0,bernoulli,8.0000,0.001000
sift1m,10000,128,49,10,0.001000,fixed,64,64,0,0.000000,2.658,0.101,2.475,0.014,0.003,64,2047,0,bernoulli,8.0000,0.001000
sift1m,10000,128,49,10,0.010000,fixed,8,8,3,0.300000,0.407,0.079,0.317,0.002,0.001,8,299,4,bernoulli,8.0000,0.001000
sift1m,10000,128,49,10,0.010000,fixed,16,16,3,0.300000,0.607,0.045,0.542,0.004,0.001,16,540,6,bernoulli,8.0000,0.001000
sift1m,10000,128,49,10,0.010000,fixed,32,32,9,0.500000,1.277,0.051,1.162,0.011,0.004,32,987,12,bernoulli,8.0000,0.001000
sift1m,10000,128,49,10,0.010000,fixed,64,64,10,0.900000,2.409,0.071,2.257,0.016,0.006,64,2047,29,bernoulli,8.0000,0.001000
sift1m,10000,128,49,10,0.050000,fixed,8,8,10,0.900000,0.455,0.099,0.338,0.005,0.002,8,299,29,bernoulli,8.0000,0.001000
sift1m,10000,128,49,10,0.050000,fixed,16,16,10,0.900000,0.625,0.052,0.545,0.007,0.003,16,540,46,bernoulli,8.0000,0.001000
sift1m,10000,128,49,10,0.050000,fixed,32,32,10,0.900000,1.258,0.049,1.149,0.016,0.009,32,987,76,bernoulli,8.0000,0.001000
sift1m,10000,128,49,10,0.050000,fixed,64,64,10,1.000000,2.445,0.115,2.223,0.029,0.010,64,2047,149,bernoulli,8.0000,0.001000
sift1m,10000,128,49,10,0.100000,fixed,8,8,10,0.600000,0.434,0.075,0.343,0.004,0.002,8,299,25,bernoulli,8.0000,0.001000
sift1m,10000,128,49,10,0.100000,fixed,16,16,10,0.900000,0.659,0.055,0.576,0.008,0.003,16,540,54,bernoulli,8.0000,0.001000
sift1m,10000,128,49,10,0.100000,fixed,32,32,10,1.000000,1.108,0.058,0.999,0.014,0.005,32,987,102,bernoulli,8.0000,0.001000
sift1m,10000,128,49,10,0.100000,fixed,64,64,10,1.000000,2.206,0.070,2.036,0.030,0.007,64,2047,208,bernoulli,8.0000,0.001000
sift1m,10000,128,49,10,0.500000,fixed,8,8,10,1.000000,0.475,0.069,0.375,0.009,0.004,8,299,160,bernoulli,8.0000,0.001000
sift1m,10000,128,49,10,0.500000,fixed,16,16,10,1.000000,0.664,0.053,0.571,0.013,0.003,16,540,283,bernoulli,8.0000,0.001000
sift1m,10000,128,49,10,0.500000,fixed,32,32,10,1.000000,1.352,0.112,1.156,0.027,0.006,32,987,538,bernoulli,8.0000,0.001000
sift1m,10000,128,49,10,0.500000,fixed,64,64,10,1.000000,2.393,0.068,2.167,0.052,0.009,64,2047,1057,bernoulli,8.0000,0.001000
sift1m,10000,128,49,10,1.000000,fixed,8,8,10,1.000000,0.440,0.076,0.340,0.011,0.002,8,299,299,bernoulli,8.0000,0.001000
sift1m,10000,128,49,10,1.000000,fixed,16,16,10,1.000000,0.616,0.039,0.536,0.019,0.003,16,540,540,bernoulli,8.0000,0.001000
sift1m,10000,128,49,10,1.000000,fixed,32,32,10,1.000000,1.043,0.043,0.925,0.036,0.005,32,987,987,bernoulli,8.0000,0.001000
sift1m,10000,128,49,10,1.000000,fixed,64,64,10,1.000000,2.402,0.059,2.173,0.078,0.008,64,2047,2047,bernoulli,8.0000,0.001000
