dataset,n_records,dim,query_id,k,selectivity,strategy,base_nprobe,nprobe_used,returned_count,recall_at_k,latency_ms,t_centers_ms,t_fetch_pl_ms,t_bf_pl_ms,t_merge_ms,centers,candidates_before_filter,candidates_after_filter,filter_shape,max_factor,epsilon
sift1m,10000,128,0,10,0.001000,fixed,4,4,0,0.000000,0.417,0.117,0.291,0.001,0.002,4,151,0,bernoulli,8.0000,0.001000
sift1m,10000,128,0,10,0.001000,fixed,8,8,1,0.142857,0.505,0.066,0.424,0.002,0.002,8,313,1,bernoulli,8.0000,0.001000
sift1m,10000,128,0,10,0.001000,fixed,16,16,1,0.142857,0.764,0.085,0.657,0.003,0.003,16,604,1,bernoulli,8.0000,0.001000
sift1m,10000,128,0,10,0.001000,fixed,32,32,1,0.142857,1.273,0.059,1.177,0.006,0.001,32,1125,1,bernoulli,8.0000,0.001000
sift1m,10000,128,0,10,0.001000,fixed,64,64,2,0.285714,2.487,0.068,2.345,0.012,0.002,64,2273,2,bernoulli,8.0000,0.001000
sift1m,10000,128,0,10,0.001000,fixed,128,128,3,0.428571,4.844,0.095,4.602,0.024,0.005,128,4390,4,bernoulli,8.0000,0.001000
sift1m,10000,128,0,10,0.001000,fixed,256,256,3,0.428571,9.661,0.247,9.119,0.059,0.008,256,8835,5,bernoulli,8.0000,0.001000
sift1m,10000,128,0,10,0.001000,fixed,512,512,6,0.857143,18.706,0.497,17.608,0.132,0.013,512,17064,14,bernoulli,8.0000,0.001000
sift1m,10000,128,0,10,0.010000,fixed,4,4,2,0.000000,0.263,0.089,0.166,0.001,0.001,4,151,2,bernoulli,8.0000,0.001000
sift1m,10000,128,0,10,0.010000,fixed,8,8,3,0.100000,0.411,0.038,0.359,0.002,0.001,8,313,3,bernoulli,8.0000,0.001000
sift1m,10000,128,0,10,0.010000,fixed,16,16,9,0.500000,0.894,0.036,0.820,0.008,0.005,16,604,10,bernoulli,8.0000,0.001000
sift1m,10000,128,0,10,0.010000,fixed,32,32,10,0.600000,1.360,0.126,1.180,0.009,0.004,32,1125,16,bernoulli,8.0000,0.001000
sift1m,10000,128,0,10,0.010000,fixed,64,64,10,0.700000,2.401,0.062,2.241,0.017,0.005,64,2273,29,bernoulli,8.0000,0.001000
sift1m,10000,128,0,10,0.010000,fixed,128,128,10,1.000000,4.534,0.086,4.263,0.034,0.007,128,4390,54,bernoulli,8.0000,0.001000
sift1m,10000,128,0,10,0.010000,fixed,256,256,10,1.000000,10.430,0.170,9.830,0.100,0.012,256,8835,101,bernoulli,8.0000,0.001000
sift1m,10000,128,0,10,0.010000,fixed,512,512,10,1.000000,18.458,0.344,17.328,0.179,0.019,512,17064,189,bernoulli,8.0000,0.001000
sift1m,10000,128,0,10,0.050000,fixed,4,4,6,0.200000,0.211,0.044,0.160,0.002,0.001,4,151,6,bernoulli,8.0000,0.001000
sift1m,10000,128,0,10,0.050000,fixed,8,8,10,0.400000,0.363,0.032,0.318,0.003,0.001,8,313,10,bernoulli,8.0000,0.001000
sift1m,10000,128,0,10,0.050000,fixed,16,16,10,0.500000,0.668,0.032,0.610,0.006,0.002,16,604,21,bernoulli,8.0000,0.001000
sift1m,10000,128,0,10,0.050000,fixed,32,32,10,0.900000,1.376,0.037,1.276,0.013,0.008,32,1125,52,bernoulli,8.0000,0.001000
sift1m,10000,128,0,10,0.050000,fixed,64,64,10,1.000000,2.808,0.165,2.536,0.026,0.009,64,2273,116,bernoulli,8.0000,0.001000
sift1m,10000,128,0,10,0.050000,fixed,128,128,10,1.000000,5.021,0.112,4.702,0.051,0.013,128,4390,241,bernoulli,8.0000,0.001000
sift1m,10000,128,0,10,0.050000,fixed,256,256,10,1.000000,9.900,0.187,9.306,0.101,0.027,256,8835,477,bernoulli,8.0000,0.001000
sift1m,10000,128,0,10,0.050000,fixed,512,512,10,1.000000,18.583,0.486,17.324,0.205,0.035,512,17064,900,bernoulli,8.0000,0.001000
sift1m,10000,128,0,10,0.100000,fixed,4,4,10,0.100000,0.270,0.093,0.167,0.003,0.001,4,151,23,bernoulli,8.0000,0.001000
sift1m,10000,128,0,10,0.100000,fixed,8,8,10,0.400000,0.396,0.045,0.335,0.005,0.001,8,313,36,bernoulli,8.0000,0.001000
sift1m,10000,128,0,10,0.100000,fixed,16,16,10,0.900000,0.700,0.039,0.631,0.009,0.002,16,604,58,bernoulli,8.0000,0.001000
sift1m,10000,128,0,10,0.100000,fixed,32,32,10,1.000000,1.219,0.042,1.122,0.016,0.004,32,1125,111,bernoulli,8.0000,0.001000
sift1m,10000,128,0,10,0.100000,fixed,64,64,10,1.000000,2.759,0.056,2.576,0.034,0.015,64,2273,213,bernoulli,8.0000,0.001000
sift1m,10000,128,0,10,0.100000,fixed,128,128,10,1.000000,4.807,0.157,4.434,0.064,0.013,128,4390,438,bernoulli,8.0000,0.001000
sift1m,10000,128,0,10,0.100000,fixed,256,256,10,1.000000,10.216,0.184,9.536,0.164,0.032,256,8835,894,bernoulli,8.0000,0.001000
sift1m,10000,128,0,10,0.100000,fixed,512,512,10,1.000000,19.957,0.490,18.546,0.263,0.038,512,17064,1751,bernoulli,8.0000,0.001000
sift1m,10000,128,0,10,0.500000,fixed,4,4,10,0.600000,0.279,0.093,0.174,0.004,0.001,4,151,76,bernoulli,8.0000,0.001000
sift1m,10000,128,0,10,0.500000,fixed,8,8,10,1.000000,0.392,0.036,0.334,0.007,0.001,8,313,154,bernoulli,8.0000,0.001000
sift1m,10000,128,0,10,0.500000,fixed,16,16,10,1.000000,0.700,0.035,0.625,0.014,0.002,16,604,291,bernoulli,8.0000,0.001000
sift1m,10000,128,0,10,0.500000,fixed,32,32,10,1.000000,1.264,0.041,1.139,0.026,0.008,32,1125,530,bernoulli,8.0000,0.001000
sift1m,10000,128,0,10,0.500000,fixed,64,64,10,1.000000,2.760,0.056,2.530,0.058,0.007,64,2273,1092,bernoulli,8.0000,0.001000
sift1m,10000,128,0,10,0.500000,fixed,128,128,10,1.000000,5.101,0.107,4.643,0.115,0.019,128,4390,2130,bernoulli,8.0000,0.001000
sift1m,10000,128,0,10,0.500000,fixed,256,256,10,1.000000,10.329,0.267,9.368,0.237,0.023,256,8835,4338,bernoulli,8.0000,0.001000
sift1m,10000,128,0,10,0.500000,fixed,512,512,10,1.000000,18.927,0.381,17.276,0.439,0.029,512,17064,8354,bernoulli,8.0000,0.001000
sift1m,10000,128,0,10,1.000000,fixed,4,4,10,0.800000,0.290,0.090,0.187,0.006,0.001,4,151,151,bernoulli,8.0000,0.001000
sift1m,10000,128,0,10,1.000000,fixed,8,8,10,1.000000,0.399,0.041,0.335,0.010,0.001,8,313,313,bernoulli,8.0000,0.001000
sift1m,10000,128,0,10,1.000000,fixed,16,16,10,1.000000,0.712,0.038,0.633,0.020,0.002,16,604,604,bernoulli,8.0000,0.001000
sift1m,10000,128,0,10,1.000000,fixed,32,32,10,1.000000,1.274,0.042,1.151,0.039,0.005,32,1125,1125,bernoulli,8.0000,0.001000
sift1m,10000,128,0,10,1.000000,fixed,64,64,10,1.000000,2.839,0.061,2.568,0.083,0.014,64,2273,2273,bernoulli,8.0000,0.001000
sift1m,10000,128,0,10,1.000000,fixed,128,128,10,1.000000,4.894,0.179,4.389,0.166,0.013,128,4390,4390,bernoulli,8.0000,0.001000
sift1m,10000,128,0,10,1.000000,fixed,256,256,10,1.000000,9.648,0.222,8.795,0.327,0.016,256,8835,8835,bernoulli,8.0000,0.001000
sift1m,10000,128,0,10,1.000000,fixed,512,512,10,1.000000,19.176,0.357,17.465,0.661,0.028,512,17064,17064,bernoulli,8.0000,0.001000
sift1m,10000,128,1,10,0.001000,fixed,4,4,0,0.000000,0.207,0.077,0.125,0.001,0.001,4,128,0,bernoulli,8.0000,0.001000
sift1m,10000,128,1,10,0.001000,fixed,8,8,0,0.000000,0.327,0.045,0.273,0.002,0.001,8,280,0,bernoulli,8.0000,0.001000
sift1m,10000,128,1,10,0.001000,fixed,16,16,0,0.000000,0.643,0.039,0.586,0.003,0.001,16,573,0,bernoulli,8.0000,0.001000
sift1m,10000,128,1,10,0.001000,fixed,32,32,1,0.111111,1.281,0.042,1.195,0.006,0.001,32,1195,1,bernoulli,8.0000,0.001000
sift1m,10000,128,1,10,0.001000,fixed,64,64,2,0.222222,2.466,0.057,2.334,0.013,0.003,64,2217,2,bernoulli,8.0000,0.001000
sift1m,10000,128,1,10,0.001000,fixed,128,128,2,0.222222,4.423,0.110,4.175,0.025,0.003,128,4364,4,bernoulli,8.0000,0.001000
sift1m,10000,128,1,10,0.001000,fixed,256,256,4,0.444444,9.661,0.178,9.195,0.053,0.006,256,8745,8,bernoulli,8.0000,0.001000
sift1m,10000,128,1,10,0.001000,fixed,512,512,5,0.555556,18.967,0.354,17.837,0.316,0.010,512,17135,13,bernoulli,8.0000,0.001000
sift1m,10000,128,1,10,0.010000,fixed,4,4,0,0.000000,0.170,0.051,0.113,0.001,0.000,4,128,0,bernoulli,8.0000,0.001000
sift1m,10000,128,1,10,0.010000,fixed,8,8,2,0.100000,0.313,0.036,0.264,0.002,0.001,8,280,2,bernoulli,8.0000,0.001000
sift1m,10000,128,1,10,0.010000,fixed,16,16,4,0.300000,0.597,0.034,0.539,0.004,0.001,16,573,4,bernoulli,8.0000,0.001000
sift1m,10000,128,1,10,0.010000,fixed,32,32,6,0.500000,1.237,0.038,1.149,0.008,0.002,32,1195,8,bernoulli,8.0000,0.001000
sift1m,10000,128,1,10,0.010000,fixed,64,64,10,0.800000,2.319,0.052,2.173,0.016,0.003,64,2217,19,bernoulli,8.0000,0.001000
sift1m,10000,128,1,10,0.010000,fixed,128,128,10,1.000000,4.592,0.081,4.311,0.033,0.007,128,4364,41,bernoulli,8.0000,0.001000
sift1m,10000,128,1,10,0.010000,fixed,256,256,10,1.000000,9.338,0.204,8.745,0.064,0.012,256,8745,76,bernoulli,8.0000,0.001000
sift1m,10000,128,1,10,0.010000,fixed,512,512,10,1.000000,19.445,0.421,18.153,0.206,0.020,512,17135,144,bernoulli,8.0000,0.001000
sift1m,10000,128,1,10,0.050000,fixed,4,4,5,0.200000,0.182,0.043,0.130,0.002,0.001,4,128,5,bernoulli,8.0000,0.001000
sift1m,10000,128,1,10,0.050000,fixed,8,8,10,0.400000,0.344,0.031,0.300,0.003,0.002,8,280,17,bernoulli,8.0000,0.001000
sift1m,10000,128,1,10,0.050000,fixed,16,16,10,0.700000,0.802,0.104,0.659,0.013,0.005,16,573,33,bernoulli,8.0000,0.001000
sift1m,10000,128,1,10,0.050000,fixed,32,32,10,1.000000,1.413,0.069,1.283,0.016,0.005,32,1195,70,bernoulli,8.0000,0.001000
sift1m,10000,128,1,10,0.050000,fixed,64,64,10,1.000000,2.608,0.078,2.425,0.026,0.009,64,2217,115,bernoulli,8.0000,0.001000
sift1m,10000,128,1,10,0.050000,fixed,128,128,10,1.000000,4.702,0.147,4.366,0.047,0.012,128,4364,224,bernoulli,8.0000,0.001000
sift1m,10000,128,1,10,0.050000,fixed,256,256,10,1.000000,9.053,0.170,8.515,0.092,0.019,256,8745,449,bernoulli,8.0000,0.001000
sift1m,10000,128,1,10,0.050000,fixed,512,512,10,1.000000,20.548,0.345,19.359,0.205,0.037,512,17135,835,bernoulli,8.0000,0.001000
sift1m,10000,128,1,10,0.100000,fixed,4,4,10,0.600000,0.229,0.091,0.130,0.002,0.001,4,128,12,bernoulli,8.0000,0.001000
sift1m,10000,128,1,10,0.100000,fixed,8,8,10,0.600000,0.325,0.037,0.273,0.004,0.002,8,280,28,bernoulli,8.0000,0.001000
sift1m,10000,128,1,10,0.100000,fixed,16,16,10,0.600000,0.649,0.034,0.585,0.008,0.002,16,573,46,bernoulli,8.0000,0.001000
sift1m,10000,128,1,10,0.100000,fixed,32,32,10,0.800000,1.326,0.042,1.226,0.017,0.004,32,1195,115,bernoulli,8.0000,0.001000
sift1m,10000,128,1,10,0.100000,fixed,64,64,10,0.900000,2.499,0.058,2.326,0.033,0.008,64,2217,202,bernoulli,8.0000,0.001000
sift1m,10000,128,1,10,0.100000,fixed,128,128,10,1.000000,4.749,0.140,4.382,0.065,0.013,128,4364,416,bernoulli,8.0000,0.001000
sift1m,10000,128,1,10,0.100000,fixed,256,256,10,1.000000,9.634,0.184,9.005,0.133,0.024,256,8745,884,bernoulli,8.0000,0.001000
sift1m,10000,128,1,10,0.100000,fixed,512,512,10,1.000000,19.489,0.379,18.224,0.263,0.045,512,17135,1688,bernoulli,8.0000,0.001000
sift1m,10000,128,1,10,0.500000,fixed,4,4,10,0.700000,0.238,0.097,0.129,0.004,0.001,4,128,63,bernoulli,8.0000,0.001000
sift1m,10000,128,1,10,0.500000,fixed,8,8,10,1.000000,0.336,0.045,0.270,0.007,0.002,8,280,134,bernoulli,8.0000,0.001000
sift1m,10000,128,1,10,0.500000,fixed,16,16,10,1.000000,0.634,0.039,0.553,0.014,0.003,16,573,289,bernoulli,8.0000,0.001000
sift1m,10000,128,1,10,0.500000,fixed,32,32,10,1.000000,1.372,0.044,1.240,0.029,0.005,32,1195,580,bernoulli,8.0000,0.001000
sift1m,10000,128,1,10,0.500000,fixed,64,64,10,1.000000,2.589,0.083,2.335,0.055,0.009,64,2217,1069,bernoulli,8.0000,0.001000
sift1m,10000,128,1,10,0.500000,fixed,128,128,10,1.000000,4.755,0.151,4.289,0.109,0.011,128,4364,2125,bernoulli,8.0000,0.001000
sift1m,10000,128,1,10,0.500000,fixed,256,256,10,1.000000,9.992,0.190,9.090,0.226,0.026,256,8745,4249,bernoulli,8.0000,0.001000
sift1m,10000,128,1,10,0.500000,fixed,512,512,10,1.000000,19.830,0.438,18.033,0.456,0.039,512,17135,8485,bernoulli,8.0000,0.001000
sift1m,10000,128,1,10,1.000000,fixed,4,4,10,0.900000,0.255,0.109,0.134,0.005,0.001,4,128,128,bernoulli,8.0000,0.001000
sift1m,10000,128,1,10,1.000000,fixed,8,8,10,1.000000,0.348,0.044,0.283,0.010,0.001,8,280,280,bernoulli,8.0000,0.001000
sift1m,10000,128,1,10,1.000000,fixed,16,16,10,1.000000,0.643,0.037,0.566,0.020,0.003,16,573,573,bernoulli,8.0000,0.001000
sift1m,10000,128,1,10,1.000000,fixed,32,32,10,1.000000,1.336,0.042,1.210,0.042,0.004,32,1195,1195,bernoulli,8.0000,0.001000
sift1m,10000,128,1,10,1.000000,fixed,64,64,10,1.000000,2.581,0.057,2.340,0.097,0.008,64,2217,2217,bernoulli,8.0000,0.001000
sift1m,10000,128,1,10,1.000000,fixed,128,128,10,1.000000,4.885,0.106,4.461,0.162,0.012,128,4364,4364,bernoulli,8.0000,0.001000
sift1m,10000,128,1,10,1.000000,fixed,256,256,10,1.000000,9.605,0.185,8.795,0.320,0.016,256,8745,8745,bernoulli,8.0000,0.001000
sift1m,10000,128,1,10,1.000000,fixed,512,512,10,1.000000,19.051,0.353,17.438,0.627,0.032,512,17135,17135,bernoulli,8.0000,0.001000
sift1m,10000,128,2,10,0.001000,fixed,4,4,0,0.000000,0.234,0.076,0.152,0.001,0.001,4,142,0,bernoulli,8.0000,0.001000
sift1m,10000,128,2,10,0.001000,fixed,8,8,0,0.000000,0.356,0.047,0.299,0.001,0.001,8,298,0,bernoulli,8.0000,0.001000
sift1m,10000,128,2,10,0.001000,fixed,16,16,0,0.000000,0.607,0.041,0.548,0.003,0.001,16,574,0,bernoulli,8.0000,0.001000
sift1m,10000,128,2,10,0.001000,fixed,32,32,0,0.000000,1.101,0.044,1.023,0.005,0.001,32,1091,0,bernoulli,8.0000,0.001000
sift1m,10000,128,2,10,0.001000,fixed,64,64,1,0.166667,2.173,0.055,2.050,0.011,0.002,64,2152,1,bernoulli,8.0000,0.001000
sift1m,10000,128,2,10,0.001000,fixed,128,128,2,0.333333,4.507,0.085,4.242,0.065,0.004,128,4244,2,bernoulli,8.0000,0.001000
sift1m,10000,128,2,10,0.001000,fixed,256,256,4,0.666667,9.754,0.188,9.264,0.056,0.006,256,8677,7,bernoulli,8.0000,0.001000
sift1m,10000,128,2,10,0.001000,fixed,512,512,4,0.666667,19.476,0.539,18.255,0.183,0.021,512,16981,14,bernoulli,8.0000,0.001000
sift1m,10000,128,2,10,0.010000,fixed,4,4,2,0.100000,0.418,0.134,0.269,0.002,0.003,4,142,2,bernoulli,8.0000,0.001000
sift1m,10000,128,2,10,0.010000,fixed,8,8,3,0.200000,0.549,0.112,0.416,0.003,0.002,8,298,3,bernoulli,8.0000,0.001000
sift1m,10000,128,2,10,0.010000,fixed,16,16,7,0.600000,0.735,0.071,0.628,0.005,0.002,16,574,7,bernoulli,8.0000,0.001000
sift1m,10000,128,2,10,0.010000,fixed,32,32,8,0.600000,1.252,0.072,1.118,0.009,0.002,32,1091,11,bernoulli,8.0000,0.001000
sift1m,10000,128,2,10,0.010000,fixed,64,64,10,0.900000,2.503,0.073,2.305,0.019,0.006,64,2152,28,bernoulli,8.0000,0.001000
sift1m,10000,128,2,10,0.010000,fixed,128,128,10,1.000000,5.076,0.134,4.684,0.038,0.019,128,4244,55,bernoulli,8.0000,0.001000
sift1m,10000,128,2,10,0.010000,fixed,256,256,10,1.000000,10.570,0.369,9.688,0.078,0.018,256,8677,111,bernoulli,8.0000,0.001000
sift1m,10000,128,2,10,0.010000,fixed,512,512,10,1.000000,20.319,0.421,18.893,0.143,0.025,512,16981,209,bernoulli,8.0000,0.001000
sift1m,10000,128,2,10,0.050000,fixed,4,4,8,0.300000,0.259,0.099,0.153,0.002,0.001,4,142,9,bernoulli,8.0000,0.001000
sift1m,10000,128,2,10,0.050000,fixed,8,8,10,0.400000,0.380,0.048,0.317,0.004,0.002,8,298,23,bernoulli,8.0000,0.001000
sift1m,10000,128,2,10,0.050000,fixed,16,16,10,0.600000,0.659,0.044,0.589,0.007,0.002,16,574,37,bernoulli,8.0000,0.001000
sift1m,10000,128,2,10,0.050000,fixed,32,32,10,0.900000,1.365,0.049,1.257,0.014,0.007,32,1091,65,bernoulli,8.0000,0.001000
sift1m,10000,128,2,10,0.050000,fixed,64,64,10,1.000000,2.543,0.117,2.323,0.024,0.008,64,2152,110,bernoulli,8.0000,0.001000
sift1m,10000,128,2,10,0.050000,fixed,128,128,10,1.000000,4.843,0.134,4.515,0.047,0.014,128,4244,187,bernoulli,8.0000,0.001000
sift1m,10000,128,2,10,0.050000,fixed,256,256,10,1.000000,9.633,0.228,9.003,0.099,0.033,256,8677,404,bernoulli,8.0000,0.001000
sift1m,10000,128,2,10,0.050000,fixed,512,512,10,1.000000,19.106,0.477,17.863,0.185,0.035,512,16981,806,bernoulli,8.0000,0.001000
sift1m,10000,128,2,10,0.100000,fixed,4,4,9,0.200000,0.325,0.096,0.214,0.003,0.003,4,142,9,bernoulli,8.0000,0.001000
sift1m,10000,128,2,10,0.100000,fixed,8,8,10,0.400000,0.471,0.089,0.361,0.009,0.003,8,298,24,bernoulli,8.0000,0.001000
sift1m,10000,128,2,10,0.100000,fixed,16,16,10,0.900000,0.707,0.068,0.607,0.009,0.003,16,574,60,bernoulli,8.0000,0.001000
sift1m,10000,128,2,10,0.100000,fixed,32,32,10,1.000000,1.320,0.069,1.187,0.018,0.006,32,1091,112,bernoulli,8.0000,0.001000
sift1m,10000,128,2,10,0.100000,fixed,64,64,10,1.000000,2.435,0.130,2.196,0.031,0.009,64,2152,214,bernoulli,8.0000,0.001000
sift1m,10000,128,2,10,0.100000,fixed,128,128,10,1.000000,4.400,0.114,4.084,0.059,0.012,128,4244,380,bernoulli,8.0000,0.001000
sift1m,10000,128,2,10,0.100000,fixed,256,256,10,1.000000,9.325,0.179,8.712,0.123,0.021,256,8677,811,bernoulli,8.0000,0.001000
sift1m,10000,128,2,10,0.100000,fixed,512,512,10,1.000000,19.599,0.359,18.319,0.288,0.046,512,16981,1659,bernoulli,8.0000,0.001000
sift1m,10000,128,2,10,0.500000,fixed,4,4,10,0.600000,0.297,0.094,0.186,0.004,0.002,4,142,74,bernoulli,8.0000,0.001000
sift1m,10000,128,2,10,0.500000,fixed,8,8,10,0.800000,0.365,0.042,0.301,0.007,0.002,8,298,158,bernoulli,8.0000,0.001000
sift1m,10000,128,2,10,0.500000,fixed,16,16,10,1.000000,0.739,0.036,0.653,0.015,0.004,16,574,302,bernoulli,8.0000,0.001000
sift1m,10000,128,2,10,0.500000,fixed,32,32,10,1.000000,1.355,0.114,1.150,0.029,0.006,32,1091,580,bernoulli,8.0000,0.001000
sift1m,10000,128,2,10,0.500000,fixed,64,64,10,1.000000,2.330,0.067,2.107,0.053,0.007,64,2152,1100,bernoulli,8.0000,0.001000
sift1m,10000,128,2,10,0.500000,fixed,128,128,10,1.000000,4.506,0.093,4.109,0.107,0.010,128,4244,2176,bernoulli,8.0000,0.001000
sift1m,10000,128,2,10,0.500000,fixed,256,256,10,1.000000,9.865,0.172,9.021,0.228,0.025,256,8677,4419,bernoulli,8.0000,0.001000
sift1m,10000,128,2,10,0.500000,fixed,512,512,10,1.000000,18.771,0.447,17.042,0.447,0.040,512,16981,8541,bernoulli,8.0000,0.001000
sift1m,10000,128,2,10,1.000000,fixed,4,4,10,0.300000,0.251,0.074,0.164,0.006,0.001,4,142,142,bernoulli,8.0000,0.001000
sift1m,10000,128,2,10,1.000000,fixed,8,8,10,0.700000,0.383,0.044,0.314,0.010,0.002,8,298,298,bernoulli,8.0000,0.001000
sift1m,10000,128,2,10,1.000000,fixed,16,16,10,1.000000,0.640,0.039,0.559,0.019,0.004,16,574,574,bernoulli,8.0000,0.001000
sift1m,10000,128,2,10,1.000000,fixed,32,32,10,1.000000,1.244,0.043,1.112,0.040,0.006,32,1091,1091,bernoulli,8.0000,0.001000
sift1m,10000,128,2,10,1.000000,fixed,64,64,10,1.000000,2.530,0.092,2.248,0.081,0.008,64,2152,2152,bernoulli,8.0000,0.001000
sift1m,10000,128,2,10,1.000000,fixed,128,128,10,1.000000,4.651,0.120,4.219,0.152,0.011,128,4244,4244,bernoulli,8.0000,0.001000
sift1m,10000,128,2,10,1.000000,fixed,256,256,10,1.000000,9.780,0.182,8.923,0.318,0.023,256,8677,8677,bernoulli,8.0000,0.001000
sift1m,10000,128,2,10,1.000000,fixed,512,512,10,1.000000,18.983,0.383,17.296,0.629,0.039,512,16981,16981,bernoulli,8.0000,0.001000
sift1m,10000,128,3,10,0.001000,fixed,4,4,0,0.000000,0.219,0.087,0.127,0.001,0.001,4,122,0,bernoulli,8.0000,0.001000
sift1m,10000,128,3,10,0.001000,fixed,8,8,0,0.000000,0.323,0.045,0.268,0.001,0.000,8,263,0,bernoulli,8.0000,0.001000
sift1m,10000,128,3,10,0.001000,fixed,16,16,0,0.000000,0.520,0.039,0.464,0.003,0.001,16,499,0,bernoulli,8.0000,0.001000
sift1m,10000,128,3,10,0.001000,fixed,32,32,0,0.000000,1.235,0.046,1.152,0.006,0.001,32,1139,0,bernoulli,8.0000,0.001000
sift1m,10000,128,3,10,0.001000,fixed,64,64,0,0.000000,2.291,0.059,2.165,0.011,0.002,64,2159,0,bernoulli,8.0000,0.001000
sift1m,10000,128,3,10,0.001000,fixed,128,128,1,0.125000,4.712,0.093,4.453,0.036,0.008,128,4270,1,bernoulli,8.0000,0.001000
sift1m,10000,128,3,10,0.001000,fixed,256,256,2,0.250000,9.362,0.207,8.842,0.084,0.008,256,8725,3,bernoulli,8.0000,0.001000
sift1m,10000,128,3,10,0.001000,fixed,512,512,7,0.875000,18.885,0.387,17.952,0.090,0.013,512,17029,13,bernoulli,8.0000,0.001000
sift1m,10000,128,3,10,0.010000,fixed,4,4,3,0.200000,0.236,0.081,0.146,0.002,0.001,4,122,6,bernoulli,8.0000,0.001000
sift1m,10000,128,3,10,0.010000,fixed,8,8,4,0.200000,0.394,0.065,0.312,0.003,0.002,8,263,7,bernoulli,8.0000,0.001000
sift1m,10000,128,3,10,0.010000,fixed,16,16,8,0.500000,0.578,0.072,0.480,0.004,0.002,16,499,11,bernoulli,8.0000,0.001000
sift1m,10000,128,3,10,0.010000,fixed,32,32,10,0.600000,1.378,0.065,1.248,0.012,0.005,32,1139,15,bernoulli,8.0000,0.001000
sift1m,10000,128,3,10,0.010000,fixed,64,64,10,0.800000,2.587,0.116,2.363,0.018,0.005,64,2159,25,bernoulli,8.0000,0.001000
sift1m,10000,128,3,10,0.010000,fixed,128,128,10,0.900000,4.793,0.130,4.456,0.032,0.008,128,4270,35,bernoulli,8.0000,0.001000
sift1m,10000,128,3,10,0.010000,fixed,256,256,10,1.000000,9.435,0.218,8.810,0.063,0.013,256,8725,72,bernoulli,8.0000,0.001000
sift1m,10000,128,3,10,0.010000,fixed,512,512,10,1.000000,19.448,0.391,18.206,0.149,0.022,512,17029,124,bernoulli,8.0000,0.001000
sift1m,10000,128,3,10,0.050000,fixed,4,4,5,0.300000,0.261,0.106,0.135,0.002,0.001,4,122,5,bernoulli,8.0000,0.001000
sift1m,10000,128,3,10,0.050000,fixed,8,8,10,0.500000,0.381,0.049,0.317,0.004,0.002,8,263,13,bernoulli,8.0000,0.001000
sift1m,10000,128,3,10,0.050000,fixed,16,16,10,0.600000,0.627,0.072,0.529,0.006,0.003,16,499,25,bernoulli,8.0000,0.001000
sift1m,10000,128,3,10,0.050000,fixed,32,32,10,1.000000,1.334,0.065,1.215,0.014,0.005,32,1139,57,bernoulli,8.0000,0.001000
sift1m,10000,128,3,10,0.050000,fixed,64,64,10,1.000000,2.543,0.080,2.341,0.035,0.010,64,2159,122,bernoulli,8.0000,0.001000
sift1m,10000,128,3,10,0.050000,fixed,128,128,10,1.000000,4.494,0.141,4.161,0.050,0.013,128,4270,231,bernoulli,8.0000,0.001000
sift1m,10000,128,3,10,0.050000,fixed,256,256,10,1.000000,9.859,0.177,9.248,0.135,0.029,256,8725,455,bernoulli,8.0000,0.001000
sift1m,10000,128,3,10,0.050000,fixed,512,512,10,1.000000,19.163,0.441,17.944,0.204,0.037,512,17029,874,bernoulli,8.0000,0.001000
sift1m,10000,128,3,10,0.100000,fixed,4,4,10,0.400000,0.227,0.091,0.129,0.002,0.001,4,122,12,bernoulli,8.0000,0.001000
sift1m,10000,128,3,10,0.100000,fixed,8,8,10,0.500000,0.337,0.046,0.276,0.005,0.002,8,263,29,bernoulli,8.0000,0.001000
sift1m,10000,128,3,10,0.100000,fixed,16,16,10,0.700000,0.573,0.041,0.503,0.009,0.003,16,499,60,bernoulli,8.0000,0.001000
sift1m,10000,128,3,10,0.100000,fixed,32,32,10,1.000000,1.294,0.044,1.188,0.019,0.005,32,1139,124,bernoulli,8.0000,0.001000
sift1m,10000,128,3,10,0.100000,fixed,64,64,10,1.000000,2.434,0.062,2.256,0.036,0.008,64,2159,238,bernoulli,8.0000,0.001000
sift1m,10000,128,3,10,0.100000,fixed,128,128,10,1.000000,4.789,0.092,4.467,0.073,0.015,128,4270,487,bernoulli,8.0000,0.001000
sift1m,10000,128,3,10,0.100000,fixed,256,256,10,1.000000,10.161,0.191,9.471,0.148,0.027,256,8725,926,bernoulli,8.0000,0.001000
sift1m,10000,128,3,10,0.100000,fixed,512,512,10,1.000000,19.183,0.419,17.878,0.288,0.046,512,17029,1803,bernoulli,8.0000,0.001000
sift1m,10000,128,3,10,0.500000,fixed,4,4,10,0.700000,0.213,0.076,0.126,0.003,0.001,4,122,61,bernoulli,8.0000,0.001000
sift1m,10000,128,3,10,0.500000,fixed,8,8,10,0.900000,0.330,0.046,0.263,0.007,0.002,8,263,129,bernoulli,8.0000,0.001000
sift1m,10000,128,3,10,0.500000,fixed,16,16,10,0.900000,0.550,0.037,0.472,0.012,0.006,16,499,246,bernoulli,8.0000,0.001000
sift1m,10000,128,3,10,0.500000,fixed,32,32,10,1.000000,1.260,0.044,1.130,0.027,0.008,32,1139,561,bernoulli,8.0000,0.001000
sift1m,10000,128,3,10,0.500000,fixed,64,64,10,1.000000,2.428,0.108,2.156,0.056,0.008,64,2159,1072,bernoulli,8.0000,0.001000
sift1m,10000,128,3,10,0.500000,fixed,128,128,10,1.000000,4.951,0.112,4.489,0.116,0.014,128,4270,2129,bernoulli,8.0000,0.001000
sift1m,10000,128,3,10,0.500000,fixed,256,256,10,1.000000,9.727,0.196,8.850,0.228,0.035,256,8725,4355,bernoulli,8.0000,0.001000
sift1m,10000,128,3,10,0.500000,fixed,512,512,10,1.000000,19.447,0.454,17.680,0.444,0.040,512,17029,8420,bernoulli,8.0000,0.001000
sift1m,10000,128,3,10,1.000000,fixed,4,4,10,0.700000,0.252,0.102,0.137,0.005,0.002,4,122,122,bernoulli,8.0000,0.001000
sift1m,10000,128,3,10,1.000000,fixed,8,8,10,1.000000,0.344,0.049,0.267,0.010,0.005,8,263,263,bernoulli,8.0000,0.001000
sift1m,10000,128,3,10,1.000000,fixed,16,16,10,1.000000,0.600,0.049,0.508,0.019,0.003,16,499,499,bernoulli,8.0000,0.001000
sift1m,10000,128,3,10,1.000000,fixed,32,32,10,1.000000,1.385,0.059,1.229,0.045,0.007,32,1139,1139,bernoulli,8.0000,0.001000
sift1m,10000,128,3,10,1.000000,fixed,64,64,10,1.000000,2.626,0.093,2.342,0.081,0.013,64,2159,2159,bernoulli,8.0000,0.001000
sift1m,10000,128,3,10,1.000000,fixed,128,128,10,1.000000,4.772,0.125,4.296,0.165,0.020,128,4270,4270,bernoulli,8.0000,0.001000
sift1m,10000,128,3,10,1.000000,fixed,256,256,10,1.000000,10.189,0.240,9.222,0.328,0.023,256,8725,8725,bernoulli,8.0000,0.001000
sift1m,10000,128,3,10,1.000000,fixed,512,512,10,1.000000,19.513,0.401,17.766,0.633,0.033,512,17029,17029,bernoulli,8.0000,0.001000
sift1m,10000,128,4,10,0.001000,fixed,4,4,0,0.000000,0.273,0.098,0.168,0.001,0.001,4,154,0,bernoulli,8.0000,0.001000
sift1m,10000,128,4,10,0.001000,fixed,8,8,0,0.000000,0.389,0.047,0.330,0.002,0.001,8,315,0,bernoulli,8.0000,0.001000
sift1m,10000,128,4,10,0.001000,fixed,16,16,1,0.100000,0.700,0.041,0.638,0.003,0.001,16,626,1,bernoulli,8.0000,0.001000
sift1m,10000,128,4,10,0.001000,fixed,32,32,1,0.100000,1.196,0.051,1.107,0.006,0.001,32,1120,1,bernoulli,8.0000,0.001000
sift1m,10000,128,4,10,0.001000,fixed,64,64,1,0.100000,2.363,0.063,2.224,0.012,0.004,64,2132,4,bernoulli,8.0000,0.001000
sift1m,10000,128,4,10,0.001000,fixed,128,128,1,0.100000,4.853,0.133,4.543,0.046,0.006,128,4446,6,bernoulli,8.0000,0.001000
sift1m,10000,128,4,10,0.001000,fixed,256,256,4,0.400000,9.531,0.231,8.973,0.076,0.009,256,8859,10,bernoulli,8.0000,0.001000
sift1m,10000,128,4,10,0.001000,fixed,512,512,8,0.800000,18.981,0.441,17.951,0.102,0.011,512,16954,18,bernoulli,8.0000,0.001000
sift1m,10000,128,4,10,0.010000,fixed,4,4,0,0.000000,0.278,0.095,0.174,0.002,0.001,4,154,0,bernoulli,8.0000,0.001000
sift1m,10000,128,4,10,0.010000,fixed,8,8,1,0.100000,0.422,0.063,0.337,0.011,0.001,8,315,1,bernoulli,8.0000,0.001000
sift1m,10000,128,4,10,0.010000,fixed,16,16,4,0.400000,0.700,0.045,0.626,0.004,0.004,16,626,4,bernoulli,8.0000,0.001000
sift1m,10000,128,4,10,0.010000,fixed,32,32,4,0.400000,1.230,0.052,1.115,0.027,0.003,32,1120,5,bernoulli,8.0000,0.001000
sift1m,10000,128,4,10,0.010000,fixed,64,64,10,0.800000,2.271,0.085,2.099,0.016,0.006,64,2132,17,bernoulli,8.0000,0.001000
sift1m,10000,128,4,10,0.010000,fixed,128,128,10,1.000000,4.809,0.108,4.527,0.033,0.006,128,4446,35,bernoulli,8.0000,0.001000
sift1m,10000,128,4,10,0.010000,fixed,256,256,10,1.000000,9.375,0.204,8.778,0.127,0.010,256,8859,65,bernoulli,8.0000,0.001000
sift1m,10000,128,4,10,0.010000,fixed,512,512,10,1.000000,18.489,0.348,17.399,0.201,0.020,512,16954,145,bernoulli,8.0000,0.001000
sift1m,10000,128,4,10,0.050000,fixed,4,4,10,0.300000,0.259,0.080,0.171,0.002,0.001,4,154,10,bernoulli,8.0000,0.001000
sift1m,10000,128,4,10,0.050000,fixed,8,8,10,0.600000,0.373,0.045,0.314,0.003,0.002,8,315,20,bernoulli,8.0000,0.001000
sift1m,10000,128,4,10,0.050000,fixed,16,16,10,0.700000,0.682,0.042,0.613,0.007,0.002,16,626,30,bernoulli,8.0000,0.001000
sift1m,10000,128,4,10,0.050000,fixed,32,32,10,0.900000,1.178,0.049,1.081,0.012,0.004,32,1120,59,bernoulli,8.0000,0.001000
sift1m,10000,128,4,10,0.050000,fixed,64,64,10,1.000000,2.223,0.060,2.070,0.024,0.006,64,2132,118,bernoulli,8.0000,0.001000
sift1m,10000,128,4,10,0.050000,fixed,128,128,10,1.000000,4.799,0.087,4.507,0.053,0.017,128,4446,214,bernoulli,8.0000,0.001000
sift1m,10000,128,4,10,0.050000,fixed,256,256,10,1.000000,10.003,0.241,9.345,0.125,0.024,256,8859,409,bernoulli,8.0000,0.001000
sift1m,10000,128,4,10,0.050000,fixed,512,512,10,1.000000,18.374,0.377,17.250,0.204,0.036,512,16954,806,bernoulli,8.0000,0.001000
sift1m,10000,128,4,10,0.100000,fixed,4,4,10,0.500000,0.202,0.037,0.156,0.002,0.001,4,154,16,bernoulli,8.0000,0.001000
sift1m,10000,128,4,10,0.100000,fixed,8,8,10,0.800000,0.379,0.029,0.323,0.016,0.001,8,315,34,bernoulli,8.0000,0.001000
sift1m,10000,128,4,10,0.100000,fixed,16,16,10,0.900000,0.686,0.030,0.628,0.008,0.002,16,626,55,bernoulli,8.0000,0.001000
sift1m,10000,128,4,10,0.100000,fixed,32,32,10,1.000000,1.285,0.036,1.187,0.017,0.008,32,1120,108,bernoulli,8.0000,0.001000
sift1m,10000,128,4,10,0.100000,fixed,64,64,10,1.000000,2.355,0.133,2.096,0.053,0.007,64,2132,204,bernoulli,8.0000,0.001000
sift1m,10000,128,4,10,0.100000,fixed,128,128,10,1.000000,4.632,0.085,4.335,0.065,0.012,128,4446,457,bernoulli,8.0000,0.001000
sift1m,10000,128,4,10,0.100000,fixed,256,256,10,1.000000,10.243,0.169,9.601,0.132,0.037,256,8859,912,bernoulli,8.0000,0.001000
sift1m,10000,128,4,10,0.100000,fixed,512,512,10,1.000000,18.900,0.487,17.510,0.261,0.049,512,16954,1641,bernoulli,8.0000,0.001000
sift1m,10000,128,4,10,0.500000,fixed,4,4,10,0.700000,0.273,0.095,0.165,0.004,0.001,4,154,70,bernoulli,8.0000,0.001000
sift1m,10000,128,4,10,0.500000,fixed,8,8,10,0.800000,0.389,0.046,0.320,0.007,0.002,8,315,151,bernoulli,8.0000,0.001000
sift1m,10000,128,4,10,0.500000,fixed,16,16,10,0.900000,0.733,0.040,0.649,0.014,0.005,16,626,304,bernoulli,8.0000,0.001000
sift1m,10000,128,4,10,0.500000,fixed,32,32,10,1.000000,1.360,0.056,1.216,0.028,0.004,32,1120,570,bernoulli,8.0000,0.001000
sift1m,10000,128,4,10,0.500000,fixed,64,64,10,1.000000,2.436,0.080,2.180,0.053,0.009,64,2132,1066,bernoulli,8.0000,0.001000
sift1m,10000,128,4,10,0.500000,fixed,128,128,10,1.000000,4.985,0.116,4.544,0.113,0.012,128,4446,2183,bernoulli,8.0000,0.001000
sift1m,10000,128,4,10,0.500000,fixed,256,256,10,1.000000,10.246,0.197,9.394,0.228,0.020,256,8859,4381,bernoulli,8.0000,0.001000
sift1m,10000,128,4,10,0.500000,fixed,512,512,10,1.000000,19.157,0.401,17.496,0.440,0.031,512,16954,8492,bernoulli,8.0000,0.001000
sift1m,10000,128,4,10,1.000000,fixed,4,4,10,0.600000,0.278,0.096,0.168,0.006,0.001,4,154,154,bernoulli,8.0000,0.001000
sift1m,10000,128,4,10,1.000000,fixed,8,8,10,0.700000,0.386,0.048,0.315,0.011,0.002,8,315,315,bernoulli,8.0000,0.001000
sift1m,10000,128,4,10,1.000000,fixed,16,16,10,0.800000,0.695,0.041,0.610,0.021,0.003,16,626,626,bernoulli,8.0000,0.001000
sift1m,10000,128,4,10,1.000000,fixed,32,32,10,1.000000,1.210,0.046,1.082,0.040,0.004,32,1120,1120,bernoulli,8.0000,0.001000
sift1m,10000,128,4,10,1.000000,fixed,64,64,10,1.000000,2.587,0.068,2.269,0.118,0.008,64,2132,2132,bernoulli,8.0000,0.001000
sift1m,10000,128,4,10,1.000000,fixed,128,128,10,1.000000,4.737,0.118,4.294,0.160,0.009,128,4446,4446,bernoulli,8.0000,0.001000
sift1m,10000,128,4,10,1.000000,fixed,256,256,10,1.000000,10.154,0.171,9.286,0.326,0.022,256,8859,8859,bernoulli,8.0000,0.001000
sift1m,10000,128,4,10,1.000000,fixed,512,512,10,1.000000,18.863,0.364,17.214,0.647,0.037,512,16954,16954,bernoulli,8.0000,0.001000
sift1m,10000,128,5,10,0.001000,fixed,4,4,0,0.000000,0.298,0.098,0.193,0.001,0.001,4,162,0,bernoulli,8.0000,0.001000
sift1m,10000,128,5,10,0.001000,fixed,8,8,0,0.000000,0.340,0.050,0.280,0.001,0.001,8,272,0,bernoulli,8.0000,0.001000
sift1m,10000,128,5,10,0.001000,fixed,16,16,2,0.285714,0.717,0.048,0.646,0.003,0.003,16,622,2,bernoulli,8.0000,0.001000
sift1m,10000,128,5,10,0.001000,fixed,32,32,2,0.285714,1.373,0.055,1.276,0.006,0.004,32,1215,2,bernoulli,8.0000,0.001000
sift1m,10000,128,5,10,0.001000,fixed,64,64,2,0.285714,2.517,0.092,2.328,0.012,0.005,64,2332,4,bernoulli,8.0000,0.001000
sift1m,10000,128,5,10,0.001000,fixed,128,128,3,0.428571,4.821,0.112,4.554,0.024,0.006,128,4524,8,bernoulli,8.0000,0.001000
sift1m,10000,128,5,10,0.001000,fixed,256,256,3,0.428571,9.483,0.202,8.974,0.047,0.009,256,8840,11,bernoulli,8.0000,0.001000
sift1m,10000,128,5,10,0.001000,fixed,512,512,4,0.571429,18.136,0.395,17.181,0.098,0.011,512,17060,16,bernoulli,8.0000,0.001000
sift1m,10000,128,5,10,0.010000,fixed,4,4,5,0.500000,0.248,0.067,0.173,0.002,0.001,4,162,5,bernoulli,8.0000,0.001000
sift1m,10000,128,5,10,0.010000,fixed,8,8,6,0.500000,0.330,0.047,0.270,0.002,0.001,8,272,6,bernoulli,8.0000,0.001000
sift1m,10000,128,5,10,0.010000,fixed,16,16,9,0.700000,0.709,0.044,0.637,0.005,0.002,16,622,9,bernoulli,8.0000,0.001000
sift1m,10000,128,5,10,0.010000,fixed,32,32,10,0.800000,1.482,0.056,1.365,0.010,0.005,32,1215,14,bernoulli,8.0000,0.001000
sift1m,10000,128,5,10,0.010000,fixed,64,64,10,0.900000,2.776,0.133,2.499,0.046,0.005,64,2332,31,bernoulli,8.0000,0.001000
sift1m,10000,128,5,10,0.010000,fixed,128,128,10,1.000000,4.895,0.123,4.563,0.039,0.008,128,4524,60,bernoulli,8.0000,0.001000
sift1m,10000,128,5,10,0.010000,fixed,256,256,10,1.000000,9.343,0.188,8.767,0.068,0.012,256,8840,122,bernoulli,8.0000,0.001000
sift1m,10000,128,5,10,0.010000,fixed,512,512,10,1.000000,18.581,0.366,17.375,0.194,0.032,512,17060,183,bernoulli,8.0000,0.001000
sift1m,10000,128,5,10,0.050000,fixed,4,4,7,0.300000,0.293,0.103,0.182,0.002,0.001,4,162,8,bernoulli,8.0000,0.001000
sift1m,10000,128,5,10,0.050000,fixed,8,8,7,0.300000,0.349,0.047,0.289,0.003,0.001,8,272,9,bernoulli,8.0000,0.001000
sift1m,10000,128,5,10,0.050000,fixed,16,16,10,0.600000,0.724,0.041,0.656,0.006,0.003,16,622,27,bernoulli,8.0000,0.001000
sift1m,10000,128,5,10,0.050000,fixed,32,32,10,0.800000,1.371,0.044,1.275,0.013,0.004,32,1215,54,bernoulli,8.0000,0.001000
sift1m,10000,128,5,10,0.050000,fixed,64,64,10,1.000000,2.601,0.085,2.415,0.024,0.009,64,2332,114,bernoulli,8.0000,0.001000
sift1m,10000,128,5,10,0.050000,fixed,128,128,10,1.000000,4.988,0.103,4.689,0.050,0.014,128,4524,229,bernoulli,8.0000,0.001000
sift1m,10000,128,5,10,0.050000,fixed,256,256,10,1.000000,9.624,0.203,9.049,0.096,0.018,256,8840,458,bernoulli,8.0000,0.001000
sift1m,10000,128,5,10,0.050000,fixed,512,512,10,1.000000,18.486,0.377,17.351,0.199,0.034,512,17060,867,bernoulli,8.0000,0.001000
sift1m,10000,128,5,10,0.100000,fixed,4,4,10,0.500000,0.266,0.078,0.179,0.003,0.001,4,162,16,bernoulli,8.0000,0.001000
sift1m,10000,128,5,10,0.100000,fixed,8,8,10,0.700000,0.332,0.042,0.276,0.004,0.001,8,272,29,bernoulli,8.0000,0.001000
sift1m,10000,128,5,10,0.100000,fixed,16,16,10,1.000000,0.796,0.041,0.721,0.010,0.003,16,622,66,bernoulli,8.0000,0.001000
sift1m,10000,128,5,10,0.100000,fixed,32,32,10,1.000000,1.381,0.080,1.241,0.017,0.004,32,1215,112,bernoulli,8.0000,0.001000
sift1m,10000,128,5,10,0.100000,fixed,64,64,10,1.000000,2.602,0.081,2.406,0.033,0.008,64,2332,219,bernoulli,8.0000,0.001000
sift1m,10000,128,5,10,0.100000,fixed,128,128,10,1.000000,6.391,0.610,5.537,0.072,0.015,128,4524,425,bernoulli,8.0000,0.001000
sift1m,10000,128,5,10,0.100000,fixed,256,256,10,1.000000,10.389,0.232,9.695,0.135,0.026,256,8840,858,bernoulli,8.0000,0.001000
sift1m,10000,128,5,10,0.100000,fixed,512,512,10,1.000000,33.628,0.411,32.086,0.350,0.044,512,17060,1635,bernoulli,8.0000,0.001000
sift1m,10000,128,5,10,0.500000,fixed,4,4,10,0.700000,0.328,0.108,0.204,0.005,0.001,4,162,73,bernoulli,8.0000,0.001000
sift1m,10000,128,5,10,0.500000,fixed,8,8,10,0.800000,0.387,0.057,0.307,0.008,0.002,8,272,135,bernoulli,8.0000,0.001000
sift1m,10000,128,5,10,0.500000,fixed,16,16,10,1.000000,5.652,0.059,5.438,0.020,0.006,16,622,294,bernoulli,8.0000,0.001000
sift1m,10000,128,5,10,0.500000,fixed,32,32,10,1.000000,8.906,0.248,8.487,0.055,0.008,32,1215,591,bernoulli,8.0000,0.001000
sift1m,10000,128,5,10,0.500000,fixed,64,64,10,1.000000,7.613,1.881,5.186,0.102,0.010,64,2332,1130,bernoulli,8.0000,0.001000
sift1m,10000,128,5,10,0.500000,fixed,128,128,10,1.000000,17.090,0.817,15.544,0.139,0.015,128,4524,2162,bernoulli,8.0000,0.001000
sift1m,10000,128,5,10,0.500000,fixed,256,256,10,1.000000,14.844,0.251,13.601,0.276,0.024,256,8840,4292,bernoulli,8.0000,0.001000
sift1m,10000,128,5,10,0.500000,fixed,512,512,10,1.000000,19.683,0.435,17.924,0.450,0.034,512,17060,8342,bernoulli,8.0000,0.001000
sift1m,10000,128,5,10,1.000000,fixed,4,4,10,0.800000,0.307,0.107,0.185,0.007,0.001,4,162,162,bernoulli,8.0000,0.001000
sift1m,10000,128,5,10,1.000000,fixed,8,8,10,0.800000,0.341,0.046,0.274,0.009,0.002,8,272,272,bernoulli,8.0000,0.001000
sift1m,10000,128,5,10,1.000000,fixed,16,16,10,1.000000,0.716,0.040,0.632,0.022,0.002,16,622,622,bernoulli,8.0000,0.001000
sift1m,10000,128,5,10,1.000000,fixed,32,32,10,1.000000,1.943,0.046,1.778,0.047,0.008,32,1215,1215,bernoulli,8.0000,0.001000
sift1m,10000,128,5,10,1.000000,fixed,64,64,10,1.000000,3.899,0.132,3.205,0.304,0.010,64,2332,2332,bernoulli,8.0000,0.001000
sift1m,10000,128,5,10,1.000000,fixed,128,128,10,1.000000,5.902,0.172,5.310,0.181,0.013,128,4524,4524,bernoulli,8.0000,0.001000
sift1m,10000,128,5,10,1.000000,fixed,256,256,10,1.000000,10.273,0.234,9.339,0.333,0.019,256,8840,8840,bernoulli,8.0000,0.001000
sift1m,10000,128,5,10,1.000000,fixed,512,512,10,1.000000,19.631,0.387,17.854,0.649,0.038,512,17060,17060,bernoulli,8.0000,0.001000
sift1m,10000,128,6,10,0.001000,fixed,4,4,0,0.000000,0.336,0.108,0.218,0.002,0.001,4,158,0,bernoulli,8.0000,0.001000
sift1m,10000,128,6,10,0.001000,fixed,8,8,0,0.000000,0.466,0.056,0.395,0.002,0.001,8,307,0,bernoulli,8.0000,0.001000
sift1m,10000,128,6,10,0.001000,fixed,16,16,0,0.000000,0.731,0.084,0.620,0.003,0.003,16,585,0,bernoulli,8.0000,0.001000
sift1m,10000,128,6,10,0.001000,fixed,32,32,0,0.000000,1.469,0.072,1.341,0.007,0.003,32,1142,0,bernoulli,8.0000,0.001000
sift1m,10000,128,6,10,0.001000,fixed,64,64,1,0.100000,2.721,0.111,2.503,0.013,0.003,64,2333,1,bernoulli,8.0000,0.001000
sift1m,10000,128,6,10,0.001000,fixed,128,128,1,0.100000,5.038,0.130,4.713,0.025,0.004,128,4489,1,bernoulli,8.0000,0.001000
sift1m,10000,128,6,10,0.001000,fixed,256,256,2,0.200000,10.842,0.244,10.176,0.051,0.009,256,8750,5,bernoulli,8.0000,0.001000
sift1m,10000,128,6,10,0.001000,fixed,512,512,6,0.600000,20.099,0.419,18.833,0.114,0.018,512,16992,18,bernoulli,8.0000,0.001000
sift1m,10000,128,6,10,0.010000,fixed,4,4,1,0.100000,0.336,0.117,0.209,0.002,0.001,4,158,1,bernoulli,8.0000,0.001000
sift1m,10000,128,6,10,0.010000,fixed,8,8,2,0.200000,0.420,0.055,0.350,0.002,0.001,8,307,2,bernoulli,8.0000,0.001000
sift1m,10000,128,6,10,0.010000,fixed,16,16,4,0.400000,0.856,0.104,0.720,0.006,0.002,16,585,4,bernoulli,8.0000,0.001000
sift1m,10000,128,6,10,0.010000,fixed,32,32,8,0.500000,1.530,0.103,1.364,0.010,0.005,32,1142,10,bernoulli,8.0000,0.001000
sift1m,10000,128,6,10,0.010000,fixed,64,64,10,0.600000,3.031,0.124,2.777,0.029,0.007,64,2333,25,bernoulli,8.0000,0.001000
sift1m,10000,128,6,10,0.010000,fixed,128,128,10,0.800000,5.230,0.145,4.871,0.034,0.009,128,4489,42,bernoulli,8.0000,0.001000
sift1m,10000,128,6,10,0.010000,fixed,256,256,10,1.000000,10.600,0.245,9.902,0.076,0.017,256,8750,81,bernoulli,8.0000,0.001000
sift1m,10000,128,6,10,0.010000,fixed,512,512,10,1.000000,19.484,0.437,18.235,0.138,0.023,512,16992,172,bernoulli,8.0000,0.001000
sift1m,10000,128,6,10,0.050000,fixed,4,4,9,0.200000,0.284,0.101,0.174,0.002,0.001,4,158,9,bernoulli,8.0000,0.001000
sift1m,10000,128,6,10,0.050000,fixed,8,8,10,0.600000,0.410,0.052,0.341,0.005,0.002,8,307,25,bernoulli,8.0000,0.001000
sift1m,10000,128,6,10,0.050000,fixed,16,16,10,0.900000,0.690,0.053,0.609,0.007,0.002,16,585,37,bernoulli,8.0000,0.001000
sift1m,10000,128,6,10,0.050000,fixed,32,32,10,1.000000,1.341,0.055,1.229,0.015,0.005,32,1142,76,bernoulli,8.0000,0.001000
sift1m,10000,128,6,10,0.050000,fixed,64,64,10,1.000000,2.778,0.092,2.571,0.030,0.009,64,2333,149,bernoulli,8.0000,0.001000
sift1m,10000,128,6,10,0.050000,fixed,128,128,10,1.000000,7.219,0.145,6.725,0.070,0.019,128,4489,281,bernoulli,8.0000,0.001000
sift1m,10000,128,6,10,0.050000,fixed,256,256,10,1.000000,14.203,0.494,13.199,0.129,0.027,256,8750,548,bernoulli,8.0000,0.001000
sift1m,10000,128,6,10,0.050000,fixed,512,512,10,1.000000,20.515,0.464,19.197,0.221,0.040,512,16992,1018,bernoulli,8.0000,0.001000
sift1m,10000,128,6,10,0.100000,fixed,4,4,10,0.600000,0.287,0.099,0.178,0.003,0.001,4,158,18,bernoulli,8.0000,0.001000
sift1m,10000,128,6,10,0.100000,fixed,8,8,10,0.900000,0.387,0.049,0.322,0.005,0.002,8,307,31,bernoulli,8.0000,0.001000
sift1m,10000,128,6,10,0.100000,fixed,16,16,10,1.000000,0.791,0.047,0.709,0.009,0.004,16,585,54,bernoulli,8.0000,0.001000
sift1m,10000,128,6,10,0.100000,fixed,32,32,10,1.000000,1.532,0.081,1.379,0.018,0.007,32,1142,103,bernoulli,8.0000,0.001000
sift1m,10000,128,6,10,0.100000,fixed,64,64,10,1.000000,2.790,0.121,2.545,0.033,0.012,64,2333,200,bernoulli,8.0000,0.001000
sift1m,10000,128,6,10,0.100000,fixed,128,128,10,1.000000,5.211,0.160,4.815,0.070,0.017,128,4489,415,bernoulli,8.0000,0.001000
sift1m,10000,128,6,10,0.100000,fixed,256,256,10,1.000000,10.051,0.240,9.360,0.127,0.028,256,8750,829,bernoulli,8.0000,0.001000
sift1m,10000,128,6,10,0.100000,fixed,512,512,10,1.000000,20.372,0.423,19.023,0.261,0.043,512,16992,1630,bernoulli,8.0000,0.001000
sift1m,10000,128,6,10,0.500000,fixed,4,4,10,0.800000,0.282,0.092,0.175,0.005,0.001,4,158,83,bernoulli,8.0000,0.001000
sift1m,10000,128,6,10,0.500000,fixed,8,8,10,0.900000,0.376,0.044,0.310,0.007,0.002,8,307,151,bernoulli,8.0000,0.001000
sift1m,10000,128,6,10,0.500000,fixed,16,16,10,1.000000,0.834,0.038,0.733,0.021,0.009,16,585,272,bernoulli,8.0000,0.001000
sift1m,10000,128,6,10,0.500000,fixed,32,32,10,1.000000,1.342,0.108,1.146,0.030,0.005,32,1142,547,bernoulli,8.0000,0.001000
sift1m,10000,128,6,10,0.500000,fixed,64,64,10,1.000000,2.520,0.076,2.278,0.057,0.006,64,2333,1130,bernoulli,8.0000,0.001000
sift1m,10000,128,6,10,0.500000,fixed,128,128,10,1.000000,4.843,0.101,4.425,0.110,0.010,128,4489,2177,bernoulli,8.0000,0.001000
sift1m,10000,128,6,10,0.500000,fixed,256,256,10,1.000000,10.221,0.174,9.376,0.230,0.021,256,8750,4354,bernoulli,8.0000,0.001000
sift1m,10000,128,6,10,0.500000,fixed,512,512,10,1.000000,18.719,0.370,17.063,0.454,0.037,512,16992,8376,bernoulli,8.0000,0.001000
sift1m,10000,128,6,10,1.000000,fixed,4,4,10,0.900000,0.237,0.059,0.165,0.006,0.001,4,158,158,bernoulli,8.0000,0.001000
sift1m,10000,128,6,10,1.000000,fixed,8,8,10,1.000000,0.376,0.042,0.312,0.011,0.002,8,307,307,bernoulli,8.0000,0.001000
sift1m,10000,128,6,10,1.000000,fixed,16,16,10,1.000000,0.700,0.036,0.588,0.020,0.010,16,585,585,bernoulli,8.0000,0.001000
sift1m,10000,128,6,10,1.000000,fixed,32,32,10,1.000000,1.528,0.094,1.327,0.043,0.007,32,1142,1142,bernoulli,8.0000,0.001000
sift1m,10000,128,6,10,1.000000,fixed,64,64,10,1.000000,2.523,0.069,2.294,0.082,0.005,64,2333,2333,bernoulli,8.0000,0.001000
sift1m,10000,128,6,10,1.000000,fixed,128,128,10,1.000000,4.825,0.084,4.430,0.156,0.009,128,4489,4489,bernoulli,8.0000,0.001000
sift1m,10000,128,6,10,1.000000,fixed,256,256,10,1.000000,9.945,0.170,9.053,0.363,0.019,256,8750,8750,bernoulli,8.0000,0.001000
sift1m,10000,128,6,10,1.000000,fixed,512,512,10,1.000000,19.445,0.403,17.721,0.632,0.035,512,16992,16992,bernoulli,8.0000,0.001000
sift1m,10000,128,7,10,0.001000,fixed,4,4,1,0.100000,0.221,0.061,0.152,0.001,0.001,4,145,1,bernoulli,8.0000,0.001000
sift1m,10000,128,7,10,0.001000,fixed,8,8,1,0.100000,0.353,0.041,0.299,0.002,0.001,8,293,1,bernoulli,8.0000,0.001000
sift1m,10000,128,7,10,0.001000,fixed,16,16,1,0.100000,0.617,0.038,0.555,0.003,0.001,16,571,1,bernoulli,8.0000,0.001000
sift1m,10000,128,7,10,0.001000,fixed,32,32,2,0.200000,1.308,0.041,1.197,0.021,0.004,32,1122,5,bernoulli,8.0000,0.001000
sift1m,10000,128,7,10,0.001000,fixed,64,64,2,0.200000,2.708,0.115,2.484,0.024,0.004,64,2242,9,bernoulli,8.0000,0.001000
sift1m,10000,128,7,10,0.001000,fixed,128,128,3,0.300000,4.799,0.126,4.486,0.026,0.005,128,4387,12,bernoulli,8.0000,0.001000
sift1m,10000,128,7,10,0.001000,fixed,256,256,5,0.500000,9.111,0.199,8.544,0.052,0.012,256,8600,16,bernoulli,8.0000,0.001000
sift1m,10000,128,7,10,0.001000,fixed,512,512,7,0.700000,18.569,0.375,17.402,0.141,0.011,512,16993,20,bernoulli,8.0000,0.001000
sift1m,10000,128,7,10,0.010000,fixed,4,4,2,0.200000,0.222,0.056,0.158,0.001,0.001,4,145,2,bernoulli,8.0000,0.001000
sift1m,10000,128,7,10,0.010000,fixed,8,8,3,0.200000,0.353,0.033,0.307,0.002,0.001,8,293,3,bernoulli,8.0000,0.001000
sift1m,10000,128,7,10,0.010000,fixed,16,16,5,0.400000,0.625,0.031,0.570,0.005,0.001,16,571,9,bernoulli,8.0000,0.001000
sift1m,10000,128,7,10,0.010000,fixed,32,32,6,0.400000,1.192,0.036,1.107,0.009,0.002,32,1122,14,bernoulli,8.0000,0.001000
sift1m,10000,128,7,10,0.010000,fixed,64,64,9,0.600000,2.483,0.052,2.324,0.020,0.011,64,2242,24,bernoulli,8.0000,0.001000
sift1m,10000,128,7,10,0.010000,fixed,128,128,10,0.900000,5.090,0.156,4.700,0.058,0.008,128,4387,43,bernoulli,8.0000,0.001000
sift1m,10000,128,7,10,0.010000,fixed,256,256,10,1.000000,9.128,0.179,8.573,0.067,0.011,256,8600,79,bernoulli,8.0000,0.001000
sift1m,10000,128,7,10,0.010000,fixed,512,512,10,1.000000,18.649,0.358,17.531,0.140,0.030,512,16993,177,bernoulli,8.0000,0.001000
sift1m,10000,128,7,10,0.050000,fixed,4,4,10,0.700000,0.251,0.076,0.165,0.002,0.002,4,145,10,bernoulli,8.0000,0.001000
sift1m,10000,128,7,10,0.050000,fixed,8,8,10,0.800000,0.375,0.043,0.318,0.003,0.002,8,293,17,bernoulli,8.0000,0.001000
sift1m,10000,128,7,10,0.050000,fixed,16,16,10,1.000000,0.632,0.032,0.574,0.006,0.003,16,571,27,bernoulli,8.0000,0.001000
sift1m,10000,128,7,10,0.050000,fixed,32,32,10,1.000000,1.153,0.035,1.068,0.012,0.005,32,1122,57,bernoulli,8.0000,0.001000
sift1m,10000,128,7,10,0.050000,fixed,64,64,10,1.000000,2.354,0.050,2.210,0.023,0.006,64,2242,115,bernoulli,8.0000,0.001000
sift1m,10000,128,7,10,0.050000,fixed,128,128,10,1.000000,4.832,0.078,4.544,0.048,0.019,128,4387,215,bernoulli,8.0000,0.001000
sift1m,10000,128,7,10,0.050000,fixed,256,256,10,1.000000,9.560,0.224,8.928,0.096,0.027,256,8600,442,bernoulli,8.0000,0.001000
sift1m,10000,128,7,10,0.050000,fixed,512,512,10,1.000000,17.794,0.356,16.724,0.178,0.032,512,16993,811,bernoulli,8.0000,0.001000
sift1m,10000,128,7,10,0.100000,fixed,4,4,10,0.500000,0.218,0.057,0.153,0.002,0.001,4,145,13,bernoulli,8.0000,0.001000
sift1m,10000,128,7,10,0.100000,fixed,8,8,10,0.800000,0.439,0.040,0.374,0.005,0.005,8,293,25,bernoulli,8.0000,0.001000
sift1m,10000,128,7,10,0.100000,fixed,16,16,10,1.000000,0.747,0.098,0.619,0.008,0.004,16,571,47,bernoulli,8.0000,0.001000
sift1m,10000,128,7,10,0.100000,fixed,32,32,10,1.000000,1.322,0.065,1.194,0.016,0.008,32,1122,105,bernoulli,8.0000,0.001000
sift1m,10000,128,7,10,0.100000,fixed,64,64,10,1.000000,2.575,0.104,2.360,0.032,0.009,64,2242,204,bernoulli,8.0000,0.001000
sift1m,10000,128,7,10,0.100000,fixed,128,128,10,1.000000,4.780,0.128,4.446,0.060,0.015,128,4387,393,bernoulli,8.0000,0.001000
sift1m,10000,128,7,10,0.100000,fixed,256,256,10,1.000000,9.274,0.185,8.689,0.116,0.023,256,8600,767,bernoulli,8.0000,0.001000
sift1m,10000,128,7,10,0.100000,fixed,512,512,10,1.000000,18.768,0.373,17.560,0.258,0.044,512,16993,1581,bernoulli,8.0000,0.001000
sift1m,10000,128,7,10,0.500000,fixed,4,4,10,1.000000,0.251,0.079,0.159,0.004,0.001,4,145,77,bernoulli,8.0000,0.001000
sift1m,10000,128,7,10,0.500000,fixed,8,8,10,1.000000,0.378,0.044,0.311,0.008,0.003,8,293,156,bernoulli,8.0000,0.001000
sift1m,10000,128,7,10,0.500000,fixed,16,16,10,1.000000,0.645,0.041,0.562,0.014,0.003,16,571,293,bernoulli,8.0000,0.001000
sift1m,10000,128,7,10,0.500000,fixed,32,32,10,1.000000,1.225,0.041,1.103,0.027,0.005,32,1122,560,bernoulli,8.0000,0.001000
sift1m,10000,128,7,10,0.500000,fixed,64,64,10,1.000000,2.460,0.058,2.240,0.055,0.009,64,2242,1102,bernoulli,8.0000,0.001000
sift1m,10000,128,7,10,0.500000,fixed,128,128,10,1.000000,4.795,0.089,4.387,0.110,0.011,128,4387,2155,bernoulli,8.0000,0.001000
sift1m,10000,128,7,10,0.500000,fixed,256,256,10,1.000000,9.434,0.174,8.626,0.215,0.019,256,8600,4165,bernoulli,8.0000,0.001000
sift1m,10000,128,7,10,0.500000,fixed,512,512,10,1.000000,19.000,0.377,17.310,0.447,0.051,512,16993,8336,bernoulli,8.0000,0.001000
sift1m,10000,128,7,10,1.000000,fixed,4,4,10,1.000000,0.271,0.090,0.167,0.006,0.002,4,145,145,bernoulli,8.0000,0.001000
sift1m,10000,128,7,10,1.000000,fixed,8,8,10,1.000000,0.371,0.047,0.302,0.010,0.002,8,293,293,bernoulli,8.0000,0.001000
sift1m,10000,128,7,10,1.000000,fixed,16,16,10,1.000000,0.633,0.038,0.551,0.019,0.006,16,571,571,bernoulli,8.0000,0.001000
sift1m,10000,128,7,10,1.000000,fixed,32,32,10,1.000000,1.185,0.041,1.064,0.039,0.005,32,1122,1122,bernoulli,8.0000,0.001000
sift1m,10000,128,7,10,1.000000,fixed,64,64,10,1.000000,2.461,0.059,2.241,0.080,0.007,64,2242,2242,bernoulli,8.0000,0.001000
sift1m,10000,128,7,10,1.000000,fixed,128,128,10,1.000000,4.763,0.104,4.347,0.160,0.010,128,4387,4387,bernoulli,8.0000,0.001000
sift1m,10000,128,7,10,1.000000,fixed,256,256,10,1.000000,9.288,0.171,8.507,0.311,0.016,256,8600,8600,bernoulli,8.0000,0.001000
sift1m,10000,128,7,10,1.000000,fixed,512,512,10,1.000000,18.580,0.352,16.953,0.626,0.032,512,16993,16993,bernoulli,8.0000,0.001000
sift1m,10000,128,8,10,0.001000,fixed,4,4,0,0.000000,0.255,0.101,0.143,0.001,0.001,4,122,0,bernoulli,8.0000,0.001000
sift1m,10000,128,8,10,0.001000,fixed,8,8,0,0.000000,0.365,0.055,0.296,0.001,0.001,8,275,0,bernoulli,8.0000,0.001000
sift1m,10000,128,8,10,0.001000,fixed,16,16,0,0.000000,0.611,0.050,0.538,0.003,0.001,16,540,0,bernoulli,8.0000,0.001000
sift1m,10000,128,8,10,0.001000,fixed,32,32,1,0.100000,1.207,0.046,1.111,0.007,0.003,32,1068,1,bernoulli,8.0000,0.001000
sift1m,10000,128,8,10,0.001000,fixed,64,64,1,0.100000,2.464,0.110,2.258,0.012,0.002,64,2316,1,bernoulli,8.0000,0.001000
sift1m,10000,128,8,10,0.001000,fixed,128,128,1,0.100000,4.736,0.108,4.444,0.024,0.003,128,4552,1,bernoulli,8.0000,0.001000
sift1m,10000,128,8,10,0.001000,fixed,256,256,4,0.400000,9.691,0.230,9.076,0.056,0.007,256,8953,5,bernoulli,8.0000,0.001000
sift1m,10000,128,8,10,0.001000,fixed,512,512,8,0.800000,18.294,0.362,17.106,0.188,0.016,512,16963,16,bernoulli,8.0000,0.001000
sift1m,10000,128,8,10,0.010000,fixed,4,4,3,0.200000,0.214,0.077,0.131,0.001,0.001,4,122,3,bernoulli,8.0000,0.001000
sift1m,10000,128,8,10,0.010000,fixed,8,8,3,0.200000,0.317,0.040,0.267,0.002,0.001,8,275,4,bernoulli,8.0000,0.001000
sift1m,10000,128,8,10,0.010000,fixed,16,16,8,0.400000,0.589,0.043,0.525,0.004,0.002,16,540,10,bernoulli,8.0000,0.001000
sift1m,10000,128,8,10,0.010000,fixed,32,32,10,0.400000,1.154,0.049,1.060,0.008,0.003,32,1068,15,bernoulli,8.0000,0.001000
sift1m,10000,128,8,10,0.010000,fixed,64,64,10,0.800000,2.533,0.065,2.376,0.018,0.005,64,2316,33,bernoulli,8.0000,0.001000
sift1m,10000,128,8,10,0.010000,fixed,128,128,10,1.000000,4.607,0.113,4.337,0.032,0.007,128,4552,56,bernoulli,8.0000,0.001000
sift1m,10000,128,8,10,0.010000,fixed,256,256,10,1.000000,9.561,0.169,9.047,0.085,0.019,256,8953,107,bernoulli,8.0000,0.001000
sift1m,10000,128,8,10,0.010000,fixed,512,512,10,1.000000,18.385,0.437,17.328,0.129,0.030,512,16963,192,bernoulli,8.0000,0.001000
sift1m,10000,128,8,10,0.050000,fixed,4,4,5,0.200000,0.238,0.103,0.128,0.002,0.001,4,122,5,bernoulli,8.0000,0.001000
sift1m,10000,128,8,10,0.050000,fixed,8,8,10,0.700000,0.339,0.053,0.271,0.003,0.004,8,275,17,bernoulli,8.0000,0.001000
sift1m,10000,128,8,10,0.050000,fixed,16,16,10,0.900000,0.622,0.042,0.552,0.006,0.005,16,540,30,bernoulli,8.0000,0.001000
sift1m,10000,128,8,10,0.050000,fixed,32,32,10,0.900000,1.261,0.056,1.151,0.012,0.008,32,1068,59,bernoulli,8.0000,0.001000
sift1m,10000,128,8,10,0.050000,fixed,64,64,10,1.000000,2.512,0.101,2.308,0.024,0.007,64,2316,109,bernoulli,8.0000,0.001000
sift1m,10000,128,8,10,0.050000,fixed,128,128,10,1.000000,4.872,0.113,4.556,0.049,0.014,128,4552,220,bernoulli,8.0000,0.001000
sift1m,10000,128,8,10,0.050000,fixed,256,256,10,1.000000,9.508,0.173,8.921,0.116,0.027,256,8953,433,bernoulli,8.0000,0.001000
sift1m,10000,128,8,10,0.050000,fixed,512,512,10,1.000000,18.695,0.435,17.532,0.183,0.037,512,16963,790,bernoulli,8.0000,0.001000
sift1m,10000,128,8,10,0.100000,fixed,4,4,10,0.300000,0.209,0.080,0.121,0.002,0.001,4,122,12,bernoulli,8.0000,0.001000
sift1m,10000,128,8,10,0.100000,fixed,8,8,10,0.500000,0.343,0.047,0.281,0.004,0.002,8,275,30,bernoulli,8.0000,0.001000
sift1m,10000,128,8,10,0.100000,fixed,16,16,10,0.800000,0.578,0.043,0.507,0.008,0.003,16,540,56,bernoulli,8.0000,0.001000
sift1m,10000,128,8,10,0.100000,fixed,32,32,10,0.900000,1.108,0.047,1.007,0.016,0.004,32,1068,111,bernoulli,8.0000,0.001000
sift1m,10000,128,8,10,0.100000,fixed,64,64,10,1.000000,2.478,0.057,2.280,0.035,0.007,64,2316,245,bernoulli,8.0000,0.001000
sift1m,10000,128,8,10,0.100000,fixed,128,128,10,1.000000,4.814,0.113,4.480,0.067,0.014,128,4552,477,bernoulli,8.0000,0.001000
sift1m,10000,128,8,10,0.100000,fixed,256,256,10,1.000000,9.532,0.181,8.926,0.130,0.021,256,8953,902,bernoulli,8.0000,0.001000
sift1m,10000,128,8,10,0.100000,fixed,512,512,10,1.000000,18.037,0.352,16.814,0.288,0.039,512,16963,1752,bernoulli,8.0000,0.001000
sift1m,10000,128,8,10,0.500000,fixed,4,4,10,0.500000,0.208,0.073,0.123,0.003,0.001,4,122,60,bernoulli,8.0000,0.001000
sift1m,10000,128,8,10,0.500000,fixed,8,8,10,0.700000,0.327,0.042,0.265,0.007,0.002,8,275,135,bernoulli,8.0000,0.001000
sift1m,10000,128,8,10,0.500000,fixed,16,16,10,0.900000,0.765,0.109,0.595,0.015,0.005,16,540,272,bernoulli,8.0000,0.001000
sift1m,10000,128,8,10,0.500000,fixed,32,32,10,0.900000,1.280,0.108,1.089,0.026,0.005,32,1068,535,bernoulli,8.0000,0.001000
sift1m,10000,128,8,10,0.500000,fixed,64,64,10,1.000000,2.491,0.072,2.254,0.056,0.008,64,2316,1146,bernoulli,8.0000,0.001000
sift1m,10000,128,8,10,0.500000,fixed,128,128,10,1.000000,4.870,0.100,4.451,0.109,0.012,128,4552,2237,bernoulli,8.0000,0.001000
sift1m,10000,128,8,10,0.500000,fixed,256,256,10,1.000000,9.736,0.186,8.895,0.227,0.017,256,8953,4418,bernoulli,8.0000,0.001000
sift1m,10000,128,8,10,0.500000,fixed,512,512,10,1.000000,18.696,0.344,17.071,0.445,0.038,512,16963,8477,bernoulli,8.0000,0.001000
sift1m,10000,128,8,10,1.000000,fixed,4,4,10,0.700000,0.209,0.076,0.121,0.005,0.001,4,122,122,bernoulli,8.0000,0.001000
sift1m,10000,128,8,10,1.000000,fixed,8,8,10,0.700000,0.350,0.044,0.284,0.010,0.001,8,275,275,bernoulli,8.0000,0.001000
sift1m,10000,128,8,10,1.000000,fixed,16,16,10,0.900000,0.619,0.046,0.532,0.020,0.003,16,540,540,bernoulli,8.0000,0.001000
sift1m,10000,128,8,10,1.000000,fixed,32,32,10,0.900000,1.182,0.050,1.042,0.039,0.007,32,1068,1068,bernoulli,8.0000,0.001000
sift1m,10000,128,8,10,1.000000,fixed,64,64,10,1.000000,2.657,0.065,2.424,0.084,0.007,64,2316,2316,bernoulli,8.0000,0.001000
sift1m,10000,128,8,10,1.000000,fixed,128,128,10,1.000000,5.133,0.099,4.701,0.168,0.012,128,4552,4552,bernoulli,8.0000,0.001000
sift1m,10000,128,8,10,1.000000,fixed,256,256,10,1.000000,10.171,0.214,9.242,0.333,0.024,256,8953,8953,bernoulli,8.0000,0.001000
sift1m,10000,128,8,10,1.000000,fixed,512,512,10,1.000000,18.645,0.361,17.000,0.638,0.034,512,16963,16963,bernoulli,8.0000,0.001000
sift1m,10000,128,9,10,0.001000,fixed,4,4,0,0.000000,0.250,0.065,0.179,0.001,0.001,4,168,0,bernoulli,8.0000,0.001000
sift1m,10000,128,9,10,0.001000,fixed,8,8,0,0.000000,0.410,0.046,0.353,0.002,0.001,8,345,0,bernoulli,8.0000,0.001000
sift1m,10000,128,9,10,0.001000,fixed,16,16,0,0.000000,0.700,0.042,0.635,0.003,0.004,16,631,0,bernoulli,8.0000,0.001000
sift1m,10000,128,9,10,0.001000,fixed,32,32,0,0.000000,1.274,0.045,1.191,0.007,0.001,32,1188,0,bernoulli,8.0000,0.001000
sift1m,10000,128,9,10,0.001000,fixed,64,64,0,0.000000,2.380,0.062,2.243,0.012,0.001,64,2312,0,bernoulli,8.0000,0.001000
sift1m,10000,128,9,10,0.001000,fixed,128,128,1,0.111111,5.257,0.136,4.908,0.092,0.004,128,4557,1,bernoulli,8.0000,0.001000
sift1m,10000,128,9,10,0.001000,fixed,256,256,3,0.333333,9.518,0.225,8.987,0.068,0.007,256,8781,6,bernoulli,8.0000,0.001000
sift1m,10000,128,9,10,0.001000,fixed,512,512,5,0.555556,18.378,0.389,17.285,0.255,0.011,512,16971,13,bernoulli,8.0000,0.001000
sift1m,10000,128,9,10,0.010000,fixed,4,4,0,0.000000,0.270,0.069,0.194,0.001,0.000,4,168,0,bernoulli,8.0000,0.001000
sift1m,10000,128,9,10,0.010000,fixed,8,8,2,0.100000,0.449,0.051,0.383,0.003,0.001,8,345,2,bernoulli,8.0000,0.001000
sift1m,10000,128,9,10,0.010000,fixed,16,16,3,0.200000,0.752,0.045,0.676,0.005,0.004,16,631,4,bernoulli,8.0000,0.001000
sift1m,10000,128,9,10,0.010000,fixed,32,32,5,0.400000,1.477,0.050,1.367,0.009,0.004,32,1188,7,bernoulli,8.0000,0.001000
sift1m,10000,128,9,10,0.010000,fixed,64,64,10,0.700000,2.452,0.094,2.250,0.028,0.004,64,2312,21,bernoulli,8.0000,0.001000
sift1m,10000,128,9,10,0.010000,fixed,128,128,10,0.800000,4.733,0.101,4.453,0.031,0.006,128,4557,34,bernoulli,8.0000,0.001000
sift1m,10000,128,9,10,0.010000,fixed,256,256,10,1.000000,9.416,0.171,8.856,0.087,0.014,256,8781,68,bernoulli,8.0000,0.001000
sift1m,10000,128,9,10,0.010000,fixed,512,512,10,1.000000,18.264,0.346,17.177,0.162,0.023,512,16971,126,bernoulli,8.0000,0.001000
sift1m,10000,128,9,10,0.050000,fixed,4,4,7,0.300000,0.314,0.114,0.190,0.002,0.001,4,168,8,bernoulli,8.0000,0.001000
sift1m,10000,128,9,10,0.050000,fixed,8,8,10,0.300000,0.471,0.057,0.398,0.004,0.003,8,345,11,bernoulli,8.0000,0.001000
sift1m,10000,128,9,10,0.050000,fixed,16,16,10,0.500000,0.752,0.049,0.676,0.007,0.002,16,631,29,bernoulli,8.0000,0.001000
sift1m,10000,128,9,10,0.050000,fixed,32,32,10,0.800000,1.393,0.055,1.282,0.014,0.005,32,1188,59,bernoulli,8.0000,0.001000
sift1m,10000,128,9,10,0.050000,fixed,64,64,10,1.000000,2.518,0.087,2.330,0.026,0.006,64,2312,114,bernoulli,8.0000,0.001000
sift1m,10000,128,9,10,0.050000,fixed,128,128,10,1.000000,5.088,0.120,4.764,0.052,0.011,128,4557,226,bernoulli,8.0000,0.001000
sift1m,10000,128,9,10,0.050000,fixed,256,256,10,1.000000,9.568,0.189,8.995,0.103,0.021,256,8781,461,bernoulli,8.0000,0.001000
sift1m,10000,128,9,10,0.050000,fixed,512,512,10,1.000000,18.331,0.397,17.141,0.238,0.036,512,16971,923,bernoulli,8.0000,0.001000
sift1m,10000,128,9,10,0.100000,fixed,4,4,10,0.200000,0.262,0.072,0.180,0.002,0.001,4,168,16,bernoulli,8.0000,0.001000
sift1m,10000,128,9,10,0.100000,fixed,8,8,10,0.500000,0.404,0.032,0.355,0.005,0.002,8,345,35,bernoulli,8.0000,0.001000
sift1m,10000,128,9,10,0.100000,fixed,16,16,10,0.800000,0.750,0.032,0.687,0.009,0.003,16,631,65,bernoulli,8.0000,0.001000
sift1m,10000,128,9,10,0.100000,fixed,32,32,10,0.900000,1.591,0.037,1.468,0.019,0.006,32,1188,124,bernoulli,8.0000,0.001000
sift1m,10000,128,9,10,0.100000,fixed,64,64,10,1.000000,2.457,0.078,2.266,0.035,0.007,64,2312,247,bernoulli,8.0000,0.001000
sift1m,10000,128,9,10,0.100000,fixed,128,128,10,1.000000,4.785,0.098,4.468,0.067,0.012,128,4557,486,bernoulli,8.0000,0.001000
sift1m,10000,128,9,10,0.100000,fixed,256,256,10,1.000000,9.723,0.170,9.111,0.133,0.032,256,8781,907,bernoulli,8.0000,0.001000
sift1m,10000,128,9,10,0.100000,fixed,512,512,10,1.000000,18.943,0.447,17.632,0.261,0.047,512,16971,1743,bernoulli,8.0000,0.001000
sift1m,10000,128,9,10,0.500000,fixed,4,4,10,0.600000,0.312,0.099,0.198,0.004,0.002,4,168,81,bernoulli,8.0000,0.001000
sift1m,10000,128,9,10,0.500000,fixed,8,8,10,0.900000,0.431,0.047,0.357,0.008,0.002,8,345,166,bernoulli,8.0000,0.001000
sift1m,10000,128,9,10,0.500000,fixed,16,16,10,1.000000,0.727,0.043,0.639,0.014,0.003,16,631,285,bernoulli,8.0000,0.001000
sift1m,10000,128,9,10,0.500000,fixed,32,32,10,1.000000,1.318,0.045,1.191,0.027,0.005,32,1188,552,bernoulli,8.0000,0.001000
sift1m,10000,128,9,10,0.500000,fixed,64,64,10,1.000000,2.800,0.059,2.560,0.057,0.010,64,2312,1100,bernoulli,8.0000,0.001000
sift1m,10000,128,9,10,0.500000,fixed,128,128,10,1.000000,5.135,0.128,4.675,0.114,0.011,128,4557,2193,bernoulli,8.0000,0.001000
sift1m,10000,128,9,10,0.500000,fixed,256,256,10,1.000000,10.564,0.199,9.625,0.244,0.032,256,8781,4349,bernoulli,8.0000,0.001000
sift1m,10000,128,9,10,0.500000,fixed,512,512,10,1.000000,19.277,0.446,17.500,0.450,0.035,512,16971,8380,bernoulli,8.0000,0.001000
sift1m,10000,128,9,10,1.000000,fixed,4,4,10,0.900000,0.285,0.092,0.179,0.006,0.001,4,168,168,bernoulli,8.0000,0.001000
sift1m,10000,128,9,10,1.000000,fixed,8,8,10,1.000000,0.426,0.048,0.354,0.012,0.002,8,345,345,bernoulli,8.0000,0.001000
sift1m,10000,128,9,10,1.000000,fixed,16,16,10,1.000000,0.738,0.043,0.650,0.022,0.003,16,631,631,bernoulli,8.0000,0.001000
sift1m,10000,128,9,10,1.000000,fixed,32,32,10,1.000000,1.384,0.049,1.248,0.042,0.004,32,1188,1188,bernoulli,8.0000,0.001000
sift1m,10000,128,9,10,1.000000,fixed,64,64,10,1.000000,2.682,0.065,2.437,0.085,0.008,64,2312,2312,bernoulli,8.0000,0.001000
sift1m,10000,128,9,10,1.000000,fixed,128,128,10,1.000000,4.967,0.119,4.530,0.161,0.011,128,4557,4557,bernoulli,8.0000,0.001000
sift1m,10000,128,9,10,1.000000,fixed,256,256,10,1.000000,10.013,0.181,9.157,0.343,0.026,256,8781,8781,bernoulli,8.0000,0.001000
sift1m,10000,128,9,10,1.000000,fixed,512,512,10,1.000000,19.156,0.445,17.429,0.653,0.034,512,16971,16971,bernoulli,8.0000,0.001000
sift1m,10000,128,10,10,0.001000,fixed,4,4,0,0.000000,0.217,0.091,0.119,0.001,0.001,4,113,0,bernoulli,8.0000,0.001000
sift1m,10000,128,10,10,0.001000,fixed,8,8,0,0.000000,0.353,0.050,0.290,0.001,0.001,8,272,0,bernoulli,8.0000,0.001000
sift1m,10000,128,10,10,0.001000,fixed,16,16,1,0.100000,0.617,0.042,0.553,0.003,0.001,16,546,1,bernoulli,8.0000,0.001000
sift1m,10000,128,10,10,0.001000,fixed,32,32,2,0.200000,1.343,0.049,1.243,0.006,0.005,32,1138,2,bernoulli,8.0000,0.001000
sift1m,10000,128,10,10,0.001000,fixed,64,64,2,0.200000,2.517,0.080,2.338,0.014,0.006,64,2231,4,bernoulli,8.0000,0.001000
sift1m,10000,128,10,10,0.001000,fixed,128,128,3,0.300000,5.210,0.135,4.885,0.026,0.006,128,4530,6,bernoulli,8.0000,0.001000
sift1m,10000,128,10,10,0.001000,fixed,256,256,5,0.500000,9.919,0.217,9.298,0.073,0.015,256,8837,16,bernoulli,8.0000,0.001000
sift1m,10000,128,10,10,0.001000,fixed,512,512,8,0.800000,18.683,0.499,17.306,0.296,0.014,512,16998,25,bernoulli,8.0000,0.001000
sift1m,10000,128,10,10,0.010000,fixed,4,4,3,0.200000,0.220,0.097,0.115,0.001,0.001,4,113,3,bernoulli,8.0000,0.001000
sift1m,10000,128,10,10,0.010000,fixed,8,8,4,0.300000,0.354,0.051,0.289,0.002,0.001,8,272,5,bernoulli,8.0000,0.001000
sift1m,10000,128,10,10,0.010000,fixed,16,16,5,0.300000,0.647,0.060,0.561,0.004,0.001,16,546,7,bernoulli,8.0000,0.001000
sift1m,10000,128,10,10,0.010000,fixed,32,32,8,0.500000,1.378,0.053,1.256,0.013,0.008,32,1138,11,bernoulli,8.0000,0.001000
sift1m,10000,128,10,10,0.010000,fixed,64,64,10,0.800000,2.472,0.101,2.263,0.021,0.004,64,2231,24,bernoulli,8.0000,0.001000
sift1m,10000,128,10,10,0.010000,fixed,128,128,10,0.800000,4.750,0.102,4.436,0.040,0.006,128,4530,42,bernoulli,8.0000,0.001000
sift1m,10000,128,10,10,0.010000,fixed,256,256,10,1.000000,9.867,0.165,9.205,0.147,0.016,256,8837,82,bernoulli,8.0000,0.001000
sift1m,10000,128,10,10,0.010000,fixed,512,512,10,1.000000,18.618,0.459,17.358,0.128,0.021,512,16998,160,bernoulli,8.0000,0.001000
sift1m,10000,128,10,10,0.050000,fixed,4,4,7,0.100000,0.204,0.078,0.119,0.002,0.001,4,113,7,bernoulli,8.0000,0.001000
sift1m,10000,128,10,10,0.050000,fixed,8,8,10,0.600000,0.342,0.048,0.281,0.003,0.001,8,272,15,bernoulli,8.0000,0.001000
sift1m,10000,128,10,10,0.050000,fixed,16,16,10,0.700000,0.625,0.044,0.556,0.006,0.002,16,546,31,bernoulli,8.0000,0.001000
sift1m,10000,128,10,10,0.050000,fixed,32,32,10,1.000000,1.226,0.048,1.130,0.012,0.004,32,1138,61,bernoulli,8.0000,0.001000
sift1m,10000,128,10,10,0.050000,fixed,64,64,10,1.000000,2.316,0.064,2.160,0.023,0.006,64,2231,108,bernoulli,8.0000,0.001000
sift1m,10000,128,10,10,0.050000,fixed,128,128,10,1.000000,4.964,0.090,4.657,0.048,0.022,128,4530,216,bernoulli,8.0000,0.001000
sift1m,10000,128,10,10,0.050000,fixed,256,256,10,1.000000,9.638,0.239,8.989,0.109,0.026,256,8837,405,bernoulli,8.0000,0.001000
sift1m,10000,128,10,10,0.050000,fixed,512,512,10,1.000000,19.421,0.452,18.162,0.242,0.037,512,16998,781,bernoulli,8.0000,0.001000
sift1m,10000,128,10,10,0.100000,fixed,4,4,8,0.200000,0.231,0.101,0.123,0.002,0.001,4,113,8,bernoulli,8.0000,0.001000
sift1m,10000,128,10,10,0.100000,fixed,8,8,10,0.300000,0.344,0.047,0.283,0.004,0.002,8,272,25,bernoulli,8.0000,0.001000
sift1m,10000,128,10,10,0.100000,fixed,16,16,10,0.500000,0.617,0.042,0.548,0.007,0.003,16,546,47,bernoulli,8.0000,0.001000
sift1m,10000,128,10,10,0.100000,fixed,32,32,10,0.900000,1.390,0.047,1.285,0.016,0.004,32,1138,104,bernoulli,8.0000,0.001000
sift1m,10000,128,10,10,0.100000,fixed,64,64,10,1.000000,2.441,0.085,2.247,0.032,0.007,64,2231,212,bernoulli,8.0000,0.001000
sift1m,10000,128,10,10,0.100000,fixed,128,128,10,1.000000,4.864,0.111,4.537,0.066,0.012,128,4530,450,bernoulli,8.0000,0.001000
sift1m,10000,128,10,10,0.100000,fixed,256,256,10,1.000000,10.071,0.182,9.379,0.137,0.024,256,8837,869,bernoulli,8.0000,0.001000
sift1m,10000,128,10,10,0.100000,fixed,512,512,10,1.000000,26.536,0.381,25.024,0.307,0.043,512,16998,1665,bernoulli,8.0000,0.001000
sift1m,10000,128,10,10,0.500000,fixed,4,4,10,0.700000,0.278,0.108,0.157,0.003,0.002,4,113,48,bernoulli,8.0000,0.001000
sift1m,10000,128,10,10,0.500000,fixed,8,8,10,0.700000,0.587,0.056,0.505,0.008,0.002,8,272,131,bernoulli,8.0000,0.001000
sift1m,10000,128,10,10,0.500000,fixed,16,16,10,0.900000,0.925,0.132,0.722,0.030,0.005,16,546,271,bernoulli,8.0000,0.001000
sift1m,10000,128,10,10,0.500000,fixed,32,32,10,1.000000,1.456,0.101,1.260,0.029,0.005,32,1138,548,bernoulli,8.0000,0.001000
sift1m,10000,128,10,10,0.500000,fixed,64,64,10,1.000000,2.758,0.096,2.482,0.058,0.007,64,2231,1089,bernoulli,8.0000,0.001000
sift1m,10000,128,10,10,0.500000,fixed,128,128,10,1.000000,8.222,0.141,7.542,0.154,0.031,128,4530,2184,bernoulli,8.0000,0.001000
sift1m,10000,128,10,10,0.500000,fixed,256,256,10,1.000000,22.468,0.662,20.205,0.405,0.055,256,8837,4324,bernoulli,8.0000,0.001000
sift1m,10000,128,10,10,0.500000,fixed,512,512,10,1.000000,24.449,1.364,21.387,0.491,0.043,512,16998,8351,bernoulli,8.0000,0.001000
sift1m,10000,128,10,10,1.000000,fixed,4,4,10,0.800000,0.331,0.107,0.208,0.006,0.002,4,113,113,bernoulli,8.0000,0.001000
sift1m,10000,128,10,10,1.000000,fixed,8,8,10,0.800000,0.489,0.067,0.391,0.012,0.003,8,272,272,bernoulli,8.0000,0.001000
sift1m,10000,128,10,10,1.000000,fixed,16,16,10,0.900000,0.773,0.093,0.630,0.021,0.003,16,546,546,bernoulli,8.0000,0.001000
sift1m,10000,128,10,10,1.000000,fixed,32,32,10,1.000000,1.581,0.076,1.396,0.045,0.006,32,1138,1138,bernoulli,8.0000,0.001000
sift1m,10000,128,10,10,1.000000,fixed,64,64,10,1.000000,2.521,0.115,2.230,0.081,0.005,64,2231,2231,bernoulli,8.0000,0.001000
sift1m,10000,128,10,10,1.000000,fixed,128,128,10,1.000000,5.049,0.101,4.614,0.166,0.009,128,4530,4530,bernoulli,8.0000,0.001000
sift1m,10000,128,10,10,1.000000,fixed,256,256,10,1.000000,10.203,0.175,9.342,0.330,0.019,256,8837,8837,bernoulli,8.0000,0.001000
sift1m,10000,128,10,10,1.000000,fixed,512,512,10,1.000000,18.622,0.417,16.967,0.639,0.029,512,16998,16998,bernoulli,8.0000,0.001000
sift1m,10000,128,11,10,0.001000,fixed,4,4,0,0.000000,0.244,0.078,0.161,0.001,0.001,4,155,0,bernoulli,8.0000,0.001000
sift1m,10000,128,11,10,0.001000,fixed,8,8,0,0.000000,0.323,0.047,0.267,0.001,0.001,8,277,0,bernoulli,8.0000,0.001000
sift1m,10000,128,11,10,0.001000,fixed,16,16,0,0.000000,0.555,0.046,0.493,0.003,0.001,16,515,0,bernoulli,8.0000,0.001000
sift1m,10000,128,11,10,0.001000,fixed,32,32,1,0.142857,1.142,0.050,1.052,0.005,0.004,32,1082,1,bernoulli,8.0000,0.001000
sift1m,10000,128,11,10,0.001000,fixed,64,64,1,0.142857,2.472,0.063,2.335,0.012,0.003,64,2265,1,bernoulli,8.0000,0.001000
sift1m,10000,128,11,10,0.001000,fixed,128,128,1,0.142857,5.035,0.146,4.646,0.117,0.008,128,4552,3,bernoulli,8.0000,0.001000
sift1m,10000,128,11,10,0.001000,fixed,256,256,4,0.571429,10.238,0.214,9.707,0.054,0.007,256,9085,8,bernoulli,8.0000,0.001000
sift1m,10000,128,11,10,0.001000,fixed,512,512,4,0.571429,18.023,0.359,17.113,0.095,0.015,512,17064,10,bernoulli,8.0000,0.001000
sift1m,10000,128,11,10,0.010000,fixed,4,4,1,0.100000,0.287,0.098,0.179,0.001,0.001,4,155,1,bernoulli,8.0000,0.001000
sift1m,10000,128,11,10,0.010000,fixed,8,8,3,0.300000,0.343,0.051,0.277,0.002,0.001,8,277,3,bernoulli,8.0000,0.001000
sift1m,10000,128,11,10,0.010000,fixed,16,16,4,0.400000,0.600,0.043,0.528,0.004,0.001,16,515,4,bernoulli,8.0000,0.001000
sift1m,10000,128,11,10,0.010000,fixed,32,32,7,0.600000,1.242,0.069,1.116,0.008,0.002,32,1082,7,bernoulli,8.0000,0.001000
sift1m,10000,128,11,10,0.010000,fixed,64,64,10,0.900000,2.537,0.077,2.341,0.016,0.004,64,2265,21,bernoulli,8.0000,0.001000
sift1m,10000,128,11,10,0.010000,fixed,128,128,10,1.000000,5.052,0.105,4.705,0.034,0.007,128,4552,44,bernoulli,8.0000,0.001000
sift1m,10000,128,11,10,0.010000,fixed,256,256,10,1.000000,9.951,0.197,9.272,0.066,0.015,256,9085,93,bernoulli,8.0000,0.001000
sift1m,10000,128,11,10,0.010000,fixed,512,512,10,1.000000,18.179,0.370,16.897,0.126,0.022,512,17064,180,bernoulli,8.0000,0.001000
sift1m,10000,128,11,10,0.050000,fixed,4,4,6,0.200000,0.256,0.073,0.173,0.002,0.001,4,155,7,bernoulli,8.0000,0.001000
sift1m,10000,128,11,10,0.050000,fixed,8,8,10,0.400000,0.352,0.053,0.285,0.003,0.002,8,277,13,bernoulli,8.0000,0.001000
sift1m,10000,128,11,10,0.050000,fixed,16,16,10,0.500000,0.604,0.046,0.533,0.006,0.002,16,515,21,bernoulli,8.0000,0.001000
sift1m,10000,128,11,10,0.050000,fixed,32,32,10,0.700000,1.188,0.051,1.087,0.013,0.004,32,1082,55,bernoulli,8.0000,0.001000
sift1m,10000,128,11,10,0.050000,fixed,64,64,10,1.000000,2.504,0.062,2.328,0.027,0.014,64,2265,120,bernoulli,8.0000,0.001000
sift1m,10000,128,11,10,0.050000,fixed,128,128,10,1.000000,5.208,0.123,4.873,0.056,0.015,128,4552,240,bernoulli,8.0000,0.001000
sift1m,10000,128,11,10,0.050000,fixed,256,256,10,1.000000,10.408,0.214,9.777,0.110,0.025,256,9085,487,bernoulli,8.0000,0.001000
sift1m,10000,128,11,10,0.050000,fixed,512,512,10,1.000000,19.042,0.440,17.825,0.212,0.036,512,17064,925,bernoulli,8.0000,0.001000
sift1m,10000,128,11,10,0.100000,fixed,4,4,10,0.500000,0.273,0.103,0.161,0.002,0.001,4,155,14,bernoulli,8.0000,0.001000
sift1m,10000,128,11,10,0.100000,fixed,8,8,10,0.700000,0.339,0.050,0.274,0.004,0.002,8,277,24,bernoulli,8.0000,0.001000
sift1m,10000,128,11,10,0.100000,fixed,16,16,10,0.900000,0.650,0.049,0.572,0.008,0.003,16,515,45,bernoulli,8.0000,0.001000
sift1m,10000,128,11,10,0.100000,fixed,32,32,10,1.000000,1.252,0.059,1.136,0.016,0.005,32,1082,100,bernoulli,8.0000,0.001000
sift1m,10000,128,11,10,0.100000,fixed,64,64,10,1.000000,2.571,0.073,2.383,0.033,0.009,64,2265,211,bernoulli,8.0000,0.001000
sift1m,10000,128,11,10,0.100000,fixed,128,128,10,1.000000,5.083,0.113,4.743,0.064,0.019,128,4552,420,bernoulli,8.0000,0.001000
sift1m,10000,128,11,10,0.100000,fixed,256,256,10,1.000000,10.181,0.226,9.499,0.138,0.027,256,9085,848,bernoulli,8.0000,0.001000
sift1m,10000,128,11,10,0.100000,fixed,512,512,10,1.000000,19.158,0.402,17.875,0.247,0.051,512,17064,1638,bernoulli,8.0000,0.001000
sift1m,10000,128,11,10,0.500000,fixed,4,4,10,0.900000,0.267,0.085,0.167,0.005,0.002,4,155,81,bernoulli,8.0000,0.001000
sift1m,10000,128,11,10,0.500000,fixed,8,8,10,1.000000,0.331,0.048,0.262,0.007,0.002,8,277,138,bernoulli,8.0000,0.001000
sift1m,10000,128,11,10,0.500000,fixed,16,16,10,1.000000,0.568,0.040,0.488,0.014,0.003,16,515,270,bernoulli,8.0000,0.001000
sift1m,10000,128,11,10,0.500000,fixed,32,32,10,1.000000,1.170,0.046,1.040,0.033,0.005,32,1082,573,bernoulli,8.0000,0.001000
sift1m,10000,128,11,10,0.500000,fixed,64,64,10,1.000000,2.489,0.059,2.261,0.062,0.010,64,2265,1165,bernoulli,8.0000,0.001000
sift1m,10000,128,11,10,0.500000,fixed,128,128,10,1.000000,4.961,0.090,4.532,0.115,0.012,128,4552,2314,bernoulli,8.0000,0.001000
sift1m,10000,128,11,10,0.500000,fixed,256,256,10,1.000000,10.266,0.172,9.385,0.236,0.029,256,9085,4607,bernoulli,8.0000,0.001000
sift1m,10000,128,11,10,0.500000,fixed,512,512,10,1.000000,20.252,0.456,18.394,0.453,0.043,512,17064,8558,bernoulli,8.0000,0.001000
sift1m,10000,128,11,10,1.000000,fixed,4,4,10,0.700000,0.320,0.112,0.193,0.006,0.002,4,155,155,bernoulli,8.0000,0.001000
sift1m,10000,128,11,10,1.000000,fixed,8,8,10,1.000000,0.371,0.056,0.292,0.010,0.002,8,277,277,bernoulli,8.0000,0.001000
sift1m,10000,128,11,10,1.000000,fixed,16,16,10,1.000000,0.604,0.050,0.513,0.020,0.003,16,515,515,bernoulli,8.0000,0.001000
sift1m,10000,128,11,10,1.000000,fixed,32,32,10,1.000000,1.240,0.052,1.095,0.040,0.006,32,1082,1082,bernoulli,8.0000,0.001000
sift1m,10000,128,11,10,1.000000,fixed,64,64,10,1.000000,2.669,0.071,2.413,0.086,0.010,64,2265,2265,bernoulli,8.0000,0.001000
sift1m,10000,128,11,10,1.000000,fixed,128,128,10,1.000000,5.179,0.124,4.709,0.169,0.014,128,4552,4552,bernoulli,8.0000,0.001000
sift1m,10000,128,11,10,1.000000,fixed,256,256,10,1.000000,10.120,0.185,9.257,0.334,0.020,256,9085,9085,bernoulli,8.0000,0.001000
sift1m,10000,128,11,10,1.000000,fixed,512,512,10,1.000000,19.373,0.353,17.696,0.663,0.044,512,17064,17064,bernoulli,8.0000,0.001000
sift1m,10000,128,12,10,0.001000,fixed,4,4,0,0.000000,0.230,0.097,0.128,0.001,0.001,4,128,0,bernoulli,8.0000,0.001000
sift1m,10000,128,12,10,0.001000,fixed,8,8,0,0.000000,0.293,0.048,0.237,0.001,0.001,8,245,0,bernoulli,8.0000,0.001000
sift1m,10000,128,12,10,0.001000,fixed,16,16,0,0.000000,0.542,0.040,0.483,0.003,0.003,16,489,0,bernoulli,8.0000,0.001000
sift1m,10000,128,12,10,0.001000,fixed,32,32,0,0.000000,1.075,0.043,0.996,0.006,0.005,32,1006,0,bernoulli,8.0000,0.001000
sift1m,10000,128,12,10,0.001000,fixed,64,64,1,0.100000,2.225,0.060,2.096,0.011,0.002,64,2115,1,bernoulli,8.0000,0.001000
sift1m,10000,128,12,10,0.001000,fixed,128,128,2,0.200000,4.656,0.119,4.397,0.023,0.004,128,4345,2,bernoulli,8.0000,0.001000
sift1m,10000,128,12,10,0.001000,fixed,256,256,6,0.600000,9.175,0.196,8.694,0.049,0.010,256,8709,14,bernoulli,8.0000,0.001000
sift1m,10000,128,12,10,0.001000,fixed,512,512,8,0.700000,18.020,0.377,17.092,0.093,0.011,512,17060,23,bernoulli,8.0000,0.001000
sift1m,10000,128,12,10,0.010000,fixed,4,4,1,0.100000,0.187,0.061,0.117,0.001,0.001,4,128,1,bernoulli,8.0000,0.001000
sift1m,10000,128,12,10,0.010000,fixed,8,8,2,0.100000,0.286,0.045,0.228,0.002,0.001,8,245,2,bernoulli,8.0000,0.001000
sift1m,10000,128,12,10,0.010000,fixed,16,16,4,0.300000,0.737,0.042,0.653,0.007,0.002,16,489,4,bernoulli,8.0000,0.001000
sift1m,10000,128,12,10,0.010000,fixed,32,32,6,0.400000,1.302,0.081,1.157,0.008,0.006,32,1006,10,bernoulli,8.0000,0.001000
sift1m,10000,128,12,10,0.010000,fixed,64,64,10,0.800000,2.350,0.085,2.137,0.018,0.007,64,2115,26,bernoulli,8.0000,0.001000
sift1m,10000,128,12,10,0.010000,fixed,128,128,10,1.000000,4.750,0.106,4.405,0.031,0.007,128,4345,47,bernoulli,8.0000,0.001000
sift1m,10000,128,12,10,0.010000,fixed,256,256,10,1.000000,9.667,0.219,8.940,0.072,0.016,256,8709,85,bernoulli,8.0000,0.001000
sift1m,10000,128,12,10,0.010000,fixed,512,512,10,1.000000,18.923,0.431,17.508,0.158,0.026,512,17060,179,bernoulli,8.0000,0.001000
sift1m,10000,128,12,10,0.050000,fixed,4,4,6,0.300000,0.216,0.085,0.124,0.001,0.001,4,128,6,bernoulli,8.0000,0.001000
sift1m,10000,128,12,10,0.050000,fixed,8,8,10,0.500000,0.283,0.044,0.228,0.003,0.001,8,245,10,bernoulli,8.0000,0.001000
sift1m,10000,128,12,10,0.050000,fixed,16,16,10,0.500000,0.545,0.037,0.481,0.005,0.005,16,489,17,bernoulli,8.0000,0.001000
sift1m,10000,128,12,10,0.050000,fixed,32,32,10,0.800000,1.078,0.043,0.991,0.010,0.003,32,1006,43,bernoulli,8.0000,0.001000
sift1m,10000,128,12,10,0.050000,fixed,64,64,10,0.900000,2.312,0.057,2.148,0.022,0.010,64,2115,90,bernoulli,8.0000,0.001000
sift1m,10000,128,12,10,0.050000,fixed,128,128,10,1.000000,4.736,0.132,4.406,0.051,0.011,128,4345,194,bernoulli,8.0000,0.001000
sift1m,10000,128,12,10,0.050000,fixed,256,256,10,1.000000,9.556,0.193,8.978,0.094,0.025,256,8709,409,bernoulli,8.0000,0.001000
sift1m,10000,128,12,10,0.050000,fixed,512,512,10,1.000000,19.105,0.376,17.968,0.210,0.036,512,17060,783,bernoulli,8.0000,0.001000
sift1m,10000,128,12,10,0.100000,fixed,4,4,10,0.300000,0.179,0.049,0.123,0.002,0.001,4,128,12,bernoulli,8.0000,0.001000
sift1m,10000,128,12,10,0.100000,fixed,8,8,10,0.500000,0.270,0.030,0.227,0.004,0.002,8,245,25,bernoulli,8.0000,0.001000
sift1m,10000,128,12,10,0.100000,fixed,16,16,10,0.800000,0.543,0.032,0.486,0.007,0.003,16,489,54,bernoulli,8.0000,0.001000
sift1m,10000,128,12,10,0.100000,fixed,32,32,10,1.000000,1.067,0.038,0.977,0.015,0.004,32,1006,111,bernoulli,8.0000,0.001000
sift1m,10000,128,12,10,0.100000,fixed,64,64,10,1.000000,2.214,0.053,2.056,0.031,0.007,64,2115,219,bernoulli,8.0000,0.001000
sift1m,10000,128,12,10,0.100000,fixed,128,128,10,1.000000,4.655,0.081,4.351,0.066,0.014,128,4345,443,bernoulli,8.0000,0.001000
sift1m,10000,128,12,10,0.100000,fixed,256,256,10,1.000000,9.191,0.186,8.579,0.125,0.027,256,8709,848,bernoulli,8.0000,0.001000
sift1m,10000,128,12,10,0.100000,fixed,512,512,10,1.000000,18.873,0.445,17.583,0.261,0.042,512,17060,1734,bernoulli,8.0000,0.001000
sift1m,10000,128,12,10,0.500000,fixed,4,4,10,0.400000,0.214,0.074,0.127,0.004,0.001,4,128,69,bernoulli,8.0000,0.001000
sift1m,10000,128,12,10,0.500000,fixed,8,8,10,0.800000,0.290,0.044,0.221,0.006,0.002,8,245,123,bernoulli,8.0000,0.001000
sift1m,10000,128,12,10,0.500000,fixed,16,16,10,1.000000,0.563,0.042,0.485,0.012,0.003,16,489,247,bernoulli,8.0000,0.001000
sift1m,10000,128,12,10,0.500000,fixed,32,32,10,1.000000,1.392,0.043,1.259,0.029,0.007,32,1006,518,bernoulli,8.0000,0.001000
sift1m,10000,128,12,10,0.500000,fixed,64,64,10,1.000000,2.473,0.098,2.201,0.060,0.007,64,2115,1094,bernoulli,8.0000,0.001000
sift1m,10000,128,12,10,0.500000,fixed,128,128,10,1.000000,4.939,0.117,4.489,0.115,0.011,128,4345,2218,bernoulli,8.0000,0.001000
sift1m,10000,128,12,10,0.500000,fixed,256,256,10,1.000000,9.636,0.192,8.801,0.224,0.018,256,8709,4390,bernoulli,8.0000,0.001000
sift1m,10000,128,12,10,0.500000,fixed,512,512,10,1.000000,18.791,0.355,17.156,0.446,0.030,512,17060,8525,bernoulli,8.0000,0.001000
sift1m,10000,128,12,10,1.000000,fixed,4,4,10,0.800000,0.209,0.065,0.132,0.006,0.001,4,128,128,bernoulli,8.0000,0.001000
sift1m,10000,128,12,10,1.000000,fixed,8,8,10,0.900000,0.293,0.042,0.232,0.010,0.002,8,245,245,bernoulli,8.0000,0.001000
sift1m,10000,128,12,10,1.000000,fixed,16,16,10,1.000000,0.564,0.037,0.489,0.018,0.003,16,489,489,bernoulli,8.0000,0.001000
sift1m,10000,128,12,10,1.000000,fixed,32,32,10,1.000000,1.096,0.041,0.981,0.036,0.004,32,1006,1006,bernoulli,8.0000,0.001000
sift1m,10000,128,12,10,1.000000,fixed,64,64,10,1.000000,2.414,0.058,2.166,0.078,0.010,64,2115,2115,bernoulli,8.0000,0.001000
sift1m,10000,128,12,10,1.000000,fixed,128,128,10,1.000000,4.892,0.156,4.407,0.166,0.010,128,4345,4345,bernoulli,8.0000,0.001000
sift1m,10000,128,12,10,1.000000,fixed,256,256,10,1.000000,9.789,0.193,8.966,0.324,0.018,256,8709,8709,bernoulli,8.0000,0.001000
sift1m,10000,128,12,10,1.000000,fixed,512,512,10,1.000000,19.077,0.390,17.411,0.639,0.033,512,17060,17060,bernoulli,8.0000,0.001000
sift1m,10000,128,13,10,0.001000,fixed,4,4,0,0.000000,0.253,0.081,0.165,0.001,0.001,4,153,0,bernoulli,8.0000,0.001000
sift1m,10000,128,13,10,0.001000,fixed,8,8,0,0.000000,0.401,0.051,0.338,0.002,0.001,8,310,0,bernoulli,8.0000,0.001000
sift1m,10000,128,13,10,0.001000,fixed,16,16,0,0.000000,0.727,0.043,0.661,0.003,0.001,16,621,0,bernoulli,8.0000,0.001000
sift1m,10000,128,13,10,0.001000,fixed,32,32,0,0.000000,1.483,0.055,1.377,0.008,0.002,32,1214,0,bernoulli,8.0000,0.001000
sift1m,10000,128,13,10,0.001000,fixed,64,64,0,0.000000,2.280,0.092,2.110,0.012,0.002,64,2203,0,bernoulli,8.0000,0.001000
sift1m,10000,128,13,10,0.001000,fixed,128,128,1,0.100000,4.498,0.099,4.243,0.025,0.005,128,4379,1,bernoulli,8.0000,0.001000
sift1m,10000,128,13,10,0.001000,fixed,256,256,5,0.500000,9.758,0.231,9.185,0.076,0.008,256,8642,7,bernoulli,8.0000,0.001000
sift1m,10000,128,13,10,0.001000,fixed,512,512,5,0.500000,18.610,0.444,17.482,0.123,0.015,512,17058,14,bernoulli,8.0000,0.001000
sift1m,10000,128,13,10,0.010000,fixed,4,4,1,0.100000,0.267,0.097,0.163,0.001,0.001,4,153,1,bernoulli,8.0000,0.001000
sift1m,10000,128,13,10,0.010000,fixed,8,8,4,0.300000,0.376,0.046,0.318,0.002,0.001,8,310,4,bernoulli,8.0000,0.001000
sift1m,10000,128,13,10,0.010000,fixed,16,16,6,0.500000,0.666,0.039,0.605,0.004,0.001,16,621,6,bernoulli,8.0000,0.001000
sift1m,10000,128,13,10,0.010000,fixed,32,32,9,0.600000,1.296,0.043,1.208,0.009,0.004,32,1214,10,bernoulli,8.0000,0.001000
sift1m,10000,128,13,10,0.010000,fixed,64,64,10,0.800000,2.387,0.056,2.244,0.017,0.007,64,2203,26,bernoulli,8.0000,0.001000
sift1m,10000,128,13,10,0.010000,fixed,128,128,10,0.900000,4.778,0.097,4.515,0.035,0.008,128,4379,51,bernoulli,8.0000,0.001000
sift1m,10000,128,13,10,0.010000,fixed,256,256,10,1.000000,9.289,0.195,8.779,0.066,0.012,256,8642,94,bernoulli,8.0000,0.001000
sift1m,10000,128,13,10,0.010000,fixed,512,512,10,1.000000,18.202,0.358,17.222,0.126,0.021,512,17058,170,bernoulli,8.0000,0.001000
sift1m,10000,128,13,10,0.050000,fixed,4,4,9,0.300000,0.240,0.064,0.168,0.002,0.001,4,153,9,bernoulli,8.0000,0.001000
sift1m,10000,128,13,10,0.050000,fixed,8,8,10,0.700000,0.394,0.050,0.330,0.004,0.002,8,310,20,bernoulli,8.0000,0.001000
sift1m,10000,128,13,10,0.050000,fixed,16,16,10,0.700000,0.729,0.043,0.658,0.007,0.002,16,621,32,bernoulli,8.0000,0.001000
sift1m,10000,128,13,10,0.050000,fixed,32,32,10,0.900000,1.400,0.047,1.300,0.013,0.004,32,1214,50,bernoulli,8.0000,0.001000
sift1m,10000,128,13,10,0.050000,fixed,64,64,10,1.000000,2.397,0.069,2.228,0.029,0.006,64,2203,93,bernoulli,8.0000,0.001000
sift1m,10000,128,13,10,0.050000,fixed,128,128,10,1.000000,4.814,0.114,4.506,0.047,0.012,128,4379,186,bernoulli,8.0000,0.001000
sift1m,10000,128,13,10,0.050000,fixed,256,256,10,1.000000,9.397,0.181,8.787,0.139,0.024,256,8642,412,bernoulli,8.0000,0.001000
sift1m,10000,128,13,10,0.050000,fixed,512,512,10,1.000000,18.343,0.376,17.175,0.256,0.040,512,17058,855,bernoulli,8.0000,0.001000
sift1m,10000,128,13,10,0.100000,fixed,4,4,10,0.400000,0.285,0.091,0.183,0.004,0.001,4,153,23,bernoulli,8.0000,0.001000
sift1m,10000,128,13,10,0.100000,fixed,8,8,10,0.600000,0.435,0.058,0.359,0.005,0.002,8,310,41,bernoulli,8.0000,0.001000
sift1m,10000,128,13,10,0.100000,fixed,16,16,10,1.000000,0.729,0.046,0.650,0.010,0.003,16,621,83,bernoulli,8.0000,0.001000
sift1m,10000,128,13,10,0.100000,fixed,32,32,10,1.000000,1.385,0.049,1.277,0.018,0.004,32,1214,136,bernoulli,8.0000,0.001000
sift1m,10000,128,13,10,0.100000,fixed,64,64,10,1.000000,2.532,0.073,2.347,0.034,0.008,64,2203,226,bernoulli,8.0000,0.001000
sift1m,10000,128,13,10,0.100000,fixed,128,128,10,1.000000,4.738,0.118,4.405,0.064,0.015,128,4379,434,bernoulli,8.0000,0.001000
sift1m,10000,128,13,10,0.100000,fixed,256,256,10,1.000000,9.277,0.191,8.656,0.126,0.023,256,8642,862,bernoulli,8.0000,0.001000
sift1m,10000,128,13,10,0.100000,fixed,512,512,10,1.000000,18.144,0.381,16.941,0.250,0.038,512,17058,1747,bernoulli,8.0000,0.001000
sift1m,10000,128,13,10,0.500000,fixed,4,4,10,0.400000,0.318,0.075,0.218,0.005,0.006,4,153,85,bernoulli,8.0000,0.001000
sift1m,10000,128,13,10,0.500000,fixed,8,8,10,0.900000,0.482,0.093,0.359,0.008,0.002,8,310,151,bernoulli,8.0000,0.001000
sift1m,10000,128,13,10,0.500000,fixed,16,16,10,1.000000,0.814,0.063,0.701,0.016,0.003,16,621,308,bernoulli,8.0000,0.001000
sift1m,10000,128,13,10,0.500000,fixed,32,32,10,1.000000,1.426,0.056,1.280,0.032,0.004,32,1214,627,bernoulli,8.0000,0.001000
sift1m,10000,128,13,10,0.500000,fixed,64,64,10,1.000000,2.501,0.072,2.260,0.059,0.007,64,2203,1138,bernoulli,8.0000,0.001000
sift1m,10000,128,13,10,0.500000,fixed,128,128,10,1.000000,4.640,0.109,4.219,0.110,0.009,128,4379,2237,bernoulli,8.0000,0.001000
sift1m,10000,128,13,10,0.500000,fixed,256,256,10,1.000000,9.218,0.190,8.393,0.219,0.015,256,8642,4432,bernoulli,8.0000,0.001000
sift1m,10000,128,13,10,0.500000,fixed,512,512,10,1.000000,18.931,0.347,17.308,0.443,0.028,512,17058,8597,bernoulli,8.0000,0.001000
sift1m,10000,128,13,10,1.000000,fixed,4,4,10,0.600000,0.324,0.066,0.236,0.007,0.003,4,153,153,bernoulli,8.0000,0.001000
sift1m,10000,128,13,10,1.000000,fixed,8,8,10,0.900000,0.501,0.100,0.370,0.012,0.005,8,310,310,bernoulli,8.0000,0.001000
sift1m,10000,128,13,10,1.000000,fixed,16,16,10,1.000000,0.893,0.072,0.764,0.023,0.003,16,621,621,bernoulli,8.0000,0.001000
sift1m,10000,128,13,10,1.000000,fixed,32,32,10,1.000000,1.460,0.083,1.283,0.045,0.005,32,1214,1214,bernoulli,8.0000,0.001000
sift1m,10000,128,13,10,1.000000,fixed,64,64,10,1.000000,2.458,0.091,2.200,0.081,0.007,64,2203,2203,bernoulli,8.0000,0.001000
sift1m,10000,128,13,10,1.000000,fixed,128,128,10,1.000000,4.744,0.110,4.298,0.172,0.012,128,4379,4379,bernoulli,8.0000,0.001000
sift1m,10000,128,13,10,1.000000,fixed,256,256,10,1.000000,10.197,0.180,9.323,0.324,0.025,256,8642,8642,bernoulli,8.0000,0.001000
sift1m,10000,128,13,10,1.000000,fixed,512,512,10,1.000000,19.222,0.518,17.413,0.638,0.028,512,17058,17058,bernoulli,8.0000,0.001000
sift1m,10000,128,14,10,0.001000,fixed,4,4,0,0.000000,0.272,0.087,0.179,0.001,0.001,4,169,0,bernoulli,8.0000,0.001000
sift1m,10000,128,14,10,0.001000,fixed,8,8,0,0.000000,0.373,0.043,0.319,0.002,0.001,8,310,0,bernoulli,8.0000,0.001000
sift1m,10000,128,14,10,0.001000,fixed,16,16,0,0.000000,0.651,0.039,0.594,0.003,0.001,16,599,0,bernoulli,8.0000,0.001000
sift1m,10000,128,14,10,0.001000,fixed,32,32,0,0.000000,1.441,0.044,1.353,0.009,0.003,32,1175,0,bernoulli,8.0000,0.001000
sift1m,10000,128,14,10,0.001000,fixed,64,64,0,0.000000,2.762,0.131,2.552,0.016,0.002,64,2352,0,bernoulli,8.0000,0.001000
sift1m,10000,128,14,10,0.001000,fixed,128,128,3,0.300000,4.922,0.130,4.628,0.037,0.004,128,4395,3,bernoulli,8.0000,0.001000
sift1m,10000,128,14,10,0.001000,fixed,256,256,4,0.400000,9.435,0.199,8.851,0.153,0.008,256,8672,5,bernoulli,8.0000,0.001000
sift1m,10000,128,14,10,0.001000,fixed,512,512,8,0.800000,18.340,0.391,17.288,0.203,0.013,512,17122,14,bernoulli,8.0000,0.001000
sift1m,10000,128,14,10,0.010000,fixed,4,4,0,0.000000,0.269,0.070,0.191,0.001,0.000,4,169,0,bernoulli,8.0000,0.001000
sift1m,10000,128,14,10,0.010000,fixed,8,8,1,0.000000,0.408,0.044,0.351,0.002,0.001,8,310,1,bernoulli,8.0000,0.001000
sift1m,10000,128,14,10,0.010000,fixed,16,16,3,0.000000,0.685,0.038,0.619,0.004,0.003,16,599,3,bernoulli,8.0000,0.001000
sift1m,10000,128,14,10,0.010000,fixed,32,32,9,0.300000,1.330,0.043,1.238,0.008,0.002,32,1175,10,bernoulli,8.0000,0.001000
sift1m,10000,128,14,10,0.010000,fixed,64,64,10,0.600000,2.709,0.056,2.545,0.024,0.006,64,2352,22,bernoulli,8.0000,0.001000
sift1m,10000,128,14,10,0.010000,fixed,128,128,10,1.000000,4.984,0.122,4.657,0.040,0.010,128,4395,57,bernoulli,8.0000,0.001000
sift1m,10000,128,14,10,0.010000,fixed,256,256,10,1.000000,9.423,0.222,8.781,0.110,0.015,256,8672,94,bernoulli,8.0000,0.001000
sift1m,10000,128,14,10,0.010000,fixed,512,512,10,1.000000,18.538,0.394,17.407,0.130,0.028,512,17122,183,bernoulli,8.0000,0.001000
sift1m,10000,128,14,10,0.050000,fixed,4,4,10,0.600000,0.299,0.102,0.189,0.002,0.001,4,169,14,bernoulli,8.0000,0.001000
sift1m,10000,128,14,10,0.050000,fixed,8,8,10,0.800000,0.401,0.049,0.335,0.004,0.005,8,310,26,bernoulli,8.0000,0.001000
sift1m,10000,128,14,10,0.050000,fixed,16,16,10,0.900000,0.737,0.072,0.638,0.007,0.003,16,599,38,bernoulli,8.0000,0.001000
sift1m,10000,128,14,10,0.050000,fixed,32,32,10,1.000000,1.364,0.050,1.263,0.013,0.004,32,1175,73,bernoulli,8.0000,0.001000
sift1m,10000,128,14,10,0.050000,fixed,64,64,10,1.000000,2.624,0.068,2.454,0.026,0.007,64,2352,122,bernoulli,8.0000,0.001000
sift1m,10000,128,14,10,0.050000,fixed,128,128,10,1.000000,4.848,0.102,4.554,0.049,0.012,128,4395,242,bernoulli,8.0000,0.001000
sift1m,10000,128,14,10,0.050000,fixed,256,256,10,1.000000,9.454,0.197,8.885,0.095,0.021,256,8672,463,bernoulli,8.0000,0.001000
sift1m,10000,128,14,10,0.050000,fixed,512,512,10,1.000000,18.663,0.383,17.557,0.185,0.032,512,17122,856,bernoulli,8.0000,0.001000
sift1m,10000,128,14,10,0.100000,fixed,4,4,10,0.300000,0.288,0.072,0.207,0.002,0.001,4,169,13,bernoulli,8.0000,0.001000
sift1m,10000,128,14,10,0.100000,fixed,8,8,10,0.600000,0.394,0.049,0.330,0.004,0.001,8,310,28,bernoulli,8.0000,0.001000
sift1m,10000,128,14,10,0.100000,fixed,16,16,10,0.800000,0.685,0.038,0.619,0.008,0.002,16,599,51,bernoulli,8.0000,0.001000
sift1m,10000,128,14,10,0.100000,fixed,32,32,10,0.900000,1.279,0.041,1.185,0.015,0.004,32,1175,98,bernoulli,8.0000,0.001000
sift1m,10000,128,14,10,0.100000,fixed,64,64,10,1.000000,2.623,0.056,2.449,0.033,0.011,64,2352,197,bernoulli,8.0000,0.001000
sift1m,10000,128,14,10,0.100000,fixed,128,128,10,1.000000,4.997,0.130,4.627,0.075,0.019,128,4395,380,bernoulli,8.0000,0.001000
sift1m,10000,128,14,10,0.100000,fixed,256,256,10,1.000000,9.491,0.237,8.837,0.129,0.021,256,8672,741,bernoulli,8.0000,0.001000
sift1m,10000,128,14,10,0.100000,fixed,512,512,10,1.000000,18.371,0.399,17.165,0.239,0.042,512,17122,1556,bernoulli,8.0000,0.001000
sift1m,10000,128,14,10,0.500000,fixed,4,4,10,0.400000,0.285,0.071,0.199,0.005,0.001,4,169,83,bernoulli,8.0000,0.001000
sift1m,10000,128,14,10,0.500000,fixed,8,8,10,0.500000,0.377,0.037,0.318,0.007,0.001,8,310,152,bernoulli,8.0000,0.001000
sift1m,10000,128,14,10,0.500000,fixed,16,16,10,0.800000,0.679,0.034,0.604,0.014,0.002,16,599,296,bernoulli,8.0000,0.001000
sift1m,10000,128,14,10,0.500000,fixed,32,32,10,1.000000,1.342,0.042,1.211,0.028,0.009,32,1175,554,bernoulli,8.0000,0.001000
sift1m,10000,128,14,10,0.500000,fixed,64,64,10,1.000000,2.982,0.142,2.653,0.060,0.007,64,2352,1093,bernoulli,8.0000,0.001000
sift1m,10000,128,14,10,0.500000,fixed,128,128,10,1.000000,4.968,0.152,4.474,0.123,0.013,128,4395,2080,bernoulli,8.0000,0.001000
sift1m,10000,128,14,10,0.500000,fixed,256,256,10,1.000000,9.683,0.196,8.835,0.221,0.018,256,8672,4138,bernoulli,8.0000,0.001000
sift1m,10000,128,14,10,0.500000,fixed,512,512,10,1.000000,19.868,0.436,18.078,0.457,0.040,512,17122,8317,bernoulli,8.0000,0.001000
sift1m,10000,128,14,10,1.000000,fixed,4,4,10,0.600000,0.300,0.096,0.187,0.007,0.002,4,169,169,bernoulli,8.0000,0.001000
sift1m,10000,128,14,10,1.000000,fixed,8,8,10,0.700000,0.379,0.043,0.312,0.011,0.001,8,310,310,bernoulli,8.0000,0.001000
sift1m,10000,128,14,10,1.000000,fixed,16,16,10,0.800000,0.673,0.037,0.592,0.021,0.002,16,599,599,bernoulli,8.0000,0.001000
sift1m,10000,128,14,10,1.000000,fixed,32,32,10,0.900000,1.273,0.043,1.148,0.040,0.004,32,1175,1175,bernoulli,8.0000,0.001000
sift1m,10000,128,14,10,1.000000,fixed,64,64,10,1.000000,2.523,0.055,2.304,0.082,0.006,64,2352,2352,bernoulli,8.0000,0.001000
sift1m,10000,128,14,10,1.000000,fixed,128,128,10,1.000000,4.864,0.086,4.446,0.159,0.013,128,4395,4395,bernoulli,8.0000,0.001000
sift1m,10000,128,14,10,1.000000,fixed,256,256,10,1.000000,9.631,0.177,8.798,0.312,0.021,256,8672,8672,bernoulli,8.0000,0.001000
sift1m,10000,128,14,10,1.000000,fixed,512,512,10,1.000000,19.444,0.451,17.732,0.630,0.030,512,17122,17122,bernoulli,8.0000,0.001000
sift1m,10000,128,15,10,0.001000,fixed,4,4,0,0.000000,0.207,0.064,0.137,0.001,0.001,4,135,0,bernoulli,8.0000,0.001000
sift1m,10000,128,15,10,0.001000,fixed,8,8,0,0.000000,0.302,0.043,0.251,0.002,0.000,8,268,0,bernoulli,8.0000,0.001000
sift1m,10000,128,15,10,0.001000,fixed,16,16,0,0.000000,0.531,0.038,0.476,0.003,0.001,16,512,0,bernoulli,8.0000,0.001000
sift1m,10000,128,15,10,0.001000,fixed,32,32,0,0.000000,1.114,0.044,1.033,0.006,0.004,32,1079,0,bernoulli,8.0000,0.001000
sift1m,10000,128,15,10,0.001000,fixed,64,64,0,0.000000,2.218,0.054,2.094,0.012,0.001,64,2183,0,bernoulli,8.0000,0.001000
sift1m,10000,128,15,10,0.001000,fixed,128,128,1,0.100000,4.580,0.083,4.356,0.028,0.004,128,4351,1,bernoulli,8.0000,0.001000
sift1m,10000,128,15,10,0.001000,fixed,256,256,6,0.600000,9.105,0.229,8.529,0.123,0.007,256,8722,11,bernoulli,8.0000,0.001000
sift1m,10000,128,15,10,0.001000,fixed,512,512,10,1.000000,18.811,0.340,17.832,0.165,0.018,512,17005,32,bernoulli,8.0000,0.001000
sift1m,10000,128,15,10,0.010000,fixed,4,4,2,0.100000,0.242,0.097,0.139,0.001,0.001,4,135,2,bernoulli,8.0000,0.001000
sift1m,10000,128,15,10,0.010000,fixed,8,8,3,0.100000,0.351,0.048,0.290,0.002,0.001,8,268,3,bernoulli,8.0000,0.001000
sift1m,10000,128,15,10,0.010000,fixed,16,16,5,0.300000,0.607,0.063,0.517,0.004,0.004,16,512,7,bernoulli,8.0000,0.001000
sift1m,10000,128,15,10,0.010000,fixed,32,32,8,0.600000,1.184,0.062,1.075,0.009,0.005,32,1079,12,bernoulli,8.0000,0.001000
sift1m,10000,128,15,10,0.010000,fixed,64,64,10,0.700000,2.385,0.073,2.227,0.016,0.004,64,2183,19,bernoulli,8.0000,0.001000
sift1m,10000,128,15,10,0.010000,fixed,128,128,10,1.000000,4.659,0.103,4.390,0.031,0.006,128,4351,39,bernoulli,8.0000,0.001000
sift1m,10000,128,15,10,0.010000,fixed,256,256,10,1.000000,9.378,0.201,8.840,0.066,0.011,256,8722,81,bernoulli,8.0000,0.001000
sift1m,10000,128,15,10,0.010000,fixed,512,512,10,1.000000,18.475,0.359,17.418,0.131,0.023,512,17005,150,bernoulli,8.0000,0.001000
sift1m,10000,128,15,10,0.050000,fixed,4,4,6,0.300000,0.227,0.071,0.149,0.002,0.001,4,135,6,bernoulli,8.0000,0.001000
sift1m,10000,128,15,10,0.050000,fixed,8,8,10,0.400000,0.326,0.048,0.267,0.003,0.001,8,268,10,bernoulli,8.0000,0.001000
sift1m,10000,128,15,10,0.050000,fixed,16,16,10,0.600000,0.585,0.045,0.515,0.006,0.003,16,512,25,bernoulli,8.0000,0.001000
sift1m,10000,128,15,10,0.050000,fixed,32,32,10,0.900000,1.274,0.050,1.174,0.012,0.004,32,1079,52,bernoulli,8.0000,0.001000
sift1m,10000,128,15,10,0.050000,fixed,64,64,10,1.000000,2.584,0.071,2.413,0.024,0.007,64,2183,103,bernoulli,8.0000,0.001000
sift1m,10000,128,15,10,0.050000,fixed,128,128,10,1.000000,4.746,0.127,4.432,0.053,0.011,128,4351,212,bernoulli,8.0000,0.001000
sift1m,10000,128,15,10,0.050000,fixed,256,256,10,1.000000,9.282,0.207,8.703,0.092,0.020,256,8722,398,bernoulli,8.0000,0.001000
sift1m,10000,128,15,10,0.050000,fixed,512,512,10,1.000000,18.446,0.402,17.321,0.179,0.042,512,17005,770,bernoulli,8.0000,0.001000
sift1m,10000,128,15,10,0.100000,fixed,4,4,10,0.600000,0.227,0.073,0.146,0.002,0.001,4,135,12,bernoulli,8.0000,0.001000
sift1m,10000,128,15,10,0.100000,fixed,8,8,10,0.700000,0.312,0.036,0.262,0.004,0.002,8,268,25,bernoulli,8.0000,0.001000
sift1m,10000,128,15,10,0.100000,fixed,16,16,10,1.000000,0.562,0.034,0.501,0.008,0.002,16,512,47,bernoulli,8.0000,0.001000
sift1m,10000,128,15,10,0.100000,fixed,32,32,10,1.000000,1.210,0.039,1.115,0.017,0.005,32,1079,95,bernoulli,8.0000,0.001000
sift1m,10000,128,15,10,0.100000,fixed,64,64,10,1.000000,2.344,0.053,2.186,0.032,0.006,64,2183,200,bernoulli,8.0000,0.001000
sift1m,10000,128,15,10,0.100000,fixed,128,128,10,1.000000,4.853,0.089,4.539,0.065,0.016,128,4351,408,bernoulli,8.0000,0.001000
sift1m,10000,128,15,10,0.100000,fixed,256,256,10,1.000000,9.621,0.223,8.959,0.139,0.022,256,8722,834,bernoulli,8.0000,0.001000
sift1m,10000,128,15,10,0.100000,fixed,512,512,10,1.000000,18.494,0.408,17.234,0.269,0.038,512,17005,1785,bernoulli,8.0000,0.001000
sift1m,10000,128,15,10,0.500000,fixed,4,4,10,0.700000,0.259,0.104,0.143,0.004,0.001,4,135,63,bernoulli,8.0000,0.001000
sift1m,10000,128,15,10,0.500000,fixed,8,8,10,0.900000,0.327,0.036,0.270,0.006,0.002,8,268,123,bernoulli,8.0000,0.001000
sift1m,10000,128,15,10,0.500000,fixed,16,16,10,0.900000,0.687,0.035,0.607,0.013,0.004,16,512,249,bernoulli,8.0000,0.001000
sift1m,10000,128,15,10,0.500000,fixed,32,32,10,0.900000,1.196,0.074,1.042,0.027,0.004,32,1079,534,bernoulli,8.0000,0.001000
sift1m,10000,128,15,10,0.500000,fixed,64,64,10,0.900000,2.361,0.091,2.113,0.053,0.006,64,2183,1074,bernoulli,8.0000,0.001000
sift1m,10000,128,15,10,0.500000,fixed,128,128,10,1.000000,5.188,0.096,4.738,0.116,0.018,128,4351,2130,bernoulli,8.0000,0.001000
sift1m,10000,128,15,10,0.500000,fixed,256,256,10,1.000000,9.800,0.261,8.873,0.244,0.017,256,8722,4252,bernoulli,8.0000,0.001000
sift1m,10000,128,15,10,0.500000,fixed,512,512,10,1.000000,18.829,0.339,17.214,0.433,0.036,512,17005,8315,bernoulli,8.0000,0.001000
sift1m,10000,128,15,10,1.000000,fixed,4,4,10,0.600000,0.290,0.126,0.151,0.006,0.001,4,135,135,bernoulli,8.0000,0.001000
sift1m,10000,128,15,10,1.000000,fixed,8,8,10,0.800000,0.335,0.055,0.258,0.010,0.002,8,268,268,bernoulli,8.0000,0.001000
sift1m,10000,128,15,10,1.000000,fixed,16,16,10,0.900000,0.591,0.048,0.499,0.019,0.004,16,512,512,bernoulli,8.0000,0.001000
sift1m,10000,128,15,10,1.000000,fixed,32,32,10,0.900000,1.199,0.054,1.065,0.040,0.004,32,1079,1079,bernoulli,8.0000,0.001000
sift1m,10000,128,15,10,1.000000,fixed,64,64,10,0.900000,2.464,0.066,2.241,0.080,0.005,64,2183,2183,bernoulli,8.0000,0.001000
sift1m,10000,128,15,10,1.000000,fixed,128,128,10,1.000000,5.080,0.099,4.653,0.163,0.010,128,4351,4351,bernoulli,8.0000,0.001000
sift1m,10000,128,15,10,1.000000,fixed,256,256,10,1.000000,9.665,0.209,8.839,0.314,0.016,256,8722,8722,bernoulli,8.0000,0.001000
sift1m,10000,128,15,10,1.000000,fixed,512,512,10,1.000000,18.785,0.394,17.091,0.648,0.034,512,17005,17005,bernoulli,8.0000,0.001000
sift1m,10000,128,16,10,0.001000,fixed,4,4,0,0.000000,0.216,0.079,0.132,0.001,0.000,4,129,0,bernoulli,8.0000,0.001000
sift1m,10000,128,16,10,0.001000,fixed,8,8,0,0.000000,0.323,0.042,0.273,0.002,0.000,8,269,0,bernoulli,8.0000,0.001000
sift1m,10000,128,16,10,0.001000,fixed,16,16,0,0.000000,0.618,0.037,0.563,0.003,0.001,16,568,0,bernoulli,8.0000,0.001000
sift1m,10000,128,16,10,0.001000,fixed,32,32,1,0.111111,1.067,0.040,0.993,0.006,0.001,32,1049,1,bernoulli,8.0000,0.001000
sift1m,10000,128,16,10,0.001000,fixed,64,64,1,0.111111,2.635,0.053,2.491,0.028,0.004,64,2197,1,bernoulli,8.0000,0.001000
sift1m,10000,128,16,10,0.001000,fixed,128,128,3,0.333333,4.927,0.168,4.610,0.034,0.004,128,4525,4,bernoulli,8.0000,0.001000
sift1m,10000,128,16,10,0.001000,fixed,256,256,4,0.444444,9.711,0.200,9.153,0.106,0.007,256,8876,11,bernoulli,8.0000,0.001000
sift1m,10000,128,16,10,0.001000,fixed,512,512,8,0.888889,18.446,0.391,17.335,0.268,0.014,512,16963,20,bernoulli,8.0000,0.001000
sift1m,10000,128,16,10,0.010000,fixed,4,4,0,0.000000,0.212,0.066,0.141,0.001,0.000,4,129,0,bernoulli,8.0000,0.001000
sift1m,10000,128,16,10,0.010000,fixed,8,8,1,0.100000,0.354,0.044,0.299,0.002,0.001,8,269,1,bernoulli,8.0000,0.001000
sift1m,10000,128,16,10,0.010000,fixed,16,16,2,0.200000,0.665,0.040,0.599,0.004,0.004,16,568,2,bernoulli,8.0000,0.001000
sift1m,10000,128,16,10,0.010000,fixed,32,32,4,0.400000,1.155,0.067,1.029,0.008,0.004,32,1049,4,bernoulli,8.0000,0.001000
sift1m,10000,128,16,10,0.010000,fixed,64,64,7,0.400000,2.388,0.079,2.224,0.015,0.002,64,2197,8,bernoulli,8.0000,0.001000
sift1m,10000,128,16,10,0.010000,fixed,128,128,10,0.600000,5.036,0.110,4.739,0.032,0.005,128,4525,20,bernoulli,8.0000,0.001000
sift1m,10000,128,16,10,0.010000,fixed,256,256,10,1.000000,9.574,0.196,9.028,0.065,0.009,256,8876,50,bernoulli,8.0000,0.001000
sift1m,10000,128,16,10,0.010000,fixed,512,512,10,1.000000,18.416,0.346,17.388,0.124,0.023,512,16963,93,bernoulli,8.0000,0.001000
sift1m,10000,128,16,10,0.050000,fixed,4,4,9,0.400000,0.244,0.089,0.146,0.002,0.001,4,129,9,bernoulli,8.0000,0.001000
sift1m,10000,128,16,10,0.050000,fixed,8,8,10,0.600000,0.337,0.037,0.287,0.004,0.001,8,269,19,bernoulli,8.0000,0.001000
sift1m,10000,128,16,10,0.050000,fixed,16,16,10,0.900000,0.646,0.033,0.584,0.007,0.005,16,568,36,bernoulli,8.0000,0.001000
sift1m,10000,128,16,10,0.050000,fixed,32,32,10,1.000000,1.097,0.043,1.007,0.013,0.004,32,1049,62,bernoulli,8.0000,0.001000
sift1m,10000,128,16,10,0.050000,fixed,64,64,10,1.000000,2.452,0.059,2.281,0.027,0.022,64,2197,129,bernoulli,8.0000,0.001000
sift1m,10000,128,16,10,0.050000,fixed,128,128,10,1.000000,5.090,0.116,4.771,0.054,0.015,128,4525,262,bernoulli,8.0000,0.001000
sift1m,10000,128,16,10,0.050000,fixed,256,256,10,1.000000,9.777,0.191,9.189,0.106,0.025,256,8876,490,bernoulli,8.0000,0.001000
sift1m,10000,128,16,10,0.050000,fixed,512,512,10,1.000000,18.651,0.388,17.483,0.202,0.038,512,16963,900,bernoulli,8.0000,0.001000
sift1m,10000,128,16,10,0.100000,fixed,4,4,10,0.400000,0.239,0.094,0.138,0.002,0.001,4,129,13,bernoulli,8.0000,0.001000
sift1m,10000,128,16,10,0.100000,fixed,8,8,10,0.600000,0.339,0.047,0.279,0.004,0.002,8,269,26,bernoulli,8.0000,0.001000
sift1m,10000,128,16,10,0.100000,fixed,16,16,10,1.000000,0.654,0.040,0.586,0.008,0.002,16,568,56,bernoulli,8.0000,0.001000
sift1m,10000,128,16,10,0.100000,fixed,32,32,10,1.000000,1.113,0.046,1.014,0.016,0.004,32,1049,110,bernoulli,8.0000,0.001000
sift1m,10000,128,16,10,0.100000,fixed,64,64,10,1.000000,2.343,0.062,2.177,0.032,0.007,64,2197,215,bernoulli,8.0000,0.001000
sift1m,10000,128,16,10,0.100000,fixed,128,128,10,1.000000,4.886,0.089,4.579,0.065,0.014,128,4525,441,bernoulli,8.0000,0.001000
sift1m,10000,128,16,10,0.100000,fixed,256,256,10,1.000000,9.638,0.182,8.984,0.166,0.030,256,8876,850,bernoulli,8.0000,0.001000
sift1m,10000,128,16,10,0.100000,fixed,512,512,10,1.000000,18.559,0.450,17.288,0.247,0.039,512,16963,1634,bernoulli,8.0000,0.001000
sift1m,10000,128,16,10,0.500000,fixed,4,4,10,0.400000,0.219,0.074,0.133,0.004,0.001,4,129,63,bernoulli,8.0000,0.001000
sift1m,10000,128,16,10,0.500000,fixed,8,8,10,0.700000,0.334,0.042,0.272,0.006,0.002,8,269,129,bernoulli,8.0000,0.001000
sift1m,10000,128,16,10,0.500000,fixed,16,16,10,0.900000,0.632,0.038,0.553,0.012,0.005,16,568,263,bernoulli,8.0000,0.001000
sift1m,10000,128,16,10,0.500000,fixed,32,32,10,1.000000,1.091,0.041,0.977,0.025,0.003,32,1049,502,bernoulli,8.0000,0.001000
sift1m,10000,128,16,10,0.500000,fixed,64,64,10,1.000000,2.393,0.056,2.180,0.054,0.006,64,2197,1093,bernoulli,8.0000,0.001000
sift1m,10000,128,16,10,0.500000,fixed,128,128,10,1.000000,5.038,0.086,4.575,0.114,0.018,128,4525,2312,bernoulli,8.0000,0.001000
sift1m,10000,128,16,10,0.500000,fixed,256,256,10,1.000000,10.046,0.239,9.151,0.231,0.018,256,8876,4483,bernoulli,8.0000,0.001000
sift1m,10000,128,16,10,0.500000,fixed,512,512,10,1.000000,19.184,0.392,17.442,0.458,0.040,512,16963,8448,bernoulli,8.0000,0.001000
sift1m,10000,128,16,10,1.000000,fixed,4,4,10,0.700000,0.243,0.079,0.152,0.005,0.001,4,129,129,bernoulli,8.0000,0.001000
sift1m,10000,128,16,10,1.000000,fixed,8,8,10,0.900000,0.346,0.037,0.289,0.010,0.001,8,269,269,bernoulli,8.0000,0.001000
sift1m,10000,128,16,10,1.000000,fixed,16,16,10,0.900000,0.662,0.033,0.589,0.020,0.002,16,568,568,bernoulli,8.0000,0.001000
sift1m,10000,128,16,10,1.000000,fixed,32,32,10,1.000000,1.126,0.039,1.012,0.037,0.003,32,1049,1049,bernoulli,8.0000,0.001000
sift1m,10000,128,16,10,1.000000,fixed,64,64,10,1.000000,2.701,0.052,2.464,0.079,0.014,64,2197,2197,bernoulli,8.0000,0.001000
sift1m,10000,128,16,10,1.000000,fixed,128,128,10,1.000000,5.344,0.140,4.853,0.167,0.011,128,4525,4525,bernoulli,8.0000,0.001000
sift1m,10000,128,16,10,1.000000,fixed,256,256,10,1.000000,9.858,0.208,9.003,0.328,0.019,256,8876,8876,bernoulli,8.0000,0.001000
sift1m,10000,128,16,10,1.000000,fixed,512,512,10,1.000000,18.684,0.378,17.082,0.629,0.032,512,16963,16963,bernoulli,8.0000,0.001000
sift1m,10000,128,17,10,0.001000,fixed,4,4,0,0.000000,0.245,0.062,0.176,0.001,0.001,4,155,0,bernoulli,8.0000,0.001000
sift1m,10000,128,17,10,0.001000,fixed,8,8,0,0.000000,0.383,0.053,0.316,0.002,0.001,8,304,0,bernoulli,8.0000,0.001000
sift1m,10000,128,17,10,0.001000,fixed,16,16,0,0.000000,0.665,0.047,0.592,0.003,0.003,16,582,0,bernoulli,8.0000,0.001000
sift1m,10000,128,17,10,0.001000,fixed,32,32,0,0.000000,1.278,0.045,1.188,0.006,0.003,32,1190,0,bernoulli,8.0000,0.001000
sift1m,10000,128,17,10,0.001000,fixed,64,64,1,0.100000,2.310,0.055,2.185,0.012,0.001,64,2221,1,bernoulli,8.0000,0.001000
sift1m,10000,128,17,10,0.001000,fixed,128,128,2,0.200000,4.729,0.082,4.508,0.024,0.003,128,4528,2,bernoulli,8.0000,0.001000
sift1m,10000,128,17,10,0.001000,fixed,256,256,5,0.500000,9.341,0.186,8.828,0.091,0.009,256,8787,7,bernoulli,8.0000,0.001000
sift1m,10000,128,17,10,0.001000,fixed,512,512,10,0.900000,18.325,0.366,17.395,0.098,0.017,512,17057,24,bernoulli,8.0000,0.001000
sift1m,10000,128,17,10,0.010000,fixed,4,4,1,0.100000,0.282,0.090,0.184,0.001,0.001,4,155,1,bernoulli,8.0000,0.001000
sift1m,10000,128,17,10,0.010000,fixed,8,8,1,0.100000,0.384,0.045,0.325,0.002,0.001,8,304,1,bernoulli,8.0000,0.001000
sift1m,10000,128,17,10,0.010000,fixed,16,16,4,0.300000,0.700,0.046,0.627,0.004,0.001,16,582,4,bernoulli,8.0000,0.001000
sift1m,10000,128,17,10,0.010000,fixed,32,32,9,0.700000,1.365,0.053,1.257,0.009,0.002,32,1190,11,bernoulli,8.0000,0.001000
sift1m,10000,128,17,10,0.010000,fixed,64,64,10,0.800000,2.520,0.066,2.349,0.017,0.005,64,2221,22,bernoulli,8.0000,0.001000
sift1m,10000,128,17,10,0.010000,fixed,128,128,10,0.900000,4.921,0.115,4.598,0.033,0.007,128,4528,42,bernoulli,8.0000,0.001000
sift1m,10000,128,17,10,0.010000,fixed,256,256,10,1.000000,9.655,0.189,9.030,0.065,0.011,256,8787,79,bernoulli,8.0000,0.001000
sift1m,10000,128,17,10,0.010000,fixed,512,512,10,1.000000,18.273,0.376,17.102,0.128,0.018,512,17057,163,bernoulli,8.0000,0.001000
sift1m,10000,128,17,10,0.050000,fixed,4,4,7,0.400000,0.253,0.069,0.175,0.003,0.001,4,155,7,bernoulli,8.0000,0.001000
sift1m,10000,128,17,10,0.050000,fixed,8,8,10,0.500000,0.430,0.048,0.366,0.004,0.003,8,304,12,bernoulli,8.0000,0.001000
sift1m,10000,128,17,10,0.050000,fixed,16,16,10,0.500000,0.684,0.063,0.594,0.006,0.005,16,582,26,bernoulli,8.0000,0.001000
sift1m,10000,128,17,10,0.050000,fixed,32,32,10,0.700000,1.308,0.059,1.200,0.012,0.003,32,1190,47,bernoulli,8.0000,0.001000
sift1m,10000,128,17,10,0.050000,fixed,64,64,10,1.000000,2.508,0.064,2.311,0.032,0.014,64,2221,102,bernoulli,8.0000,0.001000
sift1m,10000,128,17,10,0.050000,fixed,128,128,10,1.000000,5.039,0.137,4.708,0.049,0.012,128,4528,198,bernoulli,8.0000,0.001000
sift1m,10000,128,17,10,0.050000,fixed,256,256,10,1.000000,9.672,0.220,9.074,0.094,0.020,256,8787,371,bernoulli,8.0000,0.001000
sift1m,10000,128,17,10,0.050000,fixed,512,512,10,1.000000,18.521,0.365,17.357,0.239,0.041,512,17057,736,bernoulli,8.0000,0.001000
sift1m,10000,128,17,10,0.100000,fixed,4,4,9,0.300000,0.279,0.096,0.175,0.002,0.001,4,155,9,bernoulli,8.0000,0.001000
sift1m,10000,128,17,10,0.100000,fixed,8,8,10,0.300000,0.385,0.044,0.322,0.004,0.002,8,304,22,bernoulli,8.0000,0.001000
sift1m,10000,128,17,10,0.100000,fixed,16,16,10,0.600000,0.684,0.042,0.613,0.008,0.002,16,582,50,bernoulli,8.0000,0.001000
sift1m,10000,128,17,10,0.100000,fixed,32,32,10,0.900000,1.393,0.044,1.284,0.019,0.005,32,1190,118,bernoulli,8.0000,0.001000
sift1m,10000,128,17,10,0.100000,fixed,64,64,10,1.000000,2.483,0.084,2.288,0.036,0.007,64,2221,242,bernoulli,8.0000,0.001000
sift1m,10000,128,17,10,0.100000,fixed,128,128,10,1.000000,5.015,0.108,4.672,0.075,0.015,128,4528,493,bernoulli,8.0000,0.001000
sift1m,10000,128,17,10,0.100000,fixed,256,256,10,1.000000,9.742,0.220,9.084,0.138,0.026,256,8787,917,bernoulli,8.0000,0.001000
sift1m,10000,128,17,10,0.100000,fixed,512,512,10,1.000000,18.660,0.391,17.419,0.267,0.038,512,17057,1701,bernoulli,8.0000,0.001000
sift1m,10000,128,17,10,0.500000,fixed,4,4,10,0.900000,0.265,0.077,0.173,0.005,0.002,4,155,86,bernoulli,8.0000,0.001000
sift1m,10000,128,17,10,0.500000,fixed,8,8,10,1.000000,0.385,0.040,0.323,0.007,0.002,8,304,157,bernoulli,8.0000,0.001000
sift1m,10000,128,17,10,0.500000,fixed,16,16,10,1.000000,0.678,0.037,0.600,0.014,0.003,16,582,301,bernoulli,8.0000,0.001000
sift1m,10000,128,17,10,0.500000,fixed,32,32,10,1.000000,1.359,0.043,1.232,0.029,0.004,32,1190,605,bernoulli,8.0000,0.001000
sift1m,10000,128,17,10,0.500000,fixed,64,64,10,1.000000,2.615,0.057,2.387,0.058,0.010,64,2221,1135,bernoulli,8.0000,0.001000
sift1m,10000,128,17,10,0.500000,fixed,128,128,10,1.000000,5.011,0.125,4.551,0.118,0.011,128,4528,2310,bernoulli,8.0000,0.001000
sift1m,10000,128,17,10,0.500000,fixed,256,256,10,1.000000,9.841,0.180,9.006,0.228,0.026,256,8787,4518,bernoulli,8.0000,0.001000
sift1m,10000,128,17,10,0.500000,fixed,512,512,10,1.000000,18.931,0.431,17.232,0.452,0.031,512,17057,8735,bernoulli,8.0000,0.001000
sift1m,10000,128,17,10,1.000000,fixed,4,4,10,0.800000,0.244,0.060,0.171,0.007,0.001,4,155,155,bernoulli,8.0000,0.001000
sift1m,10000,128,17,10,1.000000,fixed,8,8,10,0.900000,0.389,0.038,0.328,0.011,0.002,8,304,304,bernoulli,8.0000,0.001000
sift1m,10000,128,17,10,1.000000,fixed,16,16,10,0.900000,0.757,0.067,0.642,0.023,0.006,16,582,582,bernoulli,8.0000,0.001000
sift1m,10000,128,17,10,1.000000,fixed,32,32,10,0.900000,1.366,0.057,1.223,0.043,0.004,32,1190,1190,bernoulli,8.0000,0.001000
sift1m,10000,128,17,10,1.000000,fixed,64,64,10,1.000000,2.459,0.068,2.211,0.080,0.010,64,2221,2221,bernoulli,8.0000,0.001000
sift1m,10000,128,17,10,1.000000,fixed,128,128,10,1.000000,4.999,0.093,4.577,0.166,0.014,128,4528,4528,bernoulli,8.0000,0.001000
sift1m,10000,128,17,10,1.000000,fixed,256,256,10,1.000000,9.651,0.171,8.853,0.323,0.018,256,8787,8787,bernoulli,8.0000,0.001000
sift1m,10000,128,17,10,1.000000,fixed,512,512,10,1.000000,19.506,0.359,17.697,0.635,0.038,512,17057,17057,bernoulli,8.0000,0.001000
sift1m,10000,128,18,10,0.001000,fixed,4,4,0,0.000000,0.263,0.095,0.162,0.001,0.001,4,147,0,bernoulli,8.0000,0.001000
sift1m,10000,128,18,10,0.001000,fixed,8,8,0,0.000000,0.318,0.046,0.262,0.001,0.000,8,267,0,bernoulli,8.0000,0.001000
sift1m,10000,128,18,10,0.001000,fixed,16,16,1,0.166667,0.624,0.041,0.566,0.003,0.001,16,560,1,bernoulli,8.0000,0.001000
sift1m,10000,128,18,10,0.001000,fixed,32,32,1,0.166667,1.197,0.045,1.117,0.005,0.002,32,1103,1,bernoulli,8.0000,0.001000
sift1m,10000,128,18,10,0.001000,fixed,64,64,1,0.166667,2.474,0.058,2.341,0.012,0.002,64,2188,1,bernoulli,8.0000,0.001000
sift1m,10000,128,18,10,0.001000,fixed,128,128,3,0.500000,4.660,0.104,4.418,0.023,0.003,128,4452,3,bernoulli,8.0000,0.001000
sift1m,10000,128,18,10,0.001000,fixed,256,256,4,0.666667,9.583,0.200,9.099,0.048,0.007,256,8986,13,bernoulli,8.0000,0.001000
sift1m,10000,128,18,10,0.001000,fixed,512,512,5,0.833333,19.202,0.360,18.191,0.152,0.013,512,17097,22,bernoulli,8.0000,0.001000
sift1m,10000,128,18,10,0.010000,fixed,4,4,1,0.100000,0.237,0.077,0.153,0.001,0.001,4,147,1,bernoulli,8.0000,0.001000
sift1m,10000,128,18,10,0.010000,fixed,8,8,4,0.400000,0.303,0.042,0.250,0.002,0.001,8,267,4,bernoulli,8.0000,0.001000
sift1m,10000,128,18,10,0.010000,fixed,16,16,6,0.500000,0.602,0.037,0.542,0.004,0.001,16,560,6,bernoulli,8.0000,0.001000
sift1m,10000,128,18,10,0.010000,fixed,32,32,10,0.700000,1.342,0.040,1.246,0.012,0.005,32,1103,16,bernoulli,8.0000,0.001000
sift1m,10000,128,18,10,0.010000,fixed,64,64,10,0.800000,2.359,0.117,2.148,0.019,0.005,64,2188,26,bernoulli,8.0000,0.001000
sift1m,10000,128,18,10,0.010000,fixed,128,128,10,1.000000,4.709,0.110,4.415,0.035,0.007,128,4452,51,bernoulli,8.0000,0.001000
sift1m,10000,128,18,10,0.010000,fixed,256,256,10,1.000000,9.954,0.180,9.362,0.094,0.013,256,8986,102,bernoulli,8.0000,0.001000
sift1m,10000,128,18,10,0.010000,fixed,512,512,10,1.000000,18.734,0.357,17.615,0.165,0.031,512,17097,170,bernoulli,8.0000,0.001000
sift1m,10000,128,18,10,0.050000,fixed,4,4,7,0.200000,0.279,0.100,0.171,0.002,0.001,4,147,7,bernoulli,8.0000,0.001000
sift1m,10000,128,18,10,0.050000,fixed,8,8,10,0.200000,0.325,0.053,0.261,0.003,0.001,8,267,10,bernoulli,8.0000,0.001000
sift1m,10000,128,18,10,0.050000,fixed,16,16,10,0.200000,0.636,0.044,0.567,0.006,0.002,16,560,23,bernoulli,8.0000,0.001000
sift1m,10000,128,18,10,0.050000,fixed,32,32,10,0.800000,1.257,0.050,1.158,0.012,0.004,32,1103,46,bernoulli,8.0000,0.001000
sift1m,10000,128,18,10,0.050000,fixed,64,64,10,1.000000,2.373,0.084,2.193,0.023,0.006,64,2188,106,bernoulli,8.0000,0.001000
sift1m,10000,128,18,10,0.050000,fixed,128,128,10,1.000000,4.718,0.115,4.411,0.048,0.013,128,4452,227,bernoulli,8.0000,0.001000
sift1m,10000,128,18,10,0.050000,fixed,256,256,10,1.000000,9.623,0.212,9.024,0.098,0.021,256,8986,422,bernoulli,8.0000,0.001000
sift1m,10000,128,18,10,0.050000,fixed,512,512,10,1.000000,18.686,0.418,17.539,0.189,0.034,512,17097,799,bernoulli,8.0000,0.001000
sift1m,10000,128,18,10,0.100000,fixed,4,4,10,0.400000,0.206,0.043,0.155,0.003,0.001,4,147,17,bernoulli,8.0000,0.001000
sift1m,10000,128,18,10,0.100000,fixed,8,8,10,0.400000,0.302,0.031,0.256,0.004,0.002,8,267,33,bernoulli,8.0000,0.001000
sift1m,10000,128,18,10,0.100000,fixed,16,16,10,0.700000,0.616,0.030,0.556,0.008,0.005,16,560,58,bernoulli,8.0000,0.001000
sift1m,10000,128,18,10,0.100000,fixed,32,32,10,0.700000,1.279,0.037,1.179,0.016,0.011,32,1103,112,bernoulli,8.0000,0.001000
sift1m,10000,128,18,10,0.100000,fixed,64,64,10,1.000000,2.466,0.118,2.239,0.032,0.010,64,2188,223,bernoulli,8.0000,0.001000
sift1m,10000,128,18,10,0.100000,fixed,128,128,10,1.000000,4.740,0.112,4.391,0.069,0.016,128,4452,444,bernoulli,8.0000,0.001000
sift1m,10000,128,18,10,0.100000,fixed,256,256,10,1.000000,9.483,0.184,8.875,0.130,0.021,256,8986,891,bernoulli,8.0000,0.001000
sift1m,10000,128,18,10,0.100000,fixed,512,512,10,1.000000,18.510,0.350,17.319,0.248,0.048,512,17097,1684,bernoulli,8.0000,0.001000
sift1m,10000,128,18,10,0.500000,fixed,4,4,10,0.800000,0.274,0.097,0.164,0.004,0.001,4,147,80,bernoulli,8.0000,0.001000
sift1m,10000,128,18,10,0.500000,fixed,8,8,10,0.900000,0.325,0.044,0.257,0.007,0.002,8,267,142,bernoulli,8.0000,0.001000
sift1m,10000,128,18,10,0.500000,fixed,16,16,10,1.000000,0.662,0.041,0.581,0.014,0.003,16,560,294,bernoulli,8.0000,0.001000
sift1m,10000,128,18,10,0.500000,fixed,32,32,10,1.000000,1.292,0.045,1.165,0.028,0.005,32,1103,578,bernoulli,8.0000,0.001000
sift1m,10000,128,18,10,0.500000,fixed,64,64,10,1.000000,2.496,0.085,2.248,0.058,0.006,64,2188,1134,bernoulli,8.0000,0.001000
sift1m,10000,128,18,10,0.500000,fixed,128,128,10,1.000000,5.020,0.111,4.586,0.113,0.010,128,4452,2237,bernoulli,8.0000,0.001000
sift1m,10000,128,18,10,0.500000,fixed,256,256,10,1.000000,10.098,0.186,9.210,0.247,0.021,256,8986,4432,bernoulli,8.0000,0.001000
sift1m,10000,128,18,10,0.500000,fixed,512,512,10,1.000000,18.944,0.389,17.210,0.438,0.029,512,17097,8436,bernoulli,8.0000,0.001000
sift1m,10000,128,18,10,1.000000,fixed,4,4,10,0.900000,0.251,0.066,0.172,0.006,0.001,4,147,147,bernoulli,8.0000,0.001000
sift1m,10000,128,18,10,1.000000,fixed,8,8,10,0.900000,0.324,0.038,0.266,0.009,0.002,8,267,267,bernoulli,8.0000,0.001000
sift1m,10000,128,18,10,1.000000,fixed,16,16,10,1.000000,0.670,0.034,0.595,0.019,0.003,16,560,560,bernoulli,8.0000,0.001000
sift1m,10000,128,18,10,1.000000,fixed,32,32,10,1.000000,1.219,0.040,1.100,0.038,0.004,32,1103,1103,bernoulli,8.0000,0.001000
sift1m,10000,128,18,10,1.000000,fixed,64,64,10,1.000000,2.487,0.054,2.237,0.082,0.011,64,2188,2188,bernoulli,8.0000,0.001000
sift1m,10000,128,18,10,1.000000,fixed,128,128,10,1.000000,4.780,0.114,4.354,0.160,0.010,128,4452,4452,bernoulli,8.0000,0.001000
sift1m,10000,128,18,10,1.000000,fixed,256,256,10,1.000000,9.823,0.186,8.958,0.328,0.023,256,8986,8986,bernoulli,8.0000,0.001000
sift1m,10000,128,18,10,1.000000,fixed,512,512,10,1.000000,19.876,0.362,18.061,0.663,0.036,512,17097,17097,bernoulli,8.0000,0.001000
sift1m,10000,128,19,10,0.001000,fixed,4,4,0,0.000000,0.341,0.123,0.211,0.001,0.001,4,174,0,bernoulli,8.0000,0.001000
sift1m,10000,128,19,10,0.001000,fixed,8,8,0,0.000000,0.467,0.053,0.401,0.002,0.001,8,343,0,bernoulli,8.0000,0.001000
sift1m,10000,128,19,10,0.001000,fixed,16,16,0,0.000000,0.750,0.053,0.676,0.003,0.001,16,626,0,bernoulli,8.0000,0.001000
sift1m,10000,128,19,10,0.001000,fixed,32,32,0,0.000000,1.314,0.052,1.223,0.007,0.001,32,1184,0,bernoulli,8.0000,0.001000
sift1m,10000,128,19,10,0.001000,fixed,64,64,0,0.000000,2.532,0.066,2.387,0.013,0.002,64,2282,0,bernoulli,8.0000,0.001000
sift1m,10000,128,19,10,0.001000,fixed,128,128,1,0.100000,5.066,0.127,4.787,0.027,0.003,128,4543,1,bernoulli,8.0000,0.001000
sift1m,10000,128,19,10,0.001000,fixed,256,256,1,0.100000,9.602,0.195,9.105,0.053,0.006,256,8804,2,bernoulli,8.0000,0.001000
sift1m,10000,128,19,10,0.001000,fixed,512,512,7,0.700000,19.318,0.412,18.313,0.111,0.016,512,17069,11,bernoulli,8.0000,0.001000
sift1m,10000,128,19,10,0.010000,fixed,4,4,1,0.100000,0.317,0.108,0.202,0.002,0.001,4,174,1,bernoulli,8.0000,0.001000
sift1m,10000,128,19,10,0.010000,fixed,8,8,3,0.300000,0.447,0.050,0.383,0.002,0.001,8,343,3,bernoulli,8.0000,0.001000
sift1m,10000,128,19,10,0.010000,fixed,16,16,5,0.500000,0.768,0.041,0.696,0.005,0.004,16,626,5,bernoulli,8.0000,0.001000
sift1m,10000,128,19,10,0.010000,fixed,32,32,8,0.600000,1.351,0.145,1.158,0.009,0.003,32,1184,10,bernoulli,8.0000,0.001000
sift1m,10000,128,19,10,0.010000,fixed,64,64,10,0.600000,2.390,0.099,2.207,0.016,0.003,64,2282,15,bernoulli,8.0000,0.001000
sift1m,10000,128,19,10,0.010000,fixed,128,128,10,0.900000,5.180,0.106,4.880,0.047,0.011,128,4543,36,bernoulli,8.0000,0.001000
sift1m,10000,128,19,10,0.010000,fixed,256,256,10,1.000000,9.679,0.253,9.078,0.073,0.012,256,8804,63,bernoulli,8.0000,0.001000
sift1m,10000,128,19,10,0.010000,fixed,512,512,10,1.000000,18.408,0.428,17.313,0.148,0.018,512,17069,125,bernoulli,8.0000,0.001000
sift1m,10000,128,19,10,0.050000,fixed,4,4,7,0.200000,0.300,0.076,0.216,0.002,0.001,4,174,8,bernoulli,8.0000,0.001000
sift1m,10000,128,19,10,0.050000,fixed,8,8,10,0.300000,0.455,0.050,0.389,0.004,0.002,8,343,17,bernoulli,8.0000,0.001000
sift1m,10000,128,19,10,0.050000,fixed,16,16,10,0.500000,0.775,0.048,0.694,0.007,0.003,16,626,30,bernoulli,8.0000,0.001000
sift1m,10000,128,19,10,0.050000,fixed,32,32,10,0.700000,1.354,0.055,1.243,0.013,0.005,32,1184,55,bernoulli,8.0000,0.001000
sift1m,10000,128,19,10,0.050000,fixed,64,64,10,1.000000,2.486,0.072,2.316,0.023,0.009,64,2282,94,bernoulli,8.0000,0.001000
sift1m,10000,128,19,10,0.050000,fixed,128,128,10,1.000000,5.128,0.095,4.830,0.051,0.012,128,4543,204,bernoulli,8.0000,0.001000
sift1m,10000,128,19,10,0.050000,fixed,256,256,10,1.000000,9.209,0.191,8.633,0.098,0.028,256,8804,410,bernoulli,8.0000,0.001000
sift1m,10000,128,19,10,0.050000,fixed,512,512,10,1.000000,18.078,0.420,16.901,0.211,0.038,512,17069,779,bernoulli,8.0000,0.001000
sift1m,10000,128,19,10,0.100000,fixed,4,4,10,0.400000,0.249,0.060,0.180,0.003,0.001,4,174,17,bernoulli,8.0000,0.001000
sift1m,10000,128,19,10,0.100000,fixed,8,8,10,0.700000,0.413,0.041,0.354,0.005,0.003,8,343,38,bernoulli,8.0000,0.001000
sift1m,10000,128,19,10,0.100000,fixed,16,16,10,0.800000,0.790,0.037,0.702,0.019,0.006,16,626,68,bernoulli,8.0000,0.001000
sift1m,10000,128,19,10,0.100000,fixed,32,32,10,1.000000,1.394,0.116,1.211,0.025,0.005,32,1184,120,bernoulli,8.0000,0.001000
sift1m,10000,128,19,10,0.100000,fixed,64,64,10,1.000000,2.563,0.079,2.362,0.040,0.008,64,2282,232,bernoulli,8.0000,0.001000
sift1m,10000,128,19,10,0.100000,fixed,128,128,10,1.000000,5.052,0.118,4.686,0.073,0.016,128,4543,473,bernoulli,8.0000,0.001000
sift1m,10000,128,19,10,0.100000,fixed,256,256,10,1.000000,9.491,0.191,8.875,0.132,0.021,256,8804,928,bernoulli,8.0000,0.001000
sift1m,10000,128,19,10,0.100000,fixed,512,512,10,1.000000,18.592,0.363,17.367,0.252,0.044,512,17069,1716,bernoulli,8.0000,0.001000
sift1m,10000,128,19,10,0.500000,fixed,4,4,10,1.000000,0.287,0.084,0.189,0.005,0.001,4,174,82,bernoulli,8.0000,0.001000
sift1m,10000,128,19,10,0.500000,fixed,8,8,10,1.000000,0.434,0.044,0.364,0.008,0.002,8,343,157,bernoulli,8.0000,0.001000
sift1m,10000,128,19,10,0.500000,fixed,16,16,10,1.000000,0.720,0.043,0.636,0.013,0.003,16,626,293,bernoulli,8.0000,0.001000
sift1m,10000,128,19,10,0.500000,fixed,32,32,10,1.000000,1.306,0.045,1.178,0.028,0.004,32,1184,597,bernoulli,8.0000,0.001000
sift1m,10000,128,19,10,0.500000,fixed,64,64,10,1.000000,2.576,0.063,2.294,0.077,0.012,64,2282,1118,bernoulli,8.0000,0.001000
sift1m,10000,128,19,10,0.500000,fixed,128,128,10,1.000000,5.109,0.107,4.646,0.117,0.017,128,4543,2282,bernoulli,8.0000,0.001000
sift1m,10000,128,19,10,0.500000,fixed,256,256,10,1.000000,9.647,0.172,8.815,0.223,0.029,256,8804,4415,bernoulli,8.0000,0.001000
sift1m,10000,128,19,10,0.500000,fixed,512,512,10,1.000000,19.354,0.424,17.646,0.444,0.034,512,17069,8584,bernoulli,8.0000,0.001000
sift1m,10000,128,19,10,1.000000,fixed,4,4,10,0.900000,0.270,0.064,0.192,0.007,0.001,4,174,174,bernoulli,8.0000,0.001000
sift1m,10000,128,19,10,1.000000,fixed,8,8,10,0.900000,0.443,0.043,0.369,0.012,0.002,8,343,343,bernoulli,8.0000,0.001000
sift1m,10000,128,19,10,1.000000,fixed,16,16,10,1.000000,0.737,0.039,0.652,0.021,0.006,16,626,626,bernoulli,8.0000,0.001000
sift1m,10000,128,19,10,1.000000,fixed,32,32,10,1.000000,1.314,0.043,1.189,0.042,0.004,32,1184,1184,bernoulli,8.0000,0.001000
sift1m,10000,128,19,10,1.000000,fixed,64,64,10,1.000000,2.540,0.056,2.314,0.084,0.011,64,2282,2282,bernoulli,8.0000,0.001000
sift1m,10000,128,19,10,1.000000,fixed,128,128,10,1.000000,5.071,0.110,4.637,0.164,0.014,128,4543,4543,bernoulli,8.0000,0.001000
sift1m,10000,128,19,10,1.000000,fixed,256,256,10,1.000000,9.830,0.177,8.965,0.339,0.020,256,8804,8804,bernoulli,8.0000,0.001000
sift1m,10000,128,19,10,1.000000,fixed,512,512,10,1.000000,19.215,0.352,17.528,0.640,0.041,512,17069,17069,bernoulli,8.0000,0.001000
sift1m,10000,128,20,10,0.001000,fixed,4,4,0,0.000000,0.227,0.099,0.123,0.001,0.001,4,124,0,bernoulli,8.0000,0.001000
sift1m,10000,128,20,10,0.001000,fixed,8,8,0,0.000000,0.328,0.047,0.272,0.001,0.000,8,267,0,bernoulli,8.0000,0.001000
sift1m,10000,128,20,10,0.001000,fixed,16,16,0,0.000000,0.533,0.039,0.479,0.003,0.001,16,505,0,bernoulli,8.0000,0.001000
sift1m,10000,128,20,10,0.001000,fixed,32,32,2,0.250000,0.972,0.043,0.897,0.006,0.001,32,984,3,bernoulli,8.0000,0.001000
sift1m,10000,128,20,10,0.001000,fixed,64,64,2,0.250000,2.188,0.057,2.062,0.011,0.003,64,1996,3,bernoulli,8.0000,0.001000
sift1m,10000,128,20,10,0.001000,fixed,128,128,2,0.250000,4.606,0.126,4.338,0.024,0.004,128,4171,4,bernoulli,8.0000,0.001000
sift1m,10000,128,20,10,0.001000,fixed,256,256,4,0.500000,9.153,0.190,8.683,0.047,0.007,256,8580,9,bernoulli,8.0000,0.001000
sift1m,10000,128,20,10,0.001000,fixed,512,512,6,0.750000,18.446,0.490,17.357,0.143,0.011,512,17129,18,bernoulli,8.0000,0.001000
sift1m,10000,128,20,10,0.010000,fixed,4,4,1,0.100000,0.188,0.066,0.116,0.001,0.001,4,124,1,bernoulli,8.0000,0.001000
sift1m,10000,128,20,10,0.010000,fixed,8,8,3,0.300000,0.309,0.041,0.256,0.002,0.001,8,267,3,bernoulli,8.0000,0.001000
sift1m,10000,128,20,10,0.010000,fixed,16,16,3,0.300000,0.530,0.035,0.474,0.004,0.001,16,505,4,bernoulli,8.0000,0.001000
sift1m,10000,128,20,10,0.010000,fixed,32,32,6,0.600000,1.139,0.038,1.043,0.018,0.005,32,984,8,bernoulli,8.0000,0.001000
sift1m,10000,128,20,10,0.010000,fixed,64,64,9,0.700000,2.044,0.089,1.865,0.018,0.004,64,1996,19,bernoulli,8.0000,0.001000
sift1m,10000,128,20,10,0.010000,fixed,128,128,10,1.000000,4.383,0.082,4.120,0.033,0.007,128,4171,42,bernoulli,8.0000,0.001000
sift1m,10000,128,20,10,0.010000,fixed,256,256,10,1.000000,9.168,0.182,8.599,0.072,0.012,256,8580,77,bernoulli,8.0000,0.001000
sift1m,10000,128,20,10,0.010000,fixed,512,512,10,1.000000,18.857,0.366,17.672,0.194,0.018,512,17129,148,bernoulli,8.0000,0.001000
sift1m,10000,128,20,10,0.050000,fixed,4,4,7,0.600000,0.184,0.058,0.118,0.002,0.001,4,124,8,bernoulli,8.0000,0.001000
sift1m,10000,128,20,10,0.050000,fixed,8,8,10,0.700000,0.311,0.042,0.257,0.003,0.002,8,267,14,bernoulli,8.0000,0.001000
sift1m,10000,128,20,10,0.050000,fixed,16,16,10,1.000000,0.551,0.037,0.488,0.006,0.003,16,505,30,bernoulli,8.0000,0.001000
sift1m,10000,128,20,10,0.050000,fixed,32,32,10,1.000000,1.210,0.042,1.090,0.015,0.005,32,984,65,bernoulli,8.0000,0.001000
sift1m,10000,128,20,10,0.050000,fixed,64,64,10,1.000000,2.110,0.081,1.936,0.024,0.007,64,1996,109,bernoulli,8.0000,0.001000
sift1m,10000,128,20,10,0.050000,fixed,128,128,10,1.000000,4.654,0.103,4.347,0.053,0.018,128,4171,248,bernoulli,8.0000,0.001000
sift1m,10000,128,20,10,0.050000,fixed,256,256,10,1.000000,9.560,0.265,8.856,0.135,0.032,256,8580,514,bernoulli,8.0000,0.001000
sift1m,10000,128,20,10,0.050000,fixed,512,512,10,1.000000,18.425,0.369,17.255,0.206,0.062,512,17129,983,bernoulli,8.0000,0.001000
sift1m,10000,128,20,10,0.100000,fixed,4,4,10,0.700000,0.241,0.098,0.135,0.002,0.001,4,124,16,bernoulli,8.0000,0.001000
sift1m,10000,128,20,10,0.100000,fixed,8,8,10,0.900000,0.343,0.050,0.279,0.004,0.002,8,267,30,bernoulli,8.0000,0.001000
sift1m,10000,128,20,10,0.100000,fixed,16,16,10,1.000000,0.544,0.039,0.476,0.007,0.006,16,505,54,bernoulli,8.0000,0.001000
sift1m,10000,128,20,10,0.100000,fixed,32,32,10,1.000000,0.995,0.041,0.903,0.015,0.004,32,984,114,bernoulli,8.0000,0.001000
sift1m,10000,128,20,10,0.100000,fixed,64,64,10,1.000000,2.099,0.054,1.922,0.032,0.012,64,1996,237,bernoulli,8.0000,0.001000
sift1m,10000,128,20,10,0.100000,fixed,128,128,10,1.000000,4.846,0.153,4.438,0.066,0.022,128,4171,461,bernoulli,8.0000,0.001000
sift1m,10000,128,20,10,0.100000,fixed,256,256,10,1.000000,9.731,0.252,9.043,0.136,0.023,256,8580,880,bernoulli,8.0000,0.001000
sift1m,10000,128,20,10,0.100000,fixed,512,512,10,1.000000,18.696,0.387,17.478,0.245,0.042,512,17129,1630,bernoulli,8.0000,0.001000
sift1m,10000,128,20,10,0.500000,fixed,4,4,10,0.800000,0.213,0.077,0.125,0.003,0.001,4,124,56,bernoulli,8.0000,0.001000
sift1m,10000,128,20,10,0.500000,fixed,8,8,10,0.900000,0.320,0.035,0.266,0.006,0.002,8,267,113,bernoulli,8.0000,0.001000
sift1m,10000,128,20,10,0.500000,fixed,16,16,10,0.900000,0.559,0.032,0.492,0.011,0.003,16,505,227,bernoulli,8.0000,0.001000
sift1m,10000,128,20,10,0.500000,fixed,32,32,10,0.900000,1.038,0.037,0.930,0.023,0.004,32,984,486,bernoulli,8.0000,0.001000
sift1m,10000,128,20,10,0.500000,fixed,64,64,10,0.900000,2.510,0.053,2.266,0.054,0.015,64,1996,1013,bernoulli,8.0000,0.001000
sift1m,10000,128,20,10,0.500000,fixed,128,128,10,1.000000,5.001,0.163,4.502,0.110,0.015,128,4171,2125,bernoulli,8.0000,0.001000
sift1m,10000,128,20,10,0.500000,fixed,256,256,10,1.000000,9.964,0.192,9.078,0.229,0.029,256,8580,4406,bernoulli,8.0000,0.001000
sift1m,10000,128,20,10,0.500000,fixed,512,512,10,1.000000,19.314,0.464,17.547,0.455,0.031,512,17129,8780,bernoulli,8.0000,0.001000
sift1m,10000,128,20,10,1.000000,fixed,4,4,10,1.000000,0.232,0.095,0.125,0.006,0.001,4,124,124,bernoulli,8.0000,0.001000
sift1m,10000,128,20,10,1.000000,fixed,8,8,10,1.000000,0.325,0.043,0.262,0.009,0.002,8,267,267,bernoulli,8.0000,0.001000
sift1m,10000,128,20,10,1.000000,fixed,16,16,10,1.000000,0.573,0.039,0.494,0.019,0.003,16,505,505,bernoulli,8.0000,0.001000
sift1m,10000,128,20,10,1.000000,fixed,32,32,10,1.000000,1.029,0.043,0.912,0.036,0.004,32,984,984,bernoulli,8.0000,0.001000
sift1m,10000,128,20,10,1.000000,fixed,64,64,10,1.000000,2.428,0.057,2.195,0.076,0.011,64,1996,1996,bernoulli,8.0000,0.001000
sift1m,10000,128,20,10,1.000000,fixed,128,128,10,1.000000,4.577,0.155,4.086,0.167,0.015,128,4171,4171,bernoulli,8.0000,0.001000
sift1m,10000,128,20,10,1.000000,fixed,256,256,10,1.000000,9.586,0.198,8.733,0.330,0.017,256,8580,8580,bernoulli,8.0000,0.001000
sift1m,10000,128,20,10,1.000000,fixed,512,512,10,1.000000,19.440,0.369,17.740,0.644,0.039,512,17129,17129,bernoulli,8.0000,0.001000
sift1m,10000,128,21,10,0.001000,fixed,4,4,0,0.000000,0.330,0.117,0.205,0.001,0.001,4,166,0,bernoulli,8.0000,0.001000
sift1m,10000,128,21,10,0.001000,fixed,8,8,1,0.142857,0.443,0.060,0.368,0.002,0.001,8,322,1,bernoulli,8.0000,0.001000
sift1m,10000,128,21,10,0.001000,fixed,16,16,1,0.142857,0.817,0.059,0.737,0.003,0.001,16,617,1,bernoulli,8.0000,0.001000
sift1m,10000,128,21,10,0.001000,fixed,32,32,1,0.142857,1.429,0.064,1.325,0.006,0.001,32,1222,1,bernoulli,8.0000,0.001000
sift1m,10000,128,21,10,0.001000,fixed,64,64,1,0.142857,2.616,0.071,2.460,0.013,0.006,64,2307,2,bernoulli,8.0000,0.001000
sift1m,10000,128,21,10,0.001000,fixed,128,128,2,0.285714,5.339,0.133,5.053,0.025,0.007,128,4585,3,bernoulli,8.0000,0.001000
sift1m,10000,128,21,10,0.001000,fixed,256,256,4,0.571429,10.230,0.207,9.687,0.054,0.010,256,8866,7,bernoulli,8.0000,0.001000
sift1m,10000,128,21,10,0.001000,fixed,512,512,5,0.714286,18.457,0.441,17.451,0.096,0.013,512,16982,14,bernoulli,8.0000,0.001000
sift1m,10000,128,21,10,0.010000,fixed,4,4,4,0.300000,0.318,0.108,0.199,0.002,0.001,4,166,4,bernoulli,8.0000,0.001000
sift1m,10000,128,21,10,0.010000,fixed,8,8,5,0.400000,0.419,0.052,0.349,0.002,0.001,8,322,5,bernoulli,8.0000,0.001000
sift1m,10000,128,21,10,0.010000,fixed,16,16,10,0.500000,0.718,0.050,0.636,0.005,0.002,16,617,10,bernoulli,8.0000,0.001000
sift1m,10000,128,21,10,0.010000,fixed,32,32,10,0.800000,1.381,0.047,1.267,0.010,0.004,32,1222,17,bernoulli,8.0000,0.001000
sift1m,10000,128,21,10,0.010000,fixed,64,64,10,0.900000,2.480,0.104,2.257,0.017,0.005,64,2307,34,bernoulli,8.0000,0.001000
sift1m,10000,128,21,10,0.010000,fixed,128,128,10,1.000000,5.070,0.103,4.725,0.034,0.012,128,4585,72,bernoulli,8.0000,0.001000
sift1m,10000,128,21,10,0.010000,fixed,256,256,10,1.000000,9.742,0.183,9.067,0.070,0.022,256,8866,128,bernoulli,8.0000,0.001000
sift1m,10000,128,21,10,0.010000,fixed,512,512,10,1.000000,18.799,0.432,17.416,0.140,0.028,512,16982,200,bernoulli,8.0000,0.001000
sift1m,10000,128,21,10,0.050000,fixed,4,4,7,0.200000,0.299,0.101,0.190,0.002,0.001,4,166,7,bernoulli,8.0000,0.001000
sift1m,10000,128,21,10,0.050000,fixed,8,8,10,0.300000,0.413,0.051,0.346,0.004,0.002,8,322,18,bernoulli,8.0000,0.001000
sift1m,10000,128,21,10,0.050000,fixed,16,16,10,0.800000,0.727,0.045,0.655,0.007,0.003,16,617,33,bernoulli,8.0000,0.001000
sift1m,10000,128,21,10,0.050000,fixed,32,32,10,0.900000,1.407,0.051,1.298,0.013,0.004,32,1222,54,bernoulli,8.0000,0.001000
sift1m,10000,128,21,10,0.050000,fixed,64,64,10,1.000000,2.708,0.065,2.536,0.026,0.009,64,2307,98,bernoulli,8.0000,0.001000
sift1m,10000,128,21,10,0.050000,fixed,128,128,10,1.000000,5.302,0.116,4.951,0.062,0.018,128,4585,214,bernoulli,8.0000,0.001000
sift1m,10000,128,21,10,0.050000,fixed,256,256,10,1.000000,9.649,0.272,8.950,0.095,0.022,256,8866,412,bernoulli,8.0000,0.001000
sift1m,10000,128,21,10,0.050000,fixed,512,512,10,1.000000,18.340,0.395,17.198,0.208,0.040,512,16982,828,bernoulli,8.0000,0.001000
sift1m,10000,128,21,10,0.100000,fixed,4,4,10,0.400000,0.280,0.085,0.186,0.002,0.001,4,166,10,bernoulli,8.0000,0.001000
sift1m,10000,128,21,10,0.100000,fixed,8,8,10,0.700000,0.397,0.046,0.336,0.004,0.002,8,322,29,bernoulli,8.0000,0.001000
sift1m,10000,128,21,10,0.100000,fixed,16,16,10,0.800000,0.754,0.039,0.681,0.011,0.004,16,617,77,bernoulli,8.0000,0.001000
sift1m,10000,128,21,10,0.100000,fixed,32,32,10,1.000000,1.423,0.072,1.289,0.019,0.005,32,1222,146,bernoulli,8.0000,0.001000
sift1m,10000,128,21,10,0.100000,fixed,64,64,10,1.000000,2.585,0.078,2.397,0.034,0.008,64,2307,246,bernoulli,8.0000,0.001000
sift1m,10000,128,21,10,0.100000,fixed,128,128,10,1.000000,5.085,0.102,4.764,0.067,0.014,128,4585,466,bernoulli,8.0000,0.001000
sift1m,10000,128,21,10,0.100000,fixed,256,256,10,1.000000,9.584,0.184,8.964,0.131,0.027,256,8866,900,bernoulli,8.0000,0.001000
sift1m,10000,128,21,10,0.100000,fixed,512,512,10,1.000000,18.367,0.381,17.147,0.250,0.039,512,16982,1717,bernoulli,8.0000,0.001000
sift1m,10000,128,21,10,0.500000,fixed,4,4,10,0.900000,0.358,0.110,0.233,0.005,0.002,4,166,77,bernoulli,8.0000,0.001000
sift1m,10000,128,21,10,0.500000,fixed,8,8,10,1.000000,0.406,0.053,0.330,0.008,0.002,8,322,154,bernoulli,8.0000,0.001000
sift1m,10000,128,21,10,0.500000,fixed,16,16,10,1.000000,0.710,0.043,0.625,0.014,0.003,16,617,294,bernoulli,8.0000,0.001000
sift1m,10000,128,21,10,0.500000,fixed,32,32,10,1.000000,1.337,0.050,1.203,0.029,0.005,32,1222,596,bernoulli,8.0000,0.001000
sift1m,10000,128,21,10,0.500000,fixed,64,64,10,1.000000,2.473,0.060,2.250,0.055,0.008,64,2307,1114,bernoulli,8.0000,0.001000
sift1m,10000,128,21,10,0.500000,fixed,128,128,10,1.000000,5.081,0.090,4.656,0.110,0.021,128,4585,2184,bernoulli,8.0000,0.001000
sift1m,10000,128,21,10,0.500000,fixed,256,256,10,1.000000,9.662,0.271,8.726,0.233,0.022,256,8866,4205,bernoulli,8.0000,0.001000
sift1m,10000,128,21,10,0.500000,fixed,512,512,10,1.000000,18.437,0.410,16.790,0.423,0.036,512,16982,8203,bernoulli,8.0000,0.001000
sift1m,10000,128,21,10,1.000000,fixed,4,4,10,1.000000,0.268,0.055,0.195,0.007,0.001,4,166,166,bernoulli,8.0000,0.001000
sift1m,10000,128,21,10,1.000000,fixed,8,8,10,1.000000,0.471,0.042,0.370,0.035,0.007,8,322,322,bernoulli,8.0000,0.001000
sift1m,10000,128,21,10,1.000000,fixed,16,16,10,1.000000,0.790,0.088,0.643,0.025,0.003,16,617,617,bernoulli,8.0000,0.001000
sift1m,10000,128,21,10,1.000000,fixed,32,32,10,1.000000,1.422,0.060,1.254,0.048,0.005,32,1222,1222,bernoulli,8.0000,0.001000
sift1m,10000,128,21,10,1.000000,fixed,64,64,10,1.000000,2.536,0.076,2.288,0.084,0.007,64,2307,2307,bernoulli,8.0000,0.001000
sift1m,10000,128,21,10,1.000000,fixed,128,128,10,1.000000,5.221,0.106,4.785,0.171,0.011,128,4585,4585,bernoulli,8.0000,0.001000
sift1m,10000,128,21,10,1.000000,fixed,256,256,10,1.000000,9.882,0.191,9.035,0.329,0.023,256,8866,8866,bernoulli,8.0000,0.001000
sift1m,10000,128,21,10,1.000000,fixed,512,512,10,1.000000,18.802,0.368,17.125,0.648,0.034,512,16982,16982,bernoulli,8.0000,0.001000
sift1m,10000,128,22,10,0.001000,fixed,4,4,0,0.000000,0.197,0.093,0.099,0.001,0.001,4,100,0,bernoulli,8.0000,0.001000
sift1m,10000,128,22,10,0.001000,fixed,8,8,0,0.000000,0.309,0.047,0.252,0.001,0.002,8,244,0,bernoulli,8.0000,0.001000
sift1m,10000,128,22,10,0.001000,fixed,16,16,0,0.000000,0.639,0.043,0.568,0.003,0.002,16,552,0,bernoulli,8.0000,0.001000
sift1m,10000,128,22,10,0.001000,fixed,32,32,1,0.166667,1.247,0.074,1.134,0.006,0.004,32,1086,1,bernoulli,8.0000,0.001000
sift1m,10000,128,22,10,0.001000,fixed,64,64,1,0.166667,2.581,0.075,2.428,0.013,0.002,64,2260,1,bernoulli,8.0000,0.001000
sift1m,10000,128,22,10,0.001000,fixed,128,128,2,0.333333,4.972,0.113,4.712,0.023,0.003,128,4618,4,bernoulli,8.0000,0.001000
sift1m,10000,128,22,10,0.001000,fixed,256,256,2,0.333333,9.775,0.184,9.298,0.050,0.006,256,9085,10,bernoulli,8.0000,0.001000
sift1m,10000,128,22,10,0.001000,fixed,512,512,4,0.666667,18.395,0.370,17.462,0.101,0.011,512,16965,13,bernoulli,8.0000,0.001000
sift1m,10000,128,22,10,0.010000,fixed,4,4,3,0.300000,0.196,0.084,0.106,0.001,0.001,4,100,3,bernoulli,8.0000,0.001000
sift1m,10000,128,22,10,0.010000,fixed,8,8,3,0.300000,0.325,0.051,0.262,0.002,0.001,8,244,4,bernoulli,8.0000,0.001000
sift1m,10000,128,22,10,0.010000,fixed,16,16,4,0.400000,0.664,0.044,0.594,0.004,0.002,16,552,8,bernoulli,8.0000,0.001000
sift1m,10000,128,22,10,0.010000,fixed,32,32,10,0.600000,1.286,0.091,1.134,0.014,0.005,32,1086,25,bernoulli,8.0000,0.001000
sift1m,10000,128,22,10,0.010000,fixed,64,64,10,1.000000,2.438,0.100,2.239,0.017,0.006,64,2260,46,bernoulli,8.0000,0.001000
sift1m,10000,128,22,10,0.010000,fixed,128,128,10,1.000000,5.559,0.110,5.203,0.046,0.014,128,4618,68,bernoulli,8.0000,0.001000
sift1m,10000,128,22,10,0.010000,fixed,256,256,10,1.000000,10.122,0.249,9.475,0.069,0.018,256,9085,128,bernoulli,8.0000,0.001000
sift1m,10000,128,22,10,0.010000,fixed,512,512,10,1.000000,18.641,0.400,17.405,0.230,0.026,512,16965,189,bernoulli,8.0000,0.001000
sift1m,10000,128,22,10,0.050000,fixed,4,4,4,0.200000,0.147,0.052,0.089,0.001,0.001,4,100,4,bernoulli,8.0000,0.001000
sift1m,10000,128,22,10,0.050000,fixed,8,8,10,0.700000,0.286,0.037,0.235,0.004,0.002,8,244,21,bernoulli,8.0000,0.001000
sift1m,10000,128,22,10,0.050000,fixed,16,16,10,0.800000,0.615,0.035,0.553,0.007,0.003,16,552,36,bernoulli,8.0000,0.001000
sift1m,10000,128,22,10,0.050000,fixed,32,32,10,1.000000,1.198,0.039,1.110,0.013,0.005,32,1086,70,bernoulli,8.0000,0.001000
sift1m,10000,128,22,10,0.050000,fixed,64,64,10,1.000000,2.510,0.053,2.351,0.028,0.009,64,2260,134,bernoulli,8.0000,0.001000
sift1m,10000,128,22,10,0.050000,fixed,128,128,10,1.000000,5.280,0.090,4.974,0.060,0.014,128,4618,279,bernoulli,8.0000,0.001000
sift1m,10000,128,22,10,0.050000,fixed,256,256,10,1.000000,10.149,0.196,9.544,0.113,0.023,256,9085,522,bernoulli,8.0000,0.001000
sift1m,10000,128,22,10,0.050000,fixed,512,512,10,1.000000,18.174,0.392,17.028,0.211,0.034,512,16965,927,bernoulli,8.0000,0.001000
sift1m,10000,128,22,10,0.100000,fixed,4,4,10,0.600000,0.171,0.072,0.092,0.002,0.001,4,100,14,bernoulli,8.0000,0.001000
sift1m,10000,128,22,10,0.100000,fixed,8,8,10,0.900000,0.287,0.035,0.238,0.004,0.002,8,244,27,bernoulli,8.0000,0.001000
sift1m,10000,128,22,10,0.100000,fixed,16,16,10,0.900000,0.629,0.035,0.567,0.008,0.003,16,552,55,bernoulli,8.0000,0.001000
sift1m,10000,128,22,10,0.100000,fixed,32,32,10,1.000000,1.186,0.041,1.091,0.016,0.005,32,1086,115,bernoulli,8.0000,0.001000
sift1m,10000,128,22,10,0.100000,fixed,64,64,10,1.000000,2.853,0.054,2.673,0.036,0.015,64,2260,260,bernoulli,8.0000,0.001000
sift1m,10000,128,22,10,0.100000,fixed,128,128,10,1.000000,5.271,0.148,4.854,0.071,0.016,128,4618,529,bernoulli,8.0000,0.001000
sift1m,10000,128,22,10,0.100000,fixed,256,256,10,1.000000,10.031,0.173,9.399,0.151,0.022,256,9085,979,bernoulli,8.0000,0.001000
sift1m,10000,128,22,10,0.100000,fixed,512,512,10,1.000000,19.025,0.351,17.789,0.264,0.049,512,16965,1809,bernoulli,8.0000,0.001000
sift1m,10000,128,22,10,0.500000,fixed,4,4,10,0.700000,0.203,0.094,0.096,0.003,0.001,4,100,44,bernoulli,8.0000,0.001000
sift1m,10000,128,22,10,0.500000,fixed,8,8,10,1.000000,0.306,0.047,0.238,0.006,0.002,8,244,122,bernoulli,8.0000,0.001000
sift1m,10000,128,22,10,0.500000,fixed,16,16,10,1.000000,0.641,0.040,0.558,0.013,0.006,16,552,259,bernoulli,8.0000,0.001000
sift1m,10000,128,22,10,0.500000,fixed,32,32,10,1.000000,1.202,0.048,1.073,0.026,0.005,32,1086,531,bernoulli,8.0000,0.001000
sift1m,10000,128,22,10,0.500000,fixed,64,64,10,1.000000,2.530,0.063,2.299,0.055,0.011,64,2260,1115,bernoulli,8.0000,0.001000
sift1m,10000,128,22,10,0.500000,fixed,128,128,10,1.000000,5.185,0.123,4.728,0.117,0.011,128,4618,2313,bernoulli,8.0000,0.001000
sift1m,10000,128,22,10,0.500000,fixed,256,256,10,1.000000,10.169,0.200,9.306,0.229,0.020,256,9085,4490,bernoulli,8.0000,0.001000
sift1m,10000,128,22,10,0.500000,fixed,512,512,10,1.000000,19.024,0.364,17.310,0.439,0.033,512,16965,8389,bernoulli,8.0000,0.001000
sift1m,10000,128,22,10,1.000000,fixed,4,4,10,0.900000,0.207,0.082,0.114,0.004,0.001,4,100,100,bernoulli,8.0000,0.001000
sift1m,10000,128,22,10,1.000000,fixed,8,8,10,1.000000,0.313,0.037,0.257,0.009,0.002,8,244,244,bernoulli,8.0000,0.001000
sift1m,10000,128,22,10,1.000000,fixed,16,16,10,1.000000,0.665,0.035,0.581,0.027,0.003,16,552,552,bernoulli,8.0000,0.001000
sift1m,10000,128,22,10,1.000000,fixed,32,32,10,1.000000,1.264,0.045,1.141,0.039,0.005,32,1086,1086,bernoulli,8.0000,0.001000
sift1m,10000,128,22,10,1.000000,fixed,64,64,10,1.000000,2.503,0.055,2.284,0.080,0.012,64,2260,2260,bernoulli,8.0000,0.001000
sift1m,10000,128,22,10,1.000000,fixed,128,128,10,1.000000,5.280,0.089,4.826,0.166,0.017,128,4618,4618,bernoulli,8.0000,0.001000
sift1m,10000,128,22,10,1.000000,fixed,256,256,10,1.000000,10.574,0.229,9.661,0.339,0.025,256,9085,9085,bernoulli,8.0000,0.001000
sift1m,10000,128,22,10,1.000000,fixed,512,512,10,1.000000,19.011,0.433,17.321,0.635,0.033,512,16965,16965,bernoulli,8.0000,0.001000
sift1m,10000,128,23,10,0.001000,fixed,4,4,0,0.000000,0.251,0.066,0.179,0.001,0.001,4,164,0,bernoulli,8.0000,0.001000
sift1m,10000,128,23,10,0.001000,fixed,8,8,0,0.000000,0.357,0.045,0.298,0.001,0.001,8,291,0,bernoulli,8.0000,0.001000
sift1m,10000,128,23,10,0.001000,fixed,16,16,0,0.000000,0.712,0.068,0.621,0.003,0.004,16,598,0,bernoulli,8.0000,0.001000
sift1m,10000,128,23,10,0.001000,fixed,32,32,1,0.142857,1.226,0.066,1.109,0.006,0.004,32,1140,1,bernoulli,8.0000,0.001000
sift1m,10000,128,23,10,0.001000,fixed,64,64,1,0.142857,2.302,0.070,2.160,0.011,0.005,64,2196,1,bernoulli,8.0000,0.001000
sift1m,10000,128,23,10,0.001000,fixed,128,128,1,0.142857,4.606,0.093,4.374,0.022,0.003,128,4342,3,bernoulli,8.0000,0.001000
sift1m,10000,128,23,10,0.001000,fixed,256,256,2,0.285714,9.035,0.186,8.568,0.052,0.005,256,8611,4,bernoulli,8.0000,0.001000
sift1m,10000,128,23,10,0.001000,fixed,512,512,5,0.714286,17.745,0.344,16.856,0.086,0.009,512,17005,11,bernoulli,8.0000,0.001000
sift1m,10000,128,23,10,0.010000,fixed,4,4,1,0.100000,0.231,0.047,0.175,0.001,0.001,4,164,1,bernoulli,8.0000,0.001000
sift1m,10000,128,23,10,0.010000,fixed,8,8,1,0.100000,0.341,0.035,0.293,0.002,0.001,8,291,1,bernoulli,8.0000,0.001000
sift1m,10000,128,23,10,0.010000,fixed,16,16,3,0.300000,0.652,0.033,0.592,0.004,0.001,16,598,3,bernoulli,8.0000,0.001000
sift1m,10000,128,23,10,0.010000,fixed,32,32,8,0.500000,1.245,0.038,1.154,0.009,0.002,32,1140,10,bernoulli,8.0000,0.001000
sift1m,10000,128,23,10,0.010000,fixed,64,64,10,0.800000,2.388,0.060,2.224,0.016,0.005,64,2196,26,bernoulli,8.0000,0.001000
sift1m,10000,128,23,10,0.010000,fixed,128,128,10,0.900000,4.634,0.101,4.325,0.032,0.007,128,4342,49,bernoulli,8.0000,0.001000
sift1m,10000,128,23,10,0.010000,fixed,256,256,10,1.000000,9.120,0.179,8.538,0.062,0.013,256,8611,98,bernoulli,8.0000,0.001000
sift1m,10000,128,23,10,0.010000,fixed,512,512,10,1.000000,19.245,0.345,18.051,0.139,0.024,512,17005,189,bernoulli,8.0000,0.001000
sift1m,10000,128,23,10,0.050000,fixed,4,4,7,0.400000,0.305,0.095,0.198,0.002,0.001,4,164,8,bernoulli,8.0000,0.001000
sift1m,10000,128,23,10,0.050000,fixed,8,8,10,0.600000,0.381,0.058,0.297,0.003,0.002,8,291,15,bernoulli,8.0000,0.001000
sift1m,10000,128,23,10,0.050000,fixed,16,16,10,0.800000,0.710,0.049,0.626,0.006,0.002,16,598,27,bernoulli,8.0000,0.001000
sift1m,10000,128,23,10,0.050000,fixed,32,32,10,1.000000,1.442,0.052,1.311,0.013,0.008,32,1140,54,bernoulli,8.0000,0.001000
sift1m,10000,128,23,10,0.050000,fixed,64,64,10,1.000000,2.905,0.124,2.609,0.046,0.008,64,2196,89,bernoulli,8.0000,0.001000
sift1m,10000,128,23,10,0.050000,fixed,128,128,10,1.000000,4.646,0.122,4.258,0.047,0.012,128,4342,188,bernoulli,8.0000,0.001000
sift1m,10000,128,23,10,0.050000,fixed,256,256,10,1.000000,9.517,0.270,8.699,0.094,0.023,256,8611,396,bernoulli,8.0000,0.001000
sift1m,10000,128,23,10,0.050000,fixed,512,512,10,1.000000,18.869,0.385,17.413,0.185,0.032,512,17005,778,bernoulli,8.0000,0.001000
sift1m,10000,128,23,10,0.100000,fixed,4,4,9,0.200000,0.262,0.078,0.175,0.002,0.001,4,164,11,bernoulli,8.0000,0.001000
sift1m,10000,128,23,10,0.100000,fixed,8,8,10,0.600000,0.342,0.040,0.287,0.004,0.002,8,291,26,bernoulli,8.0000,0.001000
sift1m,10000,128,23,10,0.100000,fixed,16,16,10,0.900000,0.645,0.036,0.580,0.008,0.002,16,598,51,bernoulli,8.0000,0.001000
sift1m,10000,128,23,10,0.100000,fixed,32,32,10,1.000000,1.175,0.042,1.078,0.016,0.004,32,1140,97,bernoulli,8.0000,0.001000
sift1m,10000,128,23,10,0.100000,fixed,64,64,10,1.000000,2.288,0.055,2.129,0.030,0.007,64,2196,189,bernoulli,8.0000,0.001000
sift1m,10000,128,23,10,0.100000,fixed,128,128,10,1.000000,4.788,0.084,4.482,0.062,0.016,128,4342,382,bernoulli,8.0000,0.001000
sift1m,10000,128,23,10,0.100000,fixed,256,256,10,1.000000,9.159,0.188,8.554,0.121,0.025,256,8611,791,bernoulli,8.0000,0.001000
sift1m,10000,128,23,10,0.100000,fixed,512,512,10,1.000000,18.787,0.425,17.540,0.241,0.047,512,17005,1543,bernoulli,8.0000,0.001000
sift1m,10000,128,23,10,0.500000,fixed,4,4,10,0.700000,0.264,0.070,0.180,0.005,0.001,4,164,90,bernoulli,8.0000,0.001000
sift1m,10000,128,23,10,0.500000,fixed,8,8,10,0.800000,0.358,0.039,0.297,0.007,0.002,8,291,148,bernoulli,8.0000,0.001000
sift1m,10000,128,23,10,0.500000,fixed,16,16,10,0.800000,0.700,0.035,0.620,0.014,0.003,16,598,301,bernoulli,8.0000,0.001000
sift1m,10000,128,23,10,0.500000,fixed,32,32,10,0.800000,1.277,0.045,1.153,0.027,0.004,32,1140,571,bernoulli,8.0000,0.001000
sift1m,10000,128,23,10,0.500000,fixed,64,64,10,1.000000,2.522,0.060,2.277,0.055,0.016,64,2196,1118,bernoulli,8.0000,0.001000
sift1m,10000,128,23,10,0.500000,fixed,128,128,10,1.000000,5.142,0.169,4.639,0.113,0.014,128,4342,2154,bernoulli,8.0000,0.001000
sift1m,10000,128,23,10,0.500000,fixed,256,256,10,1.000000,9.615,0.214,8.743,0.227,0.021,256,8611,4398,bernoulli,8.0000,0.001000
sift1m,10000,128,23,10,0.500000,fixed,512,512,10,1.000000,18.658,0.372,17.052,0.437,0.032,512,17005,8681,bernoulli,8.0000,0.001000
sift1m,10000,128,23,10,1.000000,fixed,4,4,10,0.700000,0.253,0.058,0.181,0.007,0.001,4,164,164,bernoulli,8.0000,0.001000
sift1m,10000,128,23,10,1.000000,fixed,8,8,10,0.800000,0.355,0.042,0.288,0.011,0.002,8,291,291,bernoulli,8.0000,0.001000
sift1m,10000,128,23,10,1.000000,fixed,16,16,10,0.800000,0.662,0.040,0.578,0.021,0.005,16,598,598,bernoulli,8.0000,0.001000
sift1m,10000,128,23,10,1.000000,fixed,32,32,10,0.800000,1.285,0.063,1.128,0.040,0.008,32,1140,1140,bernoulli,8.0000,0.001000
sift1m,10000,128,23,10,1.000000,fixed,64,64,10,1.000000,2.594,0.083,2.286,0.097,0.008,64,2196,2196,bernoulli,8.0000,0.001000
sift1m,10000,128,23,10,1.000000,fixed,128,128,10,1.000000,4.726,0.108,4.296,0.157,0.013,128,4342,4342,bernoulli,8.0000,0.001000
sift1m,10000,128,23,10,1.000000,fixed,256,256,10,1.000000,9.687,0.169,8.802,0.316,0.026,256,8611,8611,bernoulli,8.0000,0.001000
sift1m,10000,128,23,10,1.000000,fixed,512,512,10,1.000000,19.103,0.405,17.400,0.634,0.034,512,17005,17005,bernoulli,8.0000,0.001000
sift1m,10000,128,24,10,0.001000,fixed,4,4,0,0.000000,0.252,0.090,0.157,0.001,0.001,4,132,0,bernoulli,8.0000,0.001000
sift1m,10000,128,24,10,0.001000,fixed,8,8,0,0.000000,0.391,0.048,0.332,0.002,0.000,8,309,0,bernoulli,8.0000,0.001000
sift1m,10000,128,24,10,0.001000,fixed,16,16,0,0.000000,0.709,0.046,0.644,0.003,0.001,16,616,0,bernoulli,8.0000,0.001000
sift1m,10000,128,24,10,0.001000,fixed,32,32,1,0.100000,1.275,0.051,1.188,0.006,0.001,32,1170,1,bernoulli,8.0000,0.001000
sift1m,10000,128,24,10,0.001000,fixed,64,64,2,0.200000,2.423,0.067,2.282,0.013,0.005,64,2264,2,bernoulli,8.0000,0.001000
sift1m,10000,128,24,10,0.001000,fixed,128,128,2,0.200000,4.900,0.087,4.599,0.088,0.004,128,4514,4,bernoulli,8.0000,0.001000
sift1m,10000,128,24,10,0.001000,fixed,256,256,2,0.200000,9.554,0.203,8.997,0.114,0.009,256,8955,10,bernoulli,8.0000,0.001000
sift1m,10000,128,24,10,0.001000,fixed,512,512,6,0.600000,18.148,0.424,17.003,0.266,0.014,512,16971,16,bernoulli,8.0000,0.001000
sift1m,10000,128,24,10,0.010000,fixed,4,4,1,0.100000,0.236,0.073,0.154,0.001,0.001,4,132,1,bernoulli,8.0000,0.001000
sift1m,10000,128,24,10,0.010000,fixed,8,8,3,0.300000,0.408,0.050,0.343,0.002,0.001,8,309,4,bernoulli,8.0000,0.001000
sift1m,10000,128,24,10,0.010000,fixed,16,16,4,0.400000,0.714,0.045,0.641,0.004,0.001,16,616,5,bernoulli,8.0000,0.001000
sift1m,10000,128,24,10,0.010000,fixed,32,32,10,0.700000,1.314,0.052,1.204,0.009,0.003,32,1170,15,bernoulli,8.0000,0.001000
sift1m,10000,128,24,10,0.010000,fixed,64,64,10,0.800000,2.542,0.066,2.364,0.018,0.005,64,2264,36,bernoulli,8.0000,0.001000
sift1m,10000,128,24,10,0.010000,fixed,128,128,10,1.000000,5.128,0.110,4.787,0.036,0.013,128,4514,67,bernoulli,8.0000,0.001000
sift1m,10000,128,24,10,0.010000,fixed,256,256,10,1.000000,9.554,0.236,8.876,0.067,0.017,256,8955,116,bernoulli,8.0000,0.001000
sift1m,10000,128,24,10,0.010000,fixed,512,512,10,1.000000,18.902,0.362,17.584,0.241,0.022,512,16971,203,bernoulli,8.0000,0.001000
sift1m,10000,128,24,10,0.050000,fixed,4,4,6,0.300000,0.214,0.064,0.142,0.002,0.001,4,132,7,bernoulli,8.0000,0.001000
sift1m,10000,128,24,10,0.050000,fixed,8,8,10,0.500000,0.376,0.046,0.315,0.004,0.002,8,309,19,bernoulli,8.0000,0.001000
sift1m,10000,128,24,10,0.050000,fixed,16,16,10,0.800000,0.685,0.042,0.616,0.007,0.002,16,616,34,bernoulli,8.0000,0.001000
sift1m,10000,128,24,10,0.050000,fixed,32,32,10,0.900000,1.344,0.048,1.237,0.014,0.008,32,1170,76,bernoulli,8.0000,0.001000
sift1m,10000,128,24,10,0.050000,fixed,64,64,10,0.900000,2.593,0.134,2.347,0.029,0.010,64,2264,139,bernoulli,8.0000,0.001000
sift1m,10000,128,24,10,0.050000,fixed,128,128,10,1.000000,4.664,0.113,4.355,0.050,0.011,128,4514,256,bernoulli,8.0000,0.001000
sift1m,10000,128,24,10,0.050000,fixed,256,256,10,1.000000,9.791,0.189,9.202,0.100,0.025,256,8955,466,bernoulli,8.0000,0.001000
sift1m,10000,128,24,10,0.050000,fixed,512,512,10,1.000000,18.528,0.381,17.391,0.192,0.039,512,16971,851,bernoulli,8.0000,0.001000
sift1m,10000,128,24,10,0.100000,fixed,4,4,8,0.200000,0.249,0.094,0.147,0.002,0.001,4,132,8,bernoulli,8.0000,0.001000
sift1m,10000,128,24,10,0.100000,fixed,8,8,10,0.500000,0.383,0.049,0.320,0.004,0.001,8,309,17,bernoulli,8.0000,0.001000
sift1m,10000,128,24,10,0.100000,fixed,16,16,10,0.800000,0.699,0.040,0.631,0.007,0.003,16,616,38,bernoulli,8.0000,0.001000
sift1m,10000,128,24,10,0.100000,fixed,32,32,10,1.000000,1.343,0.048,1.240,0.015,0.004,32,1170,83,bernoulli,8.0000,0.001000
sift1m,10000,128,24,10,0.100000,fixed,64,64,10,1.000000,2.499,0.088,2.308,0.030,0.006,64,2264,186,bernoulli,8.0000,0.001000
sift1m,10000,128,24,10,0.100000,fixed,128,128,10,1.000000,5.010,0.114,4.670,0.064,0.015,128,4514,413,bernoulli,8.0000,0.001000
sift1m,10000,128,24,10,0.100000,fixed,256,256,10,1.000000,9.766,0.187,9.112,0.150,0.026,256,8955,845,bernoulli,8.0000,0.001000
sift1m,10000,128,24,10,0.100000,fixed,512,512,10,1.000000,18.626,0.427,17.372,0.245,0.037,512,16971,1696,bernoulli,8.0000,0.001000
sift1m,10000,128,24,10,0.500000,fixed,4,4,10,0.900000,0.221,0.065,0.143,0.004,0.001,4,132,80,bernoulli,8.0000,0.001000
sift1m,10000,128,24,10,0.500000,fixed,8,8,10,0.900000,0.387,0.040,0.323,0.008,0.002,8,309,166,bernoulli,8.0000,0.001000
sift1m,10000,128,24,10,0.500000,fixed,16,16,10,0.900000,0.703,0.039,0.621,0.015,0.003,16,616,336,bernoulli,8.0000,0.001000
sift1m,10000,128,24,10,0.500000,fixed,32,32,10,0.900000,1.312,0.044,1.186,0.029,0.005,32,1170,631,bernoulli,8.0000,0.001000
sift1m,10000,128,24,10,0.500000,fixed,64,64,10,1.000000,2.623,0.060,2.375,0.059,0.015,64,2264,1180,bernoulli,8.0000,0.001000
sift1m,10000,128,24,10,0.500000,fixed,128,128,10,1.000000,4.977,0.123,4.522,0.117,0.010,128,4514,2305,bernoulli,8.0000,0.001000
sift1m,10000,128,24,10,0.500000,fixed,256,256,10,1.000000,9.825,0.194,8.940,0.244,0.023,256,8955,4530,bernoulli,8.0000,0.001000
sift1m,10000,128,24,10,0.500000,fixed,512,512,10,1.000000,19.111,0.404,17.386,0.443,0.042,512,16971,8442,bernoulli,8.0000,0.001000
sift1m,10000,128,24,10,1.000000,fixed,4,4,10,0.800000,0.280,0.108,0.159,0.006,0.002,4,132,132,bernoulli,8.0000,0.001000
sift1m,10000,128,24,10,1.000000,fixed,8,8,10,0.900000,0.397,0.048,0.326,0.011,0.002,8,309,309,bernoulli,8.0000,0.001000
sift1m,10000,128,24,10,1.000000,fixed,16,16,10,0.900000,0.725,0.044,0.633,0.022,0.005,16,616,616,bernoulli,8.0000,0.001000
sift1m,10000,128,24,10,1.000000,fixed,32,32,10,0.900000,1.361,0.048,1.216,0.042,0.005,32,1170,1170,bernoulli,8.0000,0.001000
sift1m,10000,128,24,10,1.000000,fixed,64,64,10,1.000000,2.559,0.068,2.311,0.081,0.006,64,2264,2264,bernoulli,8.0000,0.001000
sift1m,10000,128,24,10,1.000000,fixed,128,128,10,1.000000,5.043,0.095,4.629,0.162,0.010,128,4514,4514,bernoulli,8.0000,0.001000
sift1m,10000,128,24,10,1.000000,fixed,256,256,10,1.000000,10.036,0.177,9.230,0.325,0.017,256,8955,8955,bernoulli,8.0000,0.001000
sift1m,10000,128,24,10,1.000000,fixed,512,512,10,1.000000,18.696,0.350,17.120,0.611,0.032,512,16971,16971,bernoulli,8.0000,0.001000
sift1m,10000,128,25,10,0.001000,fixed,4,4,0,0.000000,0.256,0.095,0.154,0.001,0.001,4,146,0,bernoulli,8.0000,0.001000
sift1m,10000,128,25,10,0.001000,fixed,8,8,0,0.000000,0.402,0.046,0.344,0.002,0.000,8,324,0,bernoulli,8.0000,0.001000
sift1m,10000,128,25,10,0.001000,fixed,16,16,0,0.000000,0.702,0.043,0.636,0.003,0.001,16,612,0,bernoulli,8.0000,0.001000
sift1m,10000,128,25,10,0.001000,fixed,32,32,0,0.000000,1.401,0.048,1.308,0.006,0.001,32,1220,0,bernoulli,8.0000,0.001000
sift1m,10000,128,25,10,0.001000,fixed,64,64,1,0.100000,2.770,0.066,2.608,0.014,0.003,64,2372,1,bernoulli,8.0000,0.001000
sift1m,10000,128,25,10,0.001000,fixed,128,128,2,0.200000,4.798,0.152,4.456,0.025,0.004,128,4391,4,bernoulli,8.0000,0.001000
sift1m,10000,128,25,10,0.001000,fixed,256,256,5,0.500000,9.567,0.206,9.014,0.052,0.008,256,8730,8,bernoulli,8.0000,0.001000
sift1m,10000,128,25,10,0.001000,fixed,512,512,7,0.700000,18.548,0.376,17.448,0.144,0.015,512,17023,19,bernoulli,8.0000,0.001000
sift1m,10000,128,25,10,0.010000,fixed,4,4,3,0.300000,0.234,0.076,0.149,0.001,0.001,4,146,3,bernoulli,8.0000,0.001000
sift1m,10000,128,25,10,0.010000,fixed,8,8,4,0.400000,0.388,0.048,0.325,0.002,0.001,8,324,4,bernoulli,8.0000,0.001000
sift1m,10000,128,25,10,0.010000,fixed,16,16,4,0.400000,0.678,0.042,0.608,0.005,0.001,16,612,5,bernoulli,8.0000,0.001000
sift1m,10000,128,25,10,0.010000,fixed,32,32,8,0.700000,1.334,0.047,1.230,0.009,0.005,32,1220,11,bernoulli,8.0000,0.001000
sift1m,10000,128,25,10,0.010000,fixed,64,64,10,0.900000,2.544,0.060,2.374,0.017,0.003,64,2372,19,bernoulli,8.0000,0.001000
sift1m,10000,128,25,10,0.010000,fixed,128,128,10,0.900000,5.074,0.089,4.719,0.083,0.009,128,4391,35,bernoulli,8.0000,0.001000
sift1m,10000,128,25,10,0.010000,fixed,256,256,10,1.000000,9.719,0.241,9.054,0.070,0.012,256,8730,81,bernoulli,8.0000,0.001000
sift1m,10000,128,25,10,0.010000,fixed,512,512,10,1.000000,18.352,0.354,17.070,0.247,0.025,512,17023,174,bernoulli,8.0000,0.001000
sift1m,10000,128,25,10,0.050000,fixed,4,4,10,0.300000,0.293,0.113,0.170,0.003,0.002,4,146,11,bernoulli,8.0000,0.001000
sift1m,10000,128,25,10,0.050000,fixed,8,8,10,0.400000,0.428,0.049,0.362,0.004,0.002,8,324,29,bernoulli,8.0000,0.001000
sift1m,10000,128,25,10,0.050000,fixed,16,16,10,0.600000,0.752,0.046,0.676,0.008,0.002,16,612,43,bernoulli,8.0000,0.001000
sift1m,10000,128,25,10,0.050000,fixed,32,32,10,0.700000,1.453,0.053,1.345,0.015,0.005,32,1220,63,bernoulli,8.0000,0.001000
sift1m,10000,128,25,10,0.050000,fixed,64,64,10,0.900000,2.600,0.070,2.429,0.026,0.007,64,2372,119,bernoulli,8.0000,0.001000
sift1m,10000,128,25,10,0.050000,fixed,128,128,10,1.000000,4.944,0.096,4.648,0.052,0.014,128,4391,221,bernoulli,8.0000,0.001000
sift1m,10000,128,25,10,0.050000,fixed,256,256,10,1.000000,9.065,0.179,8.508,0.103,0.018,256,8730,452,bernoulli,8.0000,0.001000
sift1m,10000,128,25,10,0.050000,fixed,512,512,10,1.000000,18.670,0.341,17.573,0.205,0.037,512,17023,857,bernoulli,8.0000,0.001000
sift1m,10000,128,25,10,0.100000,fixed,4,4,10,0.400000,0.267,0.092,0.167,0.002,0.001,4,146,15,bernoulli,8.0000,0.001000
sift1m,10000,128,25,10,0.100000,fixed,8,8,10,0.600000,0.398,0.044,0.338,0.004,0.002,8,324,27,bernoulli,8.0000,0.001000
sift1m,10000,128,25,10,0.100000,fixed,16,16,10,0.700000,0.705,0.039,0.637,0.008,0.002,16,612,52,bernoulli,8.0000,0.001000
sift1m,10000,128,25,10,0.100000,fixed,32,32,10,0.900000,1.385,0.044,1.286,0.016,0.004,32,1220,105,bernoulli,8.0000,0.001000
sift1m,10000,128,25,10,0.100000,fixed,64,64,10,1.000000,2.684,0.056,2.511,0.033,0.008,64,2372,231,bernoulli,8.0000,0.001000
sift1m,10000,128,25,10,0.100000,fixed,128,128,10,1.000000,4.770,0.116,4.442,0.063,0.014,128,4391,449,bernoulli,8.0000,0.001000
sift1m,10000,128,25,10,0.100000,fixed,256,256,10,1.000000,9.332,0.191,8.715,0.126,0.024,256,8730,892,bernoulli,8.0000,0.001000
sift1m,10000,128,25,10,0.100000,fixed,512,512,10,1.000000,18.441,0.392,17.184,0.254,0.051,512,17023,1737,bernoulli,8.0000,0.001000
sift1m,10000,128,25,10,0.500000,fixed,4,4,10,0.800000,0.232,0.066,0.153,0.004,0.001,4,146,79,bernoulli,8.0000,0.001000
sift1m,10000,128,25,10,0.500000,fixed,8,8,10,0.800000,0.389,0.036,0.330,0.008,0.002,8,324,160,bernoulli,8.0000,0.001000
sift1m,10000,128,25,10,0.500000,fixed,16,16,10,0.800000,0.709,0.046,0.623,0.013,0.003,16,612,301,bernoulli,8.0000,0.001000
sift1m,10000,128,25,10,0.500000,fixed,32,32,10,1.000000,1.468,0.041,1.331,0.029,0.007,32,1220,595,bernoulli,8.0000,0.001000
sift1m,10000,128,25,10,0.500000,fixed,64,64,10,1.000000,3.053,0.138,2.725,0.062,0.010,64,2372,1152,bernoulli,8.0000,0.001000
sift1m,10000,128,25,10,0.500000,fixed,128,128,10,1.000000,4.810,0.129,4.362,0.111,0.012,128,4391,2164,bernoulli,8.0000,0.001000
sift1m,10000,128,25,10,0.500000,fixed,256,256,10,1.000000,9.709,0.192,8.864,0.231,0.027,256,8730,4325,bernoulli,8.0000,0.001000
sift1m,10000,128,25,10,0.500000,fixed,512,512,10,1.000000,18.720,0.393,17.063,0.435,0.038,512,17023,8434,bernoulli,8.0000,0.001000
sift1m,10000,128,25,10,1.000000,fixed,4,4,10,0.700000,0.217,0.056,0.149,0.006,0.001,4,146,146,bernoulli,8.0000,0.001000
sift1m,10000,128,25,10,1.000000,fixed,8,8,10,0.800000,0.387,0.037,0.328,0.011,0.002,8,324,324,bernoulli,8.0000,0.001000
sift1m,10000,128,25,10,1.000000,fixed,16,16,10,0.800000,0.695,0.041,0.612,0.020,0.003,16,612,612,bernoulli,8.0000,0.001000
sift1m,10000,128,25,10,1.000000,fixed,32,32,10,1.000000,1.351,0.040,1.228,0.041,0.004,32,1220,1220,bernoulli,8.0000,0.001000
sift1m,10000,128,25,10,1.000000,fixed,64,64,10,1.000000,2.830,0.053,2.597,0.083,0.009,64,2372,2372,bernoulli,8.0000,0.001000
sift1m,10000,128,25,10,1.000000,fixed,128,128,10,1.000000,4.732,0.114,4.305,0.159,0.011,128,4391,4391,bernoulli,8.0000,0.001000
sift1m,10000,128,25,10,1.000000,fixed,256,256,10,1.000000,9.859,0.182,9.008,0.320,0.027,256,8730,8730,bernoulli,8.0000,0.001000
sift1m,10000,128,25,10,1.000000,fixed,512,512,10,1.000000,19.170,0.425,17.449,0.638,0.031,512,17023,17023,bernoulli,8.0000,0.001000
sift1m,10000,128,26,10,0.001000,fixed,4,4,0,0.000000,0.235,0.077,0.152,0.001,0.000,4,148,0,bernoulli,8.0000,0.001000
sift1m,10000,128,26,10,0.001000,fixed,8,8,0,0.000000,0.300,0.042,0.249,0.002,0.001,8,260,0,bernoulli,8.0000,0.001000
sift1m,10000,128,26,10,0.001000,fixed,16,16,0,0.000000,0.578,0.038,0.521,0.003,0.001,16,549,0,bernoulli,8.0000,0.001000
sift1m,10000,128,26,10,0.001000,fixed,32,32,0,0.000000,1.123,0.043,1.046,0.006,0.001,32,1096,0,bernoulli,8.0000,0.001000
sift1m,10000,128,26,10,0.001000,fixed,64,64,2,0.222222,2.283,0.056,2.158,0.012,0.002,64,2195,2,bernoulli,8.0000,0.001000
sift1m,10000,128,26,10,0.001000,fixed,128,128,3,0.333333,4.931,0.086,4.694,0.027,0.006,128,4534,4,bernoulli,8.0000,0.001000
sift1m,10000,128,26,10,0.001000,fixed,256,256,5,0.555556,9.299,0.179,8.842,0.050,0.006,256,8952,7,bernoulli,8.0000,0.001000
sift1m,10000,128,26,10,0.001000,fixed,512,512,5,0.555556,18.305,0.373,17.308,0.173,0.016,512,16959,10,bernoulli,8.0000,0.001000
sift1m,10000,128,26,10,0.010000,fixed,4,4,3,0.200000,0.251,0.089,0.156,0.002,0.001,4,148,3,bernoulli,8.0000,0.001000
sift1m,10000,128,26,10,0.010000,fixed,8,8,4,0.300000,0.310,0.049,0.250,0.002,0.001,8,260,6,bernoulli,8.0000,0.001000
sift1m,10000,128,26,10,0.010000,fixed,16,16,4,0.300000,0.599,0.043,0.535,0.004,0.002,16,549,7,bernoulli,8.0000,0.001000
sift1m,10000,128,26,10,0.010000,fixed,32,32,9,0.700000,1.177,0.046,1.091,0.008,0.003,32,1096,13,bernoulli,8.0000,0.001000
sift1m,10000,128,26,10,0.010000,fixed,64,64,10,0.700000,2.546,0.084,2.372,0.024,0.005,64,2195,21,bernoulli,8.0000,0.001000
sift1m,10000,128,26,10,0.010000,fixed,128,128,10,0.800000,5.439,0.132,5.134,0.037,0.010,128,4534,42,bernoulli,8.0000,0.001000
sift1m,10000,128,26,10,0.010000,fixed,256,256,10,1.000000,10.018,0.260,9.387,0.118,0.014,256,8952,95,bernoulli,8.0000,0.001000
sift1m,10000,128,26,10,0.010000,fixed,512,512,10,1.000000,18.051,0.386,17.055,0.131,0.030,512,16959,185,bernoulli,8.0000,0.001000
sift1m,10000,128,26,10,0.050000,fixed,4,4,10,0.300000,0.258,0.095,0.154,0.002,0.001,4,148,12,bernoulli,8.0000,0.001000
sift1m,10000,128,26,10,0.050000,fixed,8,8,10,0.300000,0.326,0.047,0.266,0.003,0.001,8,260,15,bernoulli,8.0000,0.001000
sift1m,10000,128,26,10,0.050000,fixed,16,16,10,0.400000,0.641,0.042,0.571,0.007,0.003,16,549,32,bernoulli,8.0000,0.001000
sift1m,10000,128,26,10,0.050000,fixed,32,32,10,1.000000,1.197,0.071,1.076,0.013,0.004,32,1096,67,bernoulli,8.0000,0.001000
sift1m,10000,128,26,10,0.050000,fixed,64,64,10,1.000000,2.507,0.076,2.327,0.029,0.009,64,2195,119,bernoulli,8.0000,0.001000
sift1m,10000,128,26,10,0.050000,fixed,128,128,10,1.000000,4.831,0.123,4.507,0.053,0.013,128,4534,260,bernoulli,8.0000,0.001000
sift1m,10000,128,26,10,0.050000,fixed,256,256,10,1.000000,9.819,0.180,9.211,0.133,0.029,256,8952,498,bernoulli,8.0000,0.001000
sift1m,10000,128,26,10,0.050000,fixed,512,512,10,1.000000,18.338,0.404,17.138,0.235,0.034,512,16959,859,bernoulli,8.0000,0.001000
sift1m,10000,128,26,10,0.100000,fixed,4,4,10,0.500000,0.248,0.078,0.161,0.003,0.001,4,148,19,bernoulli,8.0000,0.001000
sift1m,10000,128,26,10,0.100000,fixed,8,8,10,0.500000,0.317,0.043,0.260,0.004,0.002,8,260,27,bernoulli,8.0000,0.001000
sift1m,10000,128,26,10,0.100000,fixed,16,16,10,1.000000,0.651,0.040,0.580,0.009,0.003,16,549,52,bernoulli,8.0000,0.001000
sift1m,10000,128,26,10,0.100000,fixed,32,32,10,1.000000,1.211,0.063,1.092,0.016,0.005,32,1096,100,bernoulli,8.0000,0.001000
sift1m,10000,128,26,10,0.100000,fixed,64,64,10,1.000000,2.582,0.078,2.385,0.035,0.008,64,2195,211,bernoulli,8.0000,0.001000
sift1m,10000,128,26,10,0.100000,fixed,128,128,10,1.000000,4.762,0.103,4.439,0.068,0.012,128,4534,441,bernoulli,8.0000,0.001000
sift1m,10000,128,26,10,0.100000,fixed,256,256,10,1.000000,10.099,0.165,9.453,0.152,0.034,256,8952,875,bernoulli,8.0000,0.001000
sift1m,10000,128,26,10,0.100000,fixed,512,512,10,1.000000,18.544,0.442,17.239,0.263,0.041,512,16959,1684,bernoulli,8.0000,0.001000
sift1m,10000,128,26,10,0.500000,fixed,4,4,10,0.700000,0.265,0.087,0.163,0.005,0.002,4,148,86,bernoulli,8.0000,0.001000
sift1m,10000,128,26,10,0.500000,fixed,8,8,10,0.700000,0.327,0.046,0.260,0.007,0.002,8,260,144,bernoulli,8.0000,0.001000
sift1m,10000,128,26,10,0.500000,fixed,16,16,10,1.000000,0.646,0.041,0.563,0.014,0.003,16,549,300,bernoulli,8.0000,0.001000
sift1m,10000,128,26,10,0.500000,fixed,32,32,10,1.000000,1.234,0.048,1.105,0.028,0.005,32,1096,584,bernoulli,8.0000,0.001000
sift1m,10000,128,26,10,0.500000,fixed,64,64,10,1.000000,2.523,0.064,2.294,0.056,0.008,64,2195,1142,bernoulli,8.0000,0.001000
sift1m,10000,128,26,10,0.500000,fixed,128,128,10,1.000000,5.117,0.096,4.659,0.127,0.019,128,4534,2328,bernoulli,8.0000,0.001000
sift1m,10000,128,26,10,0.500000,fixed,256,256,10,1.000000,10.155,0.246,9.229,0.236,0.021,256,8952,4474,bernoulli,8.0000,0.001000
sift1m,10000,128,26,10,0.500000,fixed,512,512,10,1.000000,19.027,0.351,17.385,0.452,0.035,512,16959,8567,bernoulli,8.0000,0.001000
sift1m,10000,128,26,10,1.000000,fixed,4,4,10,1.000000,0.252,0.080,0.159,0.006,0.001,4,148,148,bernoulli,8.0000,0.001000
sift1m,10000,128,26,10,1.000000,fixed,8,8,10,1.000000,0.305,0.038,0.247,0.009,0.002,8,260,260,bernoulli,8.0000,0.001000
sift1m,10000,128,26,10,1.000000,fixed,16,16,10,1.000000,0.603,0.035,0.524,0.020,0.003,16,549,549,bernoulli,8.0000,0.001000
sift1m,10000,128,26,10,1.000000,fixed,32,32,10,1.000000,1.137,0.041,1.018,0.039,0.004,32,1096,1096,bernoulli,8.0000,0.001000
sift1m,10000,128,26,10,1.000000,fixed,64,64,10,1.000000,2.321,0.055,2.111,0.079,0.006,64,2195,2195,bernoulli,8.0000,0.001000
sift1m,10000,128,26,10,1.000000,fixed,128,128,10,1.000000,5.149,0.083,4.704,0.166,0.018,128,4534,4534,bernoulli,8.0000,0.001000
sift1m,10000,128,26,10,1.000000,fixed,256,256,10,1.000000,10.257,0.249,9.332,0.333,0.019,256,8952,8952,bernoulli,8.0000,0.001000
sift1m,10000,128,26,10,1.000000,fixed,512,512,10,1.000000,18.809,0.422,17.113,0.640,0.031,512,16959,16959,bernoulli,8.0000,0.001000
sift1m,10000,128,27,10,0.001000,fixed,4,4,0,0.000000,0.228,0.080,0.142,0.001,0.001,4,144,0,bernoulli,8.0000,0.001000
sift1m,10000,128,27,10,0.001000,fixed,8,8,1,0.142857,0.349,0.045,0.288,0.002,0.001,8,278,1,bernoulli,8.0000,0.001000
sift1m,10000,128,27,10,0.001000,fixed,16,16,1,0.142857,0.610,0.042,0.547,0.003,0.004,16,532,1,bernoulli,8.0000,0.001000
sift1m,10000,128,27,10,0.001000,fixed,32,32,1,0.142857,1.369,0.151,1.177,0.008,0.002,32,1112,1,bernoulli,8.0000,0.001000
sift1m,10000,128,27,10,0.001000,fixed,64,64,1,0.142857,2.281,0.090,2.114,0.012,0.004,64,2181,1,bernoulli,8.0000,0.001000
sift1m,10000,128,27,10,0.001000,fixed,128,128,2,0.285714,4.437,0.109,4.185,0.023,0.005,128,4301,4,bernoulli,8.0000,0.001000
sift1m,10000,128,27,10,0.001000,fixed,256,256,3,0.428571,9.461,0.182,8.954,0.080,0.012,256,8675,5,bernoulli,8.0000,0.001000
sift1m,10000,128,27,10,0.001000,fixed,512,512,6,0.857143,18.113,0.414,17.130,0.102,0.015,512,16974,8,bernoulli,8.0000,0.001000
sift1m,10000,128,27,10,0.010000,fixed,4,4,1,0.100000,0.252,0.094,0.149,0.001,0.001,4,144,1,bernoulli,8.0000,0.001000
sift1m,10000,128,27,10,0.010000,fixed,8,8,3,0.100000,0.341,0.044,0.282,0.002,0.001,8,278,3,bernoulli,8.0000,0.001000
sift1m,10000,128,27,10,0.010000,fixed,16,16,4,0.100000,0.611,0.038,0.543,0.004,0.004,16,532,4,bernoulli,8.0000,0.001000
sift1m,10000,128,27,10,0.010000,fixed,32,32,10,0.400000,1.227,0.042,1.126,0.008,0.002,32,1112,11,bernoulli,8.0000,0.001000
sift1m,10000,128,27,10,0.010000,fixed,64,64,10,0.900000,2.423,0.057,2.246,0.016,0.006,64,2181,24,bernoulli,8.0000,0.001000
sift1m,10000,128,27,10,0.010000,fixed,128,128,10,1.000000,4.749,0.087,4.435,0.033,0.008,128,4301,53,bernoulli,8.0000,0.001000
sift1m,10000,128,27,10,0.010000,fixed,256,256,10,1.000000,9.607,0.181,8.965,0.065,0.012,256,8675,118,bernoulli,8.0000,0.001000
sift1m,10000,128,27,10,0.010000,fixed,512,512,10,1.000000,18.400,0.354,17.029,0.211,0.026,512,16974,212,bernoulli,8.0000,0.001000
sift1m,10000,128,27,10,0.050000,fixed,4,4,3,0.100000,0.223,0.057,0.158,0.002,0.001,4,144,3,bernoulli,8.0000,0.001000
sift1m,10000,128,27,10,0.050000,fixed,8,8,10,0.300000,0.332,0.038,0.281,0.003,0.001,8,278,12,bernoulli,8.0000,0.001000
sift1m,10000,128,27,10,0.050000,fixed,16,16,10,0.700000,0.577,0.032,0.519,0.005,0.002,16,532,22,bernoulli,8.0000,0.001000
sift1m,10000,128,27,10,0.050000,fixed,32,32,10,0.700000,1.214,0.037,1.128,0.011,0.004,32,1112,42,bernoulli,8.0000,0.001000
sift1m,10000,128,27,10,0.050000,fixed,64,64,10,1.000000,2.499,0.057,2.340,0.024,0.010,64,2181,97,bernoulli,8.0000,0.001000
sift1m,10000,128,27,10,0.050000,fixed,128,128,10,1.000000,4.681,0.125,4.377,0.045,0.010,128,4301,188,bernoulli,8.0000,0.001000
sift1m,10000,128,27,10,0.050000,fixed,256,256,10,1.000000,9.346,0.179,8.769,0.092,0.023,256,8675,386,bernoulli,8.0000,0.001000
sift1m,10000,128,27,10,0.050000,fixed,512,512,10,1.000000,18.496,0.348,17.375,0.221,0.041,512,16974,810,bernoulli,8.0000,0.001000
sift1m,10000,128,27,10,0.100000,fixed,4,4,10,0.500000,0.294,0.110,0.175,0.002,0.001,4,144,12,bernoulli,8.0000,0.001000
sift1m,10000,128,27,10,0.100000,fixed,8,8,10,0.500000,0.371,0.051,0.305,0.004,0.002,8,278,20,bernoulli,8.0000,0.001000
sift1m,10000,128,27,10,0.100000,fixed,16,16,10,0.500000,0.611,0.045,0.538,0.007,0.004,16,532,40,bernoulli,8.0000,0.001000
sift1m,10000,128,27,10,0.100000,fixed,32,32,10,0.900000,1.333,0.046,1.227,0.017,0.005,32,1112,102,bernoulli,8.0000,0.001000
sift1m,10000,128,27,10,0.100000,fixed,64,64,10,1.000000,2.637,0.092,2.384,0.034,0.011,64,2181,209,bernoulli,8.0000,0.001000
sift1m,10000,128,27,10,0.100000,fixed,128,128,10,1.000000,4.905,0.179,4.495,0.066,0.013,128,4301,437,bernoulli,8.0000,0.001000
sift1m,10000,128,27,10,0.100000,fixed,256,256,10,1.000000,9.447,0.215,8.795,0.128,0.028,256,8675,875,bernoulli,8.0000,0.001000
sift1m,10000,128,27,10,0.100000,fixed,512,512,10,1.000000,18.923,0.462,17.590,0.260,0.043,512,16974,1730,bernoulli,8.0000,0.001000
sift1m,10000,128,27,10,0.500000,fixed,4,4,10,0.700000,0.268,0.096,0.160,0.004,0.001,4,144,68,bernoulli,8.0000,0.001000
sift1m,10000,128,27,10,0.500000,fixed,8,8,10,0.900000,0.486,0.049,0.409,0.009,0.003,8,278,137,bernoulli,8.0000,0.001000
sift1m,10000,128,27,10,0.500000,fixed,16,16,10,1.000000,0.712,0.052,0.614,0.015,0.003,16,532,267,bernoulli,8.0000,0.001000
sift1m,10000,128,27,10,0.500000,fixed,32,32,10,1.000000,1.441,0.055,1.293,0.030,0.006,32,1112,573,bernoulli,8.0000,0.001000
sift1m,10000,128,27,10,0.500000,fixed,64,64,10,1.000000,2.453,0.093,2.195,0.057,0.007,64,2181,1098,bernoulli,8.0000,0.001000
sift1m,10000,128,27,10,0.500000,fixed,128,128,10,1.000000,4.894,0.108,4.461,0.111,0.012,128,4301,2194,bernoulli,8.0000,0.001000
sift1m,10000,128,27,10,0.500000,fixed,256,256,10,1.000000,9.657,0.195,8.802,0.227,0.028,256,8675,4403,bernoulli,8.0000,0.001000
sift1m,10000,128,27,10,0.500000,fixed,512,512,10,1.000000,19.950,0.416,18.184,0.468,0.043,512,16974,8544,bernoulli,8.0000,0.001000
sift1m,10000,128,27,10,1.000000,fixed,4,4,10,0.700000,0.271,0.094,0.165,0.006,0.001,4,144,144,bernoulli,8.0000,0.001000
sift1m,10000,128,27,10,1.000000,fixed,8,8,10,1.000000,0.369,0.048,0.299,0.010,0.002,8,278,278,bernoulli,8.0000,0.001000
sift1m,10000,128,27,10,1.000000,fixed,16,16,10,1.000000,0.634,0.041,0.549,0.019,0.005,16,532,532,bernoulli,8.0000,0.001000
sift1m,10000,128,27,10,1.000000,fixed,32,32,10,1.000000,1.291,0.047,1.158,0.041,0.004,32,1112,1112,bernoulli,8.0000,0.001000
sift1m,10000,128,27,10,1.000000,fixed,64,64,10,1.000000,2.402,0.061,2.176,0.081,0.007,64,2181,2181,bernoulli,8.0000,0.001000
sift1m,10000,128,27,10,1.000000,fixed,128,128,10,1.000000,4.903,0.116,4.453,0.164,0.012,128,4301,4301,bernoulli,8.0000,0.001000
sift1m,10000,128,27,10,1.000000,fixed,256,256,10,1.000000,10.051,0.220,9.134,0.341,0.021,256,8675,8675,bernoulli,8.0000,0.001000
sift1m,10000,128,27,10,1.000000,fixed,512,512,10,1.000000,18.901,0.463,17.140,0.633,0.030,512,16974,16974,bernoulli,8.0000,0.001000
sift1m,10000,128,28,10,0.001000,fixed,4,4,0,0.000000,0.250,0.078,0.165,0.001,0.001,4,159,0,bernoulli,8.0000,0.001000
sift1m,10000,128,28,10,0.001000,fixed,8,8,0,0.000000,0.385,0.046,0.328,0.002,0.001,8,320,0,bernoulli,8.0000,0.001000
sift1m,10000,128,28,10,0.001000,fixed,16,16,1,0.100000,0.800,0.041,0.733,0.004,0.003,16,608,1,bernoulli,8.0000,0.001000
sift1m,10000,128,28,10,0.001000,fixed,32,32,2,0.200000,1.447,0.124,1.276,0.011,0.002,32,1180,3,bernoulli,8.0000,0.001000
sift1m,10000,128,28,10,0.001000,fixed,64,64,2,0.200000,2.575,0.095,2.394,0.014,0.005,64,2272,3,bernoulli,8.0000,0.001000
sift1m,10000,128,28,10,0.001000,fixed,128,128,4,0.400000,5.110,0.118,4.829,0.028,0.005,128,4550,8,bernoulli,8.0000,0.001000
sift1m,10000,128,28,10,0.001000,fixed,256,256,9,0.800000,9.703,0.209,9.141,0.092,0.011,256,8837,21,bernoulli,8.0000,0.001000
sift1m,10000,128,28,10,0.001000,fixed,512,512,10,1.000000,18.141,0.386,17.050,0.221,0.015,512,16972,37,bernoulli,8.0000,0.001000
sift1m,10000,128,28,10,0.010000,fixed,4,4,0,0.000000,0.241,0.058,0.175,0.001,0.000,4,159,0,bernoulli,8.0000,0.001000
sift1m,10000,128,28,10,0.010000,fixed,8,8,0,0.000000,0.396,0.041,0.335,0.002,0.000,8,320,0,bernoulli,8.0000,0.001000
sift1m,10000,128,28,10,0.010000,fixed,16,16,1,0.100000,0.689,0.037,0.626,0.004,0.001,16,608,1,bernoulli,8.0000,0.001000
sift1m,10000,128,28,10,0.010000,fixed,32,32,8,0.500000,1.296,0.041,1.204,0.009,0.002,32,1180,9,bernoulli,8.0000,0.001000
sift1m,10000,128,28,10,0.010000,fixed,64,64,10,0.800000,2.440,0.072,2.271,0.016,0.003,64,2272,17,bernoulli,8.0000,0.001000
sift1m,10000,128,28,10,0.010000,fixed,128,128,10,0.900000,4.997,0.096,4.692,0.035,0.012,128,4550,42,bernoulli,8.0000,0.001000
sift1m,10000,128,28,10,0.010000,fixed,256,256,10,1.000000,9.606,0.202,8.945,0.135,0.012,256,8837,99,bernoulli,8.0000,0.001000
sift1m,10000,128,28,10,0.010000,fixed,512,512,10,1.000000,18.696,0.350,17.411,0.287,0.023,512,16972,181,bernoulli,8.0000,0.001000
sift1m,10000,128,28,10,0.050000,fixed,4,4,4,0.200000,0.278,0.092,0.178,0.002,0.001,4,159,5,bernoulli,8.0000,0.001000
sift1m,10000,128,28,10,0.050000,fixed,8,8,8,0.400000,0.413,0.036,0.362,0.003,0.001,8,320,9,bernoulli,8.0000,0.001000
sift1m,10000,128,28,10,0.050000,fixed,16,16,10,0.500000,0.701,0.033,0.641,0.006,0.002,16,608,14,bernoulli,8.0000,0.001000
sift1m,10000,128,28,10,0.050000,fixed,32,32,10,0.700000,1.311,0.043,1.216,0.013,0.004,32,1180,45,bernoulli,8.0000,0.001000
sift1m,10000,128,28,10,0.050000,fixed,64,64,10,1.000000,2.505,0.054,2.354,0.025,0.006,64,2272,83,bernoulli,8.0000,0.001000
sift1m,10000,128,28,10,0.050000,fixed,128,128,10,1.000000,4.915,0.117,4.606,0.050,0.010,128,4550,198,bernoulli,8.0000,0.001000
sift1m,10000,128,28,10,0.050000,fixed,256,256,10,1.000000,9.557,0.189,8.990,0.098,0.018,256,8837,384,bernoulli,8.0000,0.001000
sift1m,10000,128,28,10,0.050000,fixed,512,512,10,1.000000,18.485,0.372,17.370,0.193,0.031,512,16972,786,bernoulli,8.0000,0.001000
sift1m,10000,128,28,10,0.100000,fixed,4,4,10,0.200000,0.261,0.073,0.178,0.003,0.001,4,159,18,bernoulli,8.0000,0.001000
sift1m,10000,128,28,10,0.100000,fixed,8,8,10,0.400000,0.394,0.047,0.330,0.005,0.002,8,320,40,bernoulli,8.0000,0.001000
sift1m,10000,128,28,10,0.100000,fixed,16,16,10,0.700000,0.723,0.038,0.652,0.010,0.003,16,608,68,bernoulli,8.0000,0.001000
sift1m,10000,128,28,10,0.100000,fixed,32,32,10,0.800000,1.341,0.069,1.210,0.018,0.007,32,1180,131,bernoulli,8.0000,0.001000
sift1m,10000,128,28,10,0.100000,fixed,64,64,10,1.000000,2.594,0.070,2.372,0.034,0.010,64,2272,223,bernoulli,8.0000,0.001000
sift1m,10000,128,28,10,0.100000,fixed,128,128,10,1.000000,5.086,0.124,4.726,0.068,0.017,128,4550,440,bernoulli,8.0000,0.001000
sift1m,10000,128,28,10,0.100000,fixed,256,256,10,1.000000,9.452,0.189,8.825,0.132,0.033,256,8837,826,bernoulli,8.0000,0.001000
sift1m,10000,128,28,10,0.100000,fixed,512,512,10,1.000000,18.950,0.450,17.654,0.252,0.040,512,16972,1606,bernoulli,8.0000,0.001000
sift1m,10000,128,28,10,0.500000,fixed,4,4,10,0.700000,0.259,0.079,0.167,0.004,0.001,4,159,81,bernoulli,8.0000,0.001000
sift1m,10000,128,28,10,0.500000,fixed,8,8,10,0.800000,0.387,0.045,0.320,0.008,0.002,8,320,166,bernoulli,8.0000,0.001000
sift1m,10000,128,28,10,0.500000,fixed,16,16,10,0.900000,0.692,0.041,0.607,0.015,0.003,16,608,319,bernoulli,8.0000,0.001000
sift1m,10000,128,28,10,0.500000,fixed,32,32,10,1.000000,1.299,0.047,1.165,0.031,0.004,32,1180,644,bernoulli,8.0000,0.001000
sift1m,10000,128,28,10,0.500000,fixed,64,64,10,1.000000,2.458,0.061,2.232,0.059,0.006,64,2272,1232,bernoulli,8.0000,0.001000
sift1m,10000,128,28,10,0.500000,fixed,128,128,10,1.000000,5.226,0.095,4.785,0.122,0.015,128,4550,2427,bernoulli,8.0000,0.001000
sift1m,10000,128,28,10,0.500000,fixed,256,256,10,1.000000,10.641,0.234,9.666,0.262,0.021,256,8837,4657,bernoulli,8.0000,0.001000
sift1m,10000,128,28,10,0.500000,fixed,512,512,10,1.000000,18.436,0.385,16.774,0.447,0.036,512,16972,8736,bernoulli,8.0000,0.001000
sift1m,10000,128,28,10,1.000000,fixed,4,4,10,0.900000,0.279,0.091,0.174,0.006,0.002,4,159,159,bernoulli,8.0000,0.001000
sift1m,10000,128,28,10,1.000000,fixed,8,8,10,1.000000,0.436,0.050,0.362,0.011,0.002,8,320,320,bernoulli,8.0000,0.001000
sift1m,10000,128,28,10,1.000000,fixed,16,16,10,1.000000,0.789,0.048,0.689,0.024,0.004,16,608,608,bernoulli,8.0000,0.001000
sift1m,10000,128,28,10,1.000000,fixed,32,32,10,1.000000,1.434,0.080,1.252,0.044,0.005,32,1180,1180,bernoulli,8.0000,0.001000
sift1m,10000,128,28,10,1.000000,fixed,64,64,10,1.000000,2.521,0.096,2.257,0.084,0.009,64,2272,2272,bernoulli,8.0000,0.001000
sift1m,10000,128,28,10,1.000000,fixed,128,128,10,1.000000,5.105,0.111,4.637,0.169,0.018,128,4550,4550,bernoulli,8.0000,0.001000
sift1m,10000,128,28,10,1.000000,fixed,256,256,10,1.000000,9.939,0.227,9.062,0.328,0.020,256,8837,8837,bernoulli,8.0000,0.001000
sift1m,10000,128,28,10,1.000000,fixed,512,512,10,1.000000,18.558,0.397,16.918,0.622,0.031,512,16972,16972,bernoulli,8.0000,0.001000
sift1m,10000,128,29,10,0.001000,fixed,4,4,1,0.100000,0.235,0.064,0.147,0.001,0.001,4,135,1,bernoulli,8.0000,0.001000
sift1m,10000,128,29,10,0.001000,fixed,8,8,1,0.100000,0.297,0.056,0.229,0.002,0.001,8,244,1,bernoulli,8.0000,0.001000
sift1m,10000,128,29,10,0.001000,fixed,16,16,1,0.100000,0.505,0.046,0.437,0.003,0.001,16,462,2,bernoulli,8.0000,0.001000
sift1m,10000,128,29,10,0.001000,fixed,32,32,2,0.200000,1.039,0.051,0.941,0.006,0.002,32,988,5,bernoulli,8.0000,0.001000
sift1m,10000,128,29,10,0.001000,fixed,64,64,2,0.200000,2.119,0.057,1.974,0.012,0.005,64,2045,9,bernoulli,8.0000,0.001000
sift1m,10000,128,29,10,0.001000,fixed,128,128,4,0.400000,4.223,0.083,3.960,0.024,0.004,128,4050,13,bernoulli,8.0000,0.001000
sift1m,10000,128,29,10,0.001000,fixed,256,256,7,0.700000,9.321,0.177,8.760,0.051,0.008,256,8616,19,bernoulli,8.0000,0.001000
sift1m,10000,128,29,10,0.001000,fixed,512,512,10,1.000000,18.461,0.372,17.329,0.101,0.016,512,16984,35,bernoulli,8.0000,0.001000
sift1m,10000,128,29,10,0.010000,fixed,4,4,0,0.000000,0.237,0.088,0.142,0.001,0.000,4,135,0,bernoulli,8.0000,0.001000
sift1m,10000,128,29,10,0.010000,fixed,8,8,0,0.000000,0.275,0.032,0.233,0.002,0.000,8,244,0,bernoulli,8.0000,0.001000
sift1m,10000,128,29,10,0.010000,fixed,16,16,1,0.100000,0.489,0.033,0.436,0.003,0.001,16,462,1,bernoulli,8.0000,0.001000
sift1m,10000,128,29,10,0.010000,fixed,32,32,1,0.100000,1.087,0.036,1.006,0.008,0.001,32,988,1,bernoulli,8.0000,0.001000
sift1m,10000,128,29,10,0.010000,fixed,64,64,4,0.400000,2.357,0.077,2.183,0.017,0.003,64,2045,5,bernoulli,8.0000,0.001000
sift1m,10000,128,29,10,0.010000,fixed,128,128,10,0.700000,4.451,0.131,4.129,0.033,0.013,128,4050,17,bernoulli,8.0000,0.001000
sift1m,10000,128,29,10,0.010000,fixed,256,256,10,0.900000,9.897,0.258,9.246,0.072,0.013,256,8616,57,bernoulli,8.0000,0.001000
sift1m,10000,128,29,10,0.010000,fixed,512,512,10,1.000000,18.153,0.445,16.988,0.128,0.019,512,16984,132,bernoulli,8.0000,0.001000
sift1m,10000,128,29,10,0.050000,fixed,4,4,3,0.200000,0.219,0.071,0.141,0.002,0.001,4,135,4,bernoulli,8.0000,0.001000
sift1m,10000,128,29,10,0.050000,fixed,8,8,6,0.500000,0.281,0.042,0.228,0.003,0.001,8,244,9,bernoulli,8.0000,0.001000
sift1m,10000,128,29,10,0.050000,fixed,16,16,9,0.600000,0.494,0.034,0.438,0.005,0.003,16,462,16,bernoulli,8.0000,0.001000
sift1m,10000,128,29,10,0.050000,fixed,32,32,10,1.000000,1.097,0.040,1.010,0.012,0.004,32,988,41,bernoulli,8.0000,0.001000
sift1m,10000,128,29,10,0.050000,fixed,64,64,10,1.000000,2.203,0.064,2.042,0.025,0.007,64,2045,106,bernoulli,8.0000,0.001000
sift1m,10000,128,29,10,0.050000,fixed,128,128,10,1.000000,4.252,0.093,3.971,0.049,0.011,128,4050,218,bernoulli,8.0000,0.001000
sift1m,10000,128,29,10,0.050000,fixed,256,256,10,1.000000,9.467,0.193,8.872,0.105,0.025,256,8616,469,bernoulli,8.0000,0.001000
sift1m,10000,128,29,10,0.050000,fixed,512,512,10,1.000000,18.642,0.360,17.510,0.206,0.042,512,16984,923,bernoulli,8.0000,0.001000
sift1m,10000,128,29,10,0.100000,fixed,4,4,9,0.300000,0.251,0.090,0.154,0.002,0.001,4,135,9,bernoulli,8.0000,0.001000
sift1m,10000,128,29,10,0.100000,fixed,8,8,10,0.600000,0.323,0.043,0.265,0.004,0.002,8,244,18,bernoulli,8.0000,0.001000
sift1m,10000,128,29,10,0.100000,fixed,16,16,10,0.900000,0.537,0.049,0.464,0.006,0.003,16,462,34,bernoulli,8.0000,0.001000
sift1m,10000,128,29,10,0.100000,fixed,32,32,10,1.000000,1.067,0.041,0.977,0.014,0.004,32,988,90,bernoulli,8.0000,0.001000
sift1m,10000,128,29,10,0.100000,fixed,64,64,10,1.000000,2.236,0.058,2.074,0.029,0.007,64,2045,196,bernoulli,8.0000,0.001000
sift1m,10000,128,29,10,0.100000,fixed,128,128,10,1.000000,4.443,0.093,4.138,0.060,0.017,128,4050,402,bernoulli,8.0000,0.001000
sift1m,10000,128,29,10,0.100000,fixed,256,256,10,1.000000,9.547,0.217,8.886,0.133,0.022,256,8616,908,bernoulli,8.0000,0.001000
sift1m,10000,128,29,10,0.100000,fixed,512,512,10,1.000000,19.701,0.374,18.411,0.262,0.038,512,16984,1705,bernoulli,8.0000,0.001000
sift1m,10000,128,29,10,0.500000,fixed,4,4,10,1.000000,0.244,0.087,0.144,0.004,0.001,4,135,67,bernoulli,8.0000,0.001000
sift1m,10000,128,29,10,0.500000,fixed,8,8,10,1.000000,0.407,0.085,0.294,0.008,0.004,8,244,124,bernoulli,8.0000,0.001000
sift1m,10000,128,29,10,0.500000,fixed,16,16,10,1.000000,0.637,0.075,0.512,0.013,0.009,16,462,232,bernoulli,8.0000,0.001000
sift1m,10000,128,29,10,0.500000,fixed,32,32,10,1.000000,1.204,0.076,1.041,0.027,0.005,32,988,482,bernoulli,8.0000,0.001000
sift1m,10000,128,29,10,0.500000,fixed,64,64,10,1.000000,2.558,0.097,2.257,0.081,0.009,64,2045,1001,bernoulli,8.0000,0.001000
sift1m,10000,128,29,10,0.500000,fixed,128,128,10,1.000000,4.321,0.150,3.868,0.102,0.011,128,4050,1959,bernoulli,8.0000,0.001000
sift1m,10000,128,29,10,0.500000,fixed,256,256,10,1.000000,9.381,0.189,8.532,0.219,0.017,256,8616,4199,bernoulli,8.0000,0.001000
sift1m,10000,128,29,10,0.500000,fixed,512,512,10,1.000000,19.675,0.349,18.022,0.435,0.037,512,16984,8224,bernoulli,8.0000,0.001000
sift1m,10000,128,29,10,1.000000,fixed,4,4,10,1.000000,0.252,0.085,0.155,0.005,0.002,4,135,135,bernoulli,8.0000,0.001000
sift1m,10000,128,29,10,1.000000,fixed,8,8,10,1.000000,0.310,0.045,0.245,0.008,0.003,8,244,244,bernoulli,8.0000,0.001000
sift1m,10000,128,29,10,1.000000,fixed,16,16,10,1.000000,0.530,0.039,0.454,0.016,0.004,16,462,462,bernoulli,8.0000,0.001000
sift1m,10000,128,29,10,1.000000,fixed,32,32,10,1.000000,1.112,0.045,0.988,0.036,0.009,32,988,988,bernoulli,8.0000,0.001000
sift1m,10000,128,29,10,1.000000,fixed,64,64,10,1.000000,2.252,0.058,2.034,0.073,0.006,64,2045,2045,bernoulli,8.0000,0.001000
sift1m,10000,128,29,10,1.000000,fixed,128,128,10,1.000000,4.349,0.089,3.950,0.152,0.011,128,4050,4050,bernoulli,8.0000,0.001000
sift1m,10000,128,29,10,1.000000,fixed,256,256,10,1.000000,9.598,0.184,8.751,0.331,0.017,256,8616,8616,bernoulli,8.0000,0.001000
sift1m,10000,128,29,10,1.000000,fixed,512,512,10,1.000000,18.758,0.357,17.114,0.619,0.043,512,16984,16984,bernoulli,8.0000,0.001000
sift1m,10000,128,30,10,0.001000,fixed,4,4,0,0.000000,0.260,0.103,0.151,0.001,0.001,4,129,0,bernoulli,8.0000,0.001000
sift1m,10000,128,30,10,0.001000,fixed,8,8,0,0.000000,0.359,0.055,0.295,0.001,0.001,8,266,0,bernoulli,8.0000,0.001000
sift1m,10000,128,30,10,0.001000,fixed,16,16,0,0.000000,0.698,0.047,0.621,0.004,0.002,16,576,0,bernoulli,8.0000,0.001000
sift1m,10000,128,30,10,0.001000,fixed,32,32,1,0.142857,1.238,0.076,1.126,0.006,0.001,32,1151,1,bernoulli,8.0000,0.001000
sift1m,10000,128,30,10,0.001000,fixed,64,64,3,0.428571,2.296,0.068,2.157,0.011,0.002,64,2256,3,bernoulli,8.0000,0.001000
sift1m,10000,128,30,10,0.001000,fixed,128,128,4,0.571429,4.914,0.087,4.674,0.028,0.007,128,4619,7,bernoulli,8.0000,0.001000
sift1m,10000,128,30,10,0.001000,fixed,256,256,5,0.714286,9.944,0.234,9.428,0.047,0.007,256,8879,8,bernoulli,8.0000,0.001000
sift1m,10000,128,30,10,0.001000,fixed,512,512,5,0.714286,18.330,0.373,17.402,0.102,0.011,512,16992,15,bernoulli,8.0000,0.001000
sift1m,10000,128,30,10,0.010000,fixed,4,4,2,0.200000,0.212,0.066,0.138,0.001,0.001,4,129,2,bernoulli,8.0000,0.001000
sift1m,10000,128,30,10,0.010000,fixed,8,8,2,0.200000,0.334,0.046,0.275,0.002,0.001,8,266,4,bernoulli,8.0000,0.001000
sift1m,10000,128,30,10,0.010000,fixed,16,16,4,0.400000,0.656,0.041,0.585,0.004,0.004,16,576,7,bernoulli,8.0000,0.001000
sift1m,10000,128,30,10,0.010000,fixed,32,32,8,0.600000,1.289,0.045,1.187,0.008,0.005,32,1151,12,bernoulli,8.0000,0.001000
sift1m,10000,128,30,10,0.010000,fixed,64,64,10,0.700000,2.511,0.061,2.341,0.018,0.005,64,2256,26,bernoulli,8.0000,0.001000
sift1m,10000,128,30,10,0.010000,fixed,128,128,10,0.900000,5.117,0.098,4.798,0.037,0.009,128,4619,60,bernoulli,8.0000,0.001000
sift1m,10000,128,30,10,0.010000,fixed,256,256,10,1.000000,9.609,0.183,8.996,0.067,0.023,256,8879,107,bernoulli,8.0000,0.001000
sift1m,10000,128,30,10,0.010000,fixed,512,512,10,1.000000,19.061,0.443,17.738,0.174,0.024,512,16992,190,bernoulli,8.0000,0.001000
sift1m,10000,128,30,10,0.050000,fixed,4,4,6,0.400000,0.236,0.092,0.131,0.002,0.004,4,129,6,bernoulli,8.0000,0.001000
sift1m,10000,128,30,10,0.050000,fixed,8,8,10,0.600000,0.322,0.045,0.265,0.003,0.001,8,266,11,bernoulli,8.0000,0.001000
sift1m,10000,128,30,10,0.050000,fixed,16,16,10,0.700000,0.637,0.042,0.569,0.007,0.002,16,576,27,bernoulli,8.0000,0.001000
sift1m,10000,128,30,10,0.050000,fixed,32,32,10,1.000000,1.238,0.046,1.144,0.013,0.003,32,1151,51,bernoulli,8.0000,0.001000
sift1m,10000,128,30,10,0.050000,fixed,64,64,10,1.000000,2.502,0.062,2.328,0.034,0.011,64,2256,114,bernoulli,8.0000,0.001000
sift1m,10000,128,30,10,0.050000,fixed,128,128,10,1.000000,5.324,0.153,4.929,0.098,0.012,128,4619,242,bernoulli,8.0000,0.001000
sift1m,10000,128,30,10,0.050000,fixed,256,256,10,1.000000,9.716,0.193,9.122,0.109,0.024,256,8879,478,bernoulli,8.0000,0.001000
sift1m,10000,128,30,10,0.050000,fixed,512,512,10,1.000000,18.568,0.403,17.390,0.222,0.036,512,16992,905,bernoulli,8.0000,0.001000
sift1m,10000,128,30,10,0.100000,fixed,4,4,10,0.300000,0.237,0.090,0.139,0.002,0.001,4,129,14,bernoulli,8.0000,0.001000
sift1m,10000,128,30,10,0.100000,fixed,8,8,10,0.500000,0.343,0.050,0.276,0.004,0.001,8,266,23,bernoulli,8.0000,0.001000
sift1m,10000,128,30,10,0.100000,fixed,16,16,10,0.700000,0.671,0.046,0.597,0.008,0.002,16,576,44,bernoulli,8.0000,0.001000
sift1m,10000,128,30,10,0.100000,fixed,32,32,10,0.900000,1.334,0.049,1.227,0.016,0.007,32,1151,101,bernoulli,8.0000,0.001000
sift1m,10000,128,30,10,0.100000,fixed,64,64,10,1.000000,2.678,0.081,2.479,0.033,0.010,64,2256,212,bernoulli,8.0000,0.001000
sift1m,10000,128,30,10,0.100000,fixed,128,128,10,1.000000,5.214,0.126,4.816,0.080,0.019,128,4619,430,bernoulli,8.0000,0.001000
sift1m,10000,128,30,10,0.100000,fixed,256,256,10,1.000000,9.937,0.234,9.253,0.128,0.028,256,8879,825,bernoulli,8.0000,0.001000
sift1m,10000,128,30,10,0.100000,fixed,512,512,10,1.000000,18.772,0.417,17.521,0.241,0.047,512,16992,1580,bernoulli,8.0000,0.001000
sift1m,10000,128,30,10,0.500000,fixed,4,4,10,0.800000,0.231,0.079,0.140,0.004,0.002,4,129,69,bernoulli,8.0000,0.001000
sift1m,10000,128,30,10,0.500000,fixed,8,8,10,0.900000,0.335,0.039,0.275,0.007,0.002,8,266,135,bernoulli,8.0000,0.001000
sift1m,10000,128,30,10,0.500000,fixed,16,16,10,1.000000,0.653,0.037,0.572,0.014,0.006,16,576,284,bernoulli,8.0000,0.001000
sift1m,10000,128,30,10,0.500000,fixed,32,32,10,1.000000,1.269,0.043,1.145,0.027,0.004,32,1151,563,bernoulli,8.0000,0.001000
sift1m,10000,128,30,10,0.500000,fixed,64,64,10,1.000000,2.434,0.054,2.222,0.054,0.007,64,2256,1090,bernoulli,8.0000,0.001000
sift1m,10000,128,30,10,0.500000,fixed,128,128,10,1.000000,5.130,0.086,4.718,0.112,0.011,128,4619,2222,bernoulli,8.0000,0.001000
sift1m,10000,128,30,10,0.500000,fixed,256,256,10,1.000000,9.996,0.183,9.165,0.224,0.019,256,8879,4244,bernoulli,8.0000,0.001000
sift1m,10000,128,30,10,0.500000,fixed,512,512,10,1.000000,18.828,0.352,17.224,0.431,0.033,512,16992,8219,bernoulli,8.0000,0.001000
sift1m,10000,128,30,10,1.000000,fixed,4,4,10,0.900000,0.231,0.082,0.137,0.005,0.001,4,129,129,bernoulli,8.0000,0.001000
sift1m,10000,128,30,10,1.000000,fixed,8,8,10,0.900000,0.329,0.039,0.270,0.009,0.002,8,266,266,bernoulli,8.0000,0.001000
sift1m,10000,128,30,10,1.000000,fixed,16,16,10,0.900000,0.651,0.034,0.577,0.019,0.003,16,576,576,bernoulli,8.0000,0.001000
sift1m,10000,128,30,10,1.000000,fixed,32,32,10,0.900000,1.272,0.039,1.152,0.039,0.004,32,1151,1151,bernoulli,8.0000,0.001000
sift1m,10000,128,30,10,1.000000,fixed,64,64,10,1.000000,2.723,0.055,2.478,0.083,0.009,64,2256,2256,bernoulli,8.0000,0.001000
sift1m,10000,128,30,10,1.000000,fixed,128,128,10,1.000000,5.444,0.127,4.963,0.172,0.011,128,4619,4619,bernoulli,8.0000,0.001000
sift1m,10000,128,30,10,1.000000,fixed,256,256,10,1.000000,9.975,0.206,9.096,0.328,0.019,256,8879,8879,bernoulli,8.0000,0.001000
sift1m,10000,128,30,10,1.000000,fixed,512,512,10,1.000000,19.227,0.372,17.506,0.631,0.056,512,16992,16992,bernoulli,8.0000,0.001000
sift1m,10000,128,31,10,0.001000,fixed,4,4,1,0.100000,0.304,0.115,0.182,0.001,0.001,4,150,1,bernoulli,8.0000,0.001000
sift1m,10000,128,31,10,0.001000,fixed,8,8,2,0.200000,0.429,0.060,0.356,0.002,0.002,8,311,2,bernoulli,8.0000,0.001000
sift1m,10000,128,31,10,0.001000,fixed,16,16,2,0.200000,0.728,0.078,0.629,0.004,0.001,16,639,3,bernoulli,8.0000,0.001000
sift1m,10000,128,31,10,0.001000,fixed,32,32,2,0.200000,1.337,0.058,1.241,0.007,0.001,32,1220,3,bernoulli,8.0000,0.001000
sift1m,10000,128,31,10,0.001000,fixed,64,64,3,0.300000,2.374,0.067,2.236,0.012,0.002,64,2328,4,bernoulli,8.0000,0.001000
sift1m,10000,128,31,10,0.001000,fixed,128,128,4,0.400000,5.014,0.091,4.770,0.027,0.005,128,4531,5,bernoulli,8.0000,0.001000
sift1m,10000,128,31,10,0.001000,fixed,256,256,7,0.700000,9.573,0.210,9.072,0.053,0.008,256,8685,14,bernoulli,8.0000,0.001000
sift1m,10000,128,31,10,0.001000,fixed,512,512,8,0.700000,18.162,0.390,17.187,0.111,0.018,512,16919,19,bernoulli,8.0000,0.001000
sift1m,10000,128,31,10,0.010000,fixed,4,4,1,0.100000,0.268,0.093,0.167,0.001,0.001,4,150,1,bernoulli,8.0000,0.001000
sift1m,10000,128,31,10,0.010000,fixed,8,8,1,0.100000,0.443,0.053,0.373,0.002,0.001,8,311,1,bernoulli,8.0000,0.001000
sift1m,10000,128,31,10,0.010000,fixed,16,16,2,0.200000,0.771,0.050,0.685,0.007,0.002,16,639,2,bernoulli,8.0000,0.001000
sift1m,10000,128,31,10,0.010000,fixed,32,32,6,0.600000,1.335,0.084,1.195,0.009,0.002,32,1220,7,bernoulli,8.0000,0.001000
sift1m,10000,128,31,10,0.010000,fixed,64,64,10,1.000000,2.452,0.079,2.243,0.038,0.007,64,2328,24,bernoulli,8.0000,0.001000
sift1m,10000,128,31,10,0.010000,fixed,128,128,10,1.000000,4.929,0.099,4.611,0.038,0.010,128,4531,42,bernoulli,8.0000,0.001000
sift1m,10000,128,31,10,0.010000,fixed,256,256,10,1.000000,9.666,0.264,8.971,0.067,0.015,256,8685,79,bernoulli,8.0000,0.001000
sift1m,10000,128,31,10,0.010000,fixed,512,512,10,1.000000,18.091,0.373,16.858,0.129,0.022,512,16919,135,bernoulli,8.0000,0.001000
sift1m,10000,128,31,10,0.050000,fixed,4,4,10,0.500000,0.231,0.063,0.161,0.002,0.001,4,150,11,bernoulli,8.0000,0.001000
sift1m,10000,128,31,10,0.050000,fixed,8,8,10,0.600000,0.364,0.046,0.304,0.004,0.002,8,311,20,bernoulli,8.0000,0.001000
sift1m,10000,128,31,10,0.050000,fixed,16,16,10,0.800000,0.708,0.042,0.635,0.007,0.005,16,639,37,bernoulli,8.0000,0.001000
sift1m,10000,128,31,10,0.050000,fixed,32,32,10,1.000000,1.299,0.046,1.202,0.014,0.004,32,1220,67,bernoulli,8.0000,0.001000
sift1m,10000,128,31,10,0.050000,fixed,64,64,10,1.000000,2.573,0.063,2.397,0.025,0.014,64,2328,117,bernoulli,8.0000,0.001000
sift1m,10000,128,31,10,0.050000,fixed,128,128,10,1.000000,5.128,0.171,4.760,0.049,0.014,128,4531,234,bernoulli,8.0000,0.001000
sift1m,10000,128,31,10,0.050000,fixed,256,256,10,1.000000,9.160,0.209,8.572,0.096,0.026,256,8685,438,bernoulli,8.0000,0.001000
sift1m,10000,128,31,10,0.050000,fixed,512,512,10,1.000000,17.830,0.352,16.742,0.189,0.048,512,16919,859,bernoulli,8.0000,0.001000
sift1m,10000,128,31,10,0.100000,fixed,4,4,10,0.300000,0.266,0.094,0.164,0.002,0.001,4,150,11,bernoulli,8.0000,0.001000
sift1m,10000,128,31,10,0.100000,fixed,8,8,10,0.600000,0.381,0.049,0.314,0.005,0.002,8,311,32,bernoulli,8.0000,0.001000
sift1m,10000,128,31,10,0.100000,fixed,16,16,10,0.900000,0.792,0.049,0.710,0.010,0.004,16,639,66,bernoulli,8.0000,0.001000
sift1m,10000,128,31,10,0.100000,fixed,32,32,10,1.000000,1.445,0.050,1.331,0.017,0.004,32,1220,123,bernoulli,8.0000,0.001000
sift1m,10000,128,31,10,0.100000,fixed,64,64,10,1.000000,2.548,0.066,2.368,0.033,0.011,64,2328,221,bernoulli,8.0000,0.001000
sift1m,10000,128,31,10,0.100000,fixed,128,128,10,1.000000,5.000,0.118,4.652,0.074,0.016,128,4531,437,bernoulli,8.0000,0.001000
sift1m,10000,128,31,10,0.100000,fixed,256,256,10,1.000000,9.460,0.191,8.858,0.122,0.023,256,8685,807,bernoulli,8.0000,0.001000
sift1m,10000,128,31,10,0.100000,fixed,512,512,10,1.000000,18.331,0.383,17.073,0.242,0.048,512,16919,1607,bernoulli,8.0000,0.001000
sift1m,10000,128,31,10,0.500000,fixed,4,4,10,0.600000,0.237,0.066,0.158,0.004,0.001,4,150,72,bernoulli,8.0000,0.001000
sift1m,10000,128,31,10,0.500000,fixed,8,8,10,0.800000,0.367,0.043,0.302,0.007,0.002,8,311,145,bernoulli,8.0000,0.001000
sift1m,10000,128,31,10,0.500000,fixed,16,16,10,1.000000,0.700,0.039,0.615,0.015,0.005,16,639,321,bernoulli,8.0000,0.001000
sift1m,10000,128,31,10,0.500000,fixed,32,32,10,1.000000,1.310,0.043,1.183,0.028,0.003,32,1220,606,bernoulli,8.0000,0.001000
sift1m,10000,128,31,10,0.500000,fixed,64,64,10,1.000000,2.655,0.060,2.397,0.058,0.013,64,2328,1163,bernoulli,8.0000,0.001000
sift1m,10000,128,31,10,0.500000,fixed,128,128,10,1.000000,4.914,0.123,4.462,0.115,0.012,128,4531,2322,bernoulli,8.0000,0.001000
sift1m,10000,128,31,10,0.500000,fixed,256,256,10,1.000000,9.680,0.187,8.824,0.230,0.021,256,8685,4399,bernoulli,8.0000,0.001000
sift1m,10000,128,31,10,0.500000,fixed,512,512,10,1.000000,19.430,0.393,17.682,0.441,0.041,512,16919,8577,bernoulli,8.0000,0.001000
sift1m,10000,128,31,10,1.000000,fixed,4,4,10,0.900000,0.316,0.115,0.183,0.006,0.004,4,150,150,bernoulli,8.0000,0.001000
sift1m,10000,128,31,10,1.000000,fixed,8,8,10,0.900000,0.384,0.048,0.313,0.011,0.002,8,311,311,bernoulli,8.0000,0.001000
sift1m,10000,128,31,10,1.000000,fixed,16,16,10,1.000000,0.724,0.046,0.634,0.022,0.003,16,639,639,bernoulli,8.0000,0.001000
sift1m,10000,128,31,10,1.000000,fixed,32,32,10,1.000000,1.342,0.047,1.210,0.041,0.004,32,1220,1220,bernoulli,8.0000,0.001000
sift1m,10000,128,31,10,1.000000,fixed,64,64,10,1.000000,2.539,0.072,2.297,0.081,0.008,64,2328,2328,bernoulli,8.0000,0.001000
sift1m,10000,128,31,10,1.000000,fixed,128,128,10,1.000000,5.211,0.095,4.770,0.167,0.012,128,4531,4531,bernoulli,8.0000,0.001000
sift1m,10000,128,31,10,1.000000,fixed,256,256,10,1.000000,9.671,0.216,8.814,0.318,0.018,256,8685,8685,bernoulli,8.0000,0.001000
sift1m,10000,128,31,10,1.000000,fixed,512,512,10,1.000000,21.260,0.424,19.401,0.665,0.033,512,16919,16919,bernoulli,8.0000,0.001000
sift1m,10000,128,32,10,0.001000,fixed,4,4,0,0.000000,0.355,0.162,0.186,0.001,0.001,4,135,0,bernoulli,8.0000,0.001000
sift1m,10000,128,32,10,0.001000,fixed,8,8,1,0.250000,0.361,0.077,0.274,0.002,0.001,8,258,1,bernoulli,8.0000,0.001000
sift1m,10000,128,32,10,0.001000,fixed,16,16,1,0.250000,0.711,0.085,0.605,0.003,0.001,16,524,1,bernoulli,8.0000,0.001000
sift1m,10000,128,32,10,0.001000,fixed,32,32,1,0.250000,1.387,0.079,1.266,0.006,0.003,32,1057,2,bernoulli,8.0000,0.001000
sift1m,10000,128,32,10,0.001000,fixed,64,64,1,0.250000,2.828,0.108,2.630,0.012,0.004,64,2248,4,bernoulli,8.0000,0.001000
sift1m,10000,128,32,10,0.001000,fixed,128,128,2,0.500000,5.074,0.289,4.637,0.024,0.006,128,4413,7,bernoulli,8.0000,0.001000
sift1m,10000,128,32,10,0.001000,fixed,256,256,3,0.750000,9.977,0.229,9.466,0.044,0.012,256,8833,8,bernoulli,8.0000,0.001000
sift1m,10000,128,32,10,0.001000,fixed,512,512,3,0.750000,18.108,0.413,17.154,0.084,0.012,512,17043,11,bernoulli,8.0000,0.001000
sift1m,10000,128,32,10,0.010000,fixed,4,4,2,0.100000,0.248,0.095,0.146,0.001,0.001,4,135,2,bernoulli,8.0000,0.001000
sift1m,10000,128,32,10,0.010000,fixed,8,8,2,0.100000,0.314,0.048,0.254,0.002,0.001,8,258,4,bernoulli,8.0000,0.001000
sift1m,10000,128,32,10,0.010000,fixed,16,16,2,0.100000,0.612,0.043,0.547,0.004,0.001,16,524,4,bernoulli,8.0000,0.001000
sift1m,10000,128,32,10,0.010000,fixed,32,32,10,0.600000,1.356,0.046,1.259,0.010,0.003,32,1057,15,bernoulli,8.0000,0.001000
sift1m,10000,128,32,10,0.010000,fixed,64,64,10,0.800000,2.389,0.066,2.229,0.017,0.007,64,2248,27,bernoulli,8.0000,0.001000
sift1m,10000,128,32,10,0.010000,fixed,128,128,10,1.000000,4.565,0.087,4.304,0.034,0.007,128,4413,48,bernoulli,8.0000,0.001000
sift1m,10000,128,32,10,0.010000,fixed,256,256,10,1.000000,9.737,0.172,9.192,0.076,0.012,256,8833,83,bernoulli,8.0000,0.001000
sift1m,10000,128,32,10,0.010000,fixed,512,512,10,1.000000,18.697,0.347,17.581,0.186,0.035,512,17043,165,bernoulli,8.0000,0.001000
sift1m,10000,128,32,10,0.050000,fixed,4,4,8,0.200000,0.245,0.087,0.150,0.002,0.001,4,135,9,bernoulli,8.0000,0.001000
sift1m,10000,128,32,10,0.050000,fixed,8,8,10,0.300000,0.337,0.046,0.276,0.004,0.002,8,258,18,bernoulli,8.0000,0.001000
sift1m,10000,128,32,10,0.050000,fixed,16,16,10,1.000000,0.609,0.046,0.538,0.007,0.002,16,524,37,bernoulli,8.0000,0.001000
sift1m,10000,128,32,10,0.050000,fixed,32,32,10,1.000000,1.165,0.047,1.066,0.013,0.005,32,1057,73,bernoulli,8.0000,0.001000
sift1m,10000,128,32,10,0.050000,fixed,64,64,10,1.000000,2.505,0.059,2.340,0.028,0.010,64,2248,138,bernoulli,8.0000,0.001000
sift1m,10000,128,32,10,0.050000,fixed,128,128,10,1.000000,4.880,0.116,4.554,0.057,0.015,128,4413,286,bernoulli,8.0000,0.001000
sift1m,10000,128,32,10,0.050000,fixed,256,256,10,1.000000,9.662,0.218,9.051,0.106,0.020,256,8833,509,bernoulli,8.0000,0.001000
sift1m,10000,128,32,10,0.050000,fixed,512,512,10,1.000000,18.414,0.389,17.265,0.200,0.039,512,17043,918,bernoulli,8.0000,0.001000
sift1m,10000,128,32,10,0.100000,fixed,4,4,10,0.300000,0.201,0.052,0.141,0.002,0.001,4,135,12,bernoulli,8.0000,0.001000
sift1m,10000,128,32,10,0.100000,fixed,8,8,10,0.400000,0.307,0.036,0.258,0.004,0.001,8,258,20,bernoulli,8.0000,0.001000
sift1m,10000,128,32,10,0.100000,fixed,16,16,10,0.600000,0.578,0.034,0.518,0.007,0.002,16,524,44,bernoulli,8.0000,0.001000
sift1m,10000,128,32,10,0.100000,fixed,32,32,10,0.800000,1.136,0.039,1.046,0.014,0.004,32,1057,97,bernoulli,8.0000,0.001000
sift1m,10000,128,32,10,0.100000,fixed,64,64,10,1.000000,2.508,0.053,2.340,0.031,0.012,64,2248,209,bernoulli,8.0000,0.001000
sift1m,10000,128,32,10,0.100000,fixed,128,128,10,1.000000,4.891,0.148,4.530,0.064,0.013,128,4413,414,bernoulli,8.0000,0.001000
sift1m,10000,128,32,10,0.100000,fixed,256,256,10,1.000000,9.338,0.176,8.747,0.125,0.020,256,8833,847,bernoulli,8.0000,0.001000
sift1m,10000,128,32,10,0.100000,fixed,512,512,10,1.000000,18.533,0.365,17.328,0.242,0.052,512,17043,1661,bernoulli,8.0000,0.001000
sift1m,10000,128,32,10,0.500000,fixed,4,4,10,0.800000,0.274,0.098,0.163,0.004,0.001,4,135,74,bernoulli,8.0000,0.001000
sift1m,10000,128,32,10,0.500000,fixed,8,8,10,0.800000,0.350,0.053,0.276,0.007,0.002,8,258,143,bernoulli,8.0000,0.001000
sift1m,10000,128,32,10,0.500000,fixed,16,16,10,0.900000,0.694,0.078,0.567,0.015,0.007,16,524,272,bernoulli,8.0000,0.001000
sift1m,10000,128,32,10,0.500000,fixed,32,32,10,1.000000,1.273,0.077,1.115,0.028,0.005,32,1057,543,bernoulli,8.0000,0.001000
sift1m,10000,128,32,10,0.500000,fixed,64,64,10,1.000000,2.586,0.078,2.345,0.056,0.008,64,2248,1124,bernoulli,8.0000,0.001000
sift1m,10000,128,32,10,0.500000,fixed,128,128,10,1.000000,4.971,0.120,4.529,0.114,0.011,128,4413,2232,bernoulli,8.0000,0.001000
sift1m,10000,128,32,10,0.500000,fixed,256,256,10,1.000000,9.718,0.192,8.872,0.220,0.027,256,8833,4342,bernoulli,8.0000,0.001000
sift1m,10000,128,32,10,0.500000,fixed,512,512,10,1.000000,19.012,0.361,17.323,0.440,0.032,512,17043,8438,bernoulli,8.0000,0.001000
sift1m,10000,128,32,10,1.000000,fixed,4,4,10,0.700000,0.233,0.072,0.149,0.005,0.001,4,135,135,bernoulli,8.0000,0.001000
sift1m,10000,128,32,10,1.000000,fixed,8,8,10,0.700000,0.452,0.046,0.369,0.011,0.004,8,258,258,bernoulli,8.0000,0.001000
sift1m,10000,128,32,10,1.000000,fixed,16,16,10,0.700000,0.684,0.108,0.531,0.020,0.003,16,524,524,bernoulli,8.0000,0.001000
sift1m,10000,128,32,10,1.000000,fixed,32,32,10,1.000000,1.199,0.060,1.049,0.038,0.004,32,1057,1057,bernoulli,8.0000,0.001000
sift1m,10000,128,32,10,1.000000,fixed,64,64,10,1.000000,2.707,0.075,2.441,0.085,0.011,64,2248,2248,bernoulli,8.0000,0.001000
sift1m,10000,128,32,10,1.000000,fixed,128,128,10,1.000000,4.956,0.138,4.485,0.165,0.018,128,4413,4413,bernoulli,8.0000,0.001000
sift1m,10000,128,32,10,1.000000,fixed,256,256,10,1.000000,9.697,0.203,8.847,0.320,0.030,256,8833,8833,bernoulli,8.0000,0.001000
sift1m,10000,128,32,10,1.000000,fixed,512,512,10,1.000000,19.105,0.408,17.391,0.634,0.042,512,17043,17043,bernoulli,8.0000,0.001000
sift1m,10000,128,33,10,0.001000,fixed,4,4,0,0.000000,0.256,0.086,0.164,0.001,0.001,4,146,0,bernoulli,8.0000,0.001000
sift1m,10000,128,33,10,0.001000,fixed,8,8,0,0.000000,0.337,0.048,0.280,0.002,0.001,8,282,0,bernoulli,8.0000,0.001000
sift1m,10000,128,33,10,0.001000,fixed,16,16,0,0.000000,0.644,0.039,0.587,0.003,0.001,16,571,0,bernoulli,8.0000,0.001000
sift1m,10000,128,33,10,0.001000,fixed,32,32,2,0.250000,1.408,0.043,1.317,0.009,0.002,32,1156,2,bernoulli,8.0000,0.001000
sift1m,10000,128,33,10,0.001000,fixed,64,64,2,0.250000,2.415,0.094,2.244,0.016,0.004,64,2213,3,bernoulli,8.0000,0.001000
sift1m,10000,128,33,10,0.001000,fixed,128,128,4,0.500000,4.806,0.192,4.473,0.022,0.004,128,4456,8,bernoulli,8.0000,0.001000
sift1m,10000,128,33,10,0.001000,fixed,256,256,4,0.500000,9.718,0.206,9.188,0.089,0.010,256,8759,13,bernoulli,8.0000,0.001000
sift1m,10000,128,33,10,0.001000,fixed,512,512,5,0.625000,18.184,0.454,17.068,0.206,0.013,512,16960,23,bernoulli,8.0000,0.001000
sift1m,10000,128,33,10,0.010000,fixed,4,4,1,0.100000,0.220,0.065,0.147,0.001,0.001,4,146,1,bernoulli,8.0000,0.001000
sift1m,10000,128,33,10,0.010000,fixed,8,8,1,0.100000,0.320,0.043,0.266,0.002,0.001,8,282,1,bernoulli,8.0000,0.001000
sift1m,10000,128,33,10,0.010000,fixed,16,16,3,0.100000,0.609,0.039,0.545,0.004,0.001,16,571,4,bernoulli,8.0000,0.001000
sift1m,10000,128,33,10,0.010000,fixed,32,32,7,0.400000,1.239,0.043,1.147,0.008,0.002,32,1156,8,bernoulli,8.0000,0.001000
sift1m,10000,128,33,10,0.010000,fixed,64,64,10,0.700000,2.350,0.058,2.198,0.015,0.003,64,2213,15,bernoulli,8.0000,0.001000
sift1m,10000,128,33,10,0.010000,fixed,128,128,10,0.800000,4.919,0.087,4.599,0.068,0.011,128,4456,30,bernoulli,8.0000,0.001000
sift1m,10000,128,33,10,0.010000,fixed,256,256,10,1.000000,9.719,0.263,9.058,0.070,0.014,256,8759,73,bernoulli,8.0000,0.001000
sift1m,10000,128,33,10,0.010000,fixed,512,512,10,1.000000,18.175,0.429,16.884,0.224,0.020,512,16960,174,bernoulli,8.0000,0.001000
sift1m,10000,128,33,10,0.050000,fixed,4,4,9,0.300000,0.237,0.069,0.157,0.002,0.001,4,146,9,bernoulli,8.0000,0.001000
sift1m,10000,128,33,10,0.050000,fixed,8,8,10,0.600000,0.331,0.044,0.274,0.003,0.001,8,282,15,bernoulli,8.0000,0.001000
sift1m,10000,128,33,10,0.050000,fixed,16,16,10,0.700000,0.635,0.041,0.565,0.006,0.005,16,571,26,bernoulli,8.0000,0.001000
sift1m,10000,128,33,10,0.050000,fixed,32,32,10,0.900000,1.325,0.045,1.221,0.014,0.007,32,1156,59,bernoulli,8.0000,0.001000
sift1m,10000,128,33,10,0.050000,fixed,64,64,10,1.000000,2.434,0.088,2.245,0.026,0.010,64,2213,115,bernoulli,8.0000,0.001000
sift1m,10000,128,33,10,0.050000,fixed,128,128,10,1.000000,5.065,0.107,4.729,0.054,0.023,128,4456,212,bernoulli,8.0000,0.001000
sift1m,10000,128,33,10,0.050000,fixed,256,256,10,1.000000,9.557,0.185,8.845,0.231,0.026,256,8759,426,bernoulli,8.0000,0.001000
sift1m,10000,128,33,10,0.050000,fixed,512,512,10,1.000000,18.587,0.354,17.410,0.263,0.044,512,16960,798,bernoulli,8.0000,0.001000
sift1m,10000,128,33,10,0.100000,fixed,4,4,10,0.600000,0.274,0.096,0.168,0.003,0.002,4,146,21,bernoulli,8.0000,0.001000
sift1m,10000,128,33,10,0.100000,fixed,8,8,10,0.800000,0.359,0.053,0.290,0.005,0.002,8,282,37,bernoulli,8.0000,0.001000
sift1m,10000,128,33,10,0.100000,fixed,16,16,10,0.800000,0.662,0.043,0.588,0.010,0.003,16,571,73,bernoulli,8.0000,0.001000
sift1m,10000,128,33,10,0.100000,fixed,32,32,10,0.900000,1.329,0.047,1.223,0.019,0.004,32,1156,129,bernoulli,8.0000,0.001000
sift1m,10000,128,33,10,0.100000,fixed,64,64,10,1.000000,2.392,0.064,2.217,0.036,0.007,64,2213,252,bernoulli,8.0000,0.001000
sift1m,10000,128,33,10,0.100000,fixed,128,128,10,1.000000,4.865,0.098,4.537,0.073,0.015,128,4456,502,bernoulli,8.0000,0.001000
sift1m,10000,128,33,10,0.100000,fixed,256,256,10,1.000000,9.574,0.206,8.924,0.140,0.023,256,8759,963,bernoulli,8.0000,0.001000
sift1m,10000,128,33,10,0.100000,fixed,512,512,10,1.000000,18.326,0.406,17.069,0.270,0.036,512,16960,1828,bernoulli,8.0000,0.001000
sift1m,10000,128,33,10,0.500000,fixed,4,4,10,0.600000,0.241,0.072,0.156,0.004,0.001,4,146,79,bernoulli,8.0000,0.001000
sift1m,10000,128,33,10,0.500000,fixed,8,8,10,0.700000,0.346,0.043,0.280,0.008,0.002,8,282,153,bernoulli,8.0000,0.001000
sift1m,10000,128,33,10,0.500000,fixed,16,16,10,0.700000,0.668,0.044,0.582,0.015,0.003,16,571,310,bernoulli,8.0000,0.001000
sift1m,10000,128,33,10,0.500000,fixed,32,32,10,0.900000,1.349,0.047,1.216,0.030,0.004,32,1156,606,bernoulli,8.0000,0.001000
sift1m,10000,128,33,10,0.500000,fixed,64,64,10,1.000000,2.531,0.084,2.280,0.059,0.006,64,2213,1151,bernoulli,8.0000,0.001000
sift1m,10000,128,33,10,0.500000,fixed,128,128,10,1.000000,4.986,0.122,4.528,0.119,0.011,128,4456,2313,bernoulli,8.0000,0.001000
sift1m,10000,128,33,10,0.500000,fixed,256,256,10,1.000000,10.005,0.195,9.135,0.231,0.021,256,8759,4476,bernoulli,8.0000,0.001000
sift1m,10000,128,33,10,0.500000,fixed,512,512,10,1.000000,18.609,0.339,16.978,0.448,0.032,512,16960,8573,bernoulli,8.0000,0.001000
sift1m,10000,128,33,10,1.000000,fixed,4,4,10,0.600000,0.250,0.075,0.163,0.005,0.001,4,146,146,bernoulli,8.0000,0.001000
sift1m,10000,128,33,10,1.000000,fixed,8,8,10,0.700000,0.342,0.042,0.279,0.009,0.002,8,282,282,bernoulli,8.0000,0.001000
sift1m,10000,128,33,10,1.000000,fixed,16,16,10,0.700000,0.656,0.038,0.574,0.019,0.005,16,571,571,bernoulli,8.0000,0.001000
sift1m,10000,128,33,10,1.000000,fixed,32,32,10,0.900000,1.312,0.044,1.189,0.040,0.004,32,1156,1156,bernoulli,8.0000,0.001000
sift1m,10000,128,33,10,1.000000,fixed,64,64,10,1.000000,2.654,0.056,2.408,0.086,0.009,64,2213,2213,bernoulli,8.0000,0.001000
sift1m,10000,128,33,10,1.000000,fixed,128,128,10,1.000000,5.153,0.143,4.678,0.166,0.010,128,4456,4456,bernoulli,8.0000,0.001000
sift1m,10000,128,33,10,1.000000,fixed,256,256,10,1.000000,9.763,0.204,8.914,0.325,0.019,256,8759,8759,bernoulli,8.0000,0.001000
sift1m,10000,128,33,10,1.000000,fixed,512,512,10,1.000000,19.194,0.352,17.556,0.642,0.029,512,16960,16960,bernoulli,8.0000,0.001000
sift1m,10000,128,34,10,0.001000,fixed,4,4,0,0.000000,0.236,0.083,0.148,0.001,0.001,4,138,0,bernoulli,8.0000,0.001000
sift1m,10000,128,34,10,0.001000,fixed,8,8,0,0.000000,0.353,0.045,0.299,0.001,0.000,8,304,0,bernoulli,8.0000,0.001000
sift1m,10000,128,34,10,0.001000,fixed,16,16,0,0.000000,0.653,0.041,0.594,0.003,0.001,16,590,0,bernoulli,8.0000,0.001000
sift1m,10000,128,34,10,0.001000,fixed,32,32,0,0.000000,1.199,0.045,1.119,0.006,0.001,32,1150,0,bernoulli,8.0000,0.001000
sift1m,10000,128,34,10,0.001000,fixed,64,64,0,0.000000,2.535,0.058,2.401,0.014,0.003,64,2311,0,bernoulli,8.0000,0.001000
sift1m,10000,128,34,10,0.001000,fixed,128,128,0,0.000000,4.930,0.165,4.626,0.023,0.003,128,4424,0,bernoulli,8.0000,0.001000
sift1m,10000,128,34,10,0.001000,fixed,256,256,2,0.250000,9.549,0.201,9.007,0.108,0.006,256,8914,4,bernoulli,8.0000,0.001000
sift1m,10000,128,34,10,0.001000,fixed,512,512,2,0.250000,18.297,0.389,17.284,0.170,0.011,512,16925,6,bernoulli,8.0000,0.001000
sift1m,10000,128,34,10,0.010000,fixed,4,4,3,0.300000,0.212,0.066,0.136,0.001,0.001,4,138,3,bernoulli,8.0000,0.001000
sift1m,10000,128,34,10,0.010000,fixed,8,8,5,0.500000,0.353,0.046,0.295,0.002,0.001,8,304,7,bernoulli,8.0000,0.001000
sift1m,10000,128,34,10,0.010000,fixed,16,16,7,0.600000,0.651,0.043,0.587,0.004,0.001,16,590,9,bernoulli,8.0000,0.001000
sift1m,10000,128,34,10,0.010000,fixed,32,32,10,0.700000,1.191,0.044,1.106,0.009,0.003,32,1150,19,bernoulli,8.0000,0.001000
sift1m,10000,128,34,10,0.010000,fixed,64,64,10,1.000000,2.378,0.059,2.237,0.017,0.005,64,2311,37,bernoulli,8.0000,0.001000
sift1m,10000,128,34,10,0.010000,fixed,128,128,10,1.000000,4.764,0.085,4.482,0.066,0.017,128,4424,65,bernoulli,8.0000,0.001000
sift1m,10000,128,34,10,0.010000,fixed,256,256,10,1.000000,9.857,0.250,9.257,0.098,0.016,256,8914,111,bernoulli,8.0000,0.001000
sift1m,10000,128,34,10,0.010000,fixed,512,512,10,1.000000,17.629,0.342,16.684,0.130,0.031,512,16925,195,bernoulli,8.0000,0.001000
sift1m,10000,128,34,10,0.050000,fixed,4,4,5,0.200000,0.249,0.095,0.147,0.002,0.001,4,138,5,bernoulli,8.0000,0.001000
sift1m,10000,128,34,10,0.050000,fixed,8,8,10,0.300000,0.373,0.046,0.313,0.003,0.001,8,304,14,bernoulli,8.0000,0.001000
sift1m,10000,128,34,10,0.050000,fixed,16,16,10,0.400000,0.692,0.047,0.619,0.006,0.003,16,590,28,bernoulli,8.0000,0.001000
sift1m,10000,128,34,10,0.050000,fixed,32,32,10,0.600000,1.250,0.046,1.146,0.012,0.007,32,1150,56,bernoulli,8.0000,0.001000
sift1m,10000,128,34,10,0.050000,fixed,64,64,10,1.000000,2.519,0.056,2.365,0.024,0.006,64,2311,107,bernoulli,8.0000,0.001000
sift1m,10000,128,34,10,0.050000,fixed,128,128,10,1.000000,4.983,0.092,4.686,0.051,0.018,128,4424,222,bernoulli,8.0000,0.001000
sift1m,10000,128,34,10,0.050000,fixed,256,256,10,1.000000,9.376,0.191,8.808,0.096,0.027,256,8914,484,bernoulli,8.0000,0.001000
sift1m,10000,128,34,10,0.050000,fixed,512,512,10,1.000000,18.938,0.427,17.790,0.198,0.030,512,16925,921,bernoulli,8.0000,0.001000
sift1m,10000,128,34,10,0.100000,fixed,4,4,10,0.200000,0.201,0.045,0.149,0.002,0.001,4,138,11,bernoulli,8.0000,0.001000
sift1m,10000,128,34,10,0.100000,fixed,8,8,10,0.600000,0.346,0.029,0.302,0.004,0.002,8,304,28,bernoulli,8.0000,0.001000
sift1m,10000,128,34,10,0.100000,fixed,16,16,10,0.800000,0.673,0.030,0.611,0.008,0.005,16,590,51,bernoulli,8.0000,0.001000
sift1m,10000,128,34,10,0.100000,fixed,32,32,10,0.800000,1.257,0.037,1.163,0.015,0.007,32,1150,105,bernoulli,8.0000,0.001000
sift1m,10000,128,34,10,0.100000,fixed,64,64,10,1.000000,2.591,0.050,2.420,0.034,0.009,64,2311,230,bernoulli,8.0000,0.001000
sift1m,10000,128,34,10,0.100000,fixed,128,128,10,1.000000,4.818,0.136,4.466,0.064,0.015,128,4424,432,bernoulli,8.0000,0.001000
sift1m,10000,128,34,10,0.100000,fixed,256,256,10,1.000000,9.756,0.172,9.141,0.130,0.030,256,8914,849,bernoulli,8.0000,0.001000
sift1m,10000,128,34,10,0.100000,fixed,512,512,10,1.000000,18.473,0.400,17.236,0.265,0.047,512,16925,1678,bernoulli,8.0000,0.001000
sift1m,10000,128,34,10,0.500000,fixed,4,4,10,0.700000,0.239,0.075,0.152,0.004,0.001,4,138,62,bernoulli,8.0000,0.001000
sift1m,10000,128,34,10,0.500000,fixed,8,8,10,1.000000,0.375,0.051,0.303,0.007,0.002,8,304,145,bernoulli,8.0000,0.001000
sift1m,10000,128,34,10,0.500000,fixed,16,16,10,1.000000,0.674,0.042,0.593,0.013,0.002,16,590,283,bernoulli,8.0000,0.001000
sift1m,10000,128,34,10,0.500000,fixed,32,32,10,1.000000,1.295,0.060,1.154,0.027,0.004,32,1150,559,bernoulli,8.0000,0.001000
sift1m,10000,128,34,10,0.500000,fixed,64,64,10,1.000000,2.531,0.059,2.310,0.055,0.006,64,2311,1120,bernoulli,8.0000,0.001000
sift1m,10000,128,34,10,0.500000,fixed,128,128,10,1.000000,4.891,0.087,4.471,0.116,0.010,128,4424,2150,bernoulli,8.0000,0.001000
sift1m,10000,128,34,10,0.500000,fixed,256,256,10,1.000000,9.983,0.182,9.149,0.228,0.019,256,8914,4341,bernoulli,8.0000,0.001000
sift1m,10000,128,34,10,0.500000,fixed,512,512,10,1.000000,18.894,0.394,17.224,0.441,0.032,512,16925,8331,bernoulli,8.0000,0.001000
sift1m,10000,128,34,10,1.000000,fixed,4,4,10,0.900000,0.235,0.070,0.153,0.006,0.001,4,138,138,bernoulli,8.0000,0.001000
sift1m,10000,128,34,10,1.000000,fixed,8,8,10,1.000000,0.364,0.031,0.308,0.010,0.002,8,304,304,bernoulli,8.0000,0.001000
sift1m,10000,128,34,10,1.000000,fixed,16,16,10,1.000000,0.666,0.033,0.592,0.019,0.003,16,590,590,bernoulli,8.0000,0.001000
sift1m,10000,128,34,10,1.000000,fixed,32,32,10,1.000000,1.247,0.043,1.122,0.040,0.004,32,1150,1150,bernoulli,8.0000,0.001000
sift1m,10000,128,34,10,1.000000,fixed,64,64,10,1.000000,2.466,0.056,2.246,0.082,0.006,64,2311,2311,bernoulli,8.0000,0.001000
sift1m,10000,128,34,10,1.000000,fixed,128,128,10,1.000000,4.923,0.085,4.492,0.170,0.020,128,4424,4424,bernoulli,8.0000,0.001000
sift1m,10000,128,34,10,1.000000,fixed,256,256,10,1.000000,10.511,0.238,9.576,0.328,0.029,256,8914,8914,bernoulli,8.0000,0.001000
sift1m,10000,128,34,10,1.000000,fixed,512,512,10,1.000000,18.845,0.411,17.166,0.619,0.030,512,16925,16925,bernoulli,8.0000,0.001000
sift1m,10000,128,35,10,0.001000,fixed,4,4,0,0.000000,0.267,0.085,0.175,0.001,0.001,4,163,0,bernoulli,8.0000,0.001000
sift1m,10000,128,35,10,0.001000,fixed,8,8,0,0.000000,0.384,0.044,0.326,0.002,0.000,8,314,0,bernoulli,8.0000,0.001000
sift1m,10000,128,35,10,0.001000,fixed,16,16,0,0.000000,0.668,0.042,0.607,0.003,0.001,16,614,0,bernoulli,8.0000,0.001000
sift1m,10000,128,35,10,0.001000,fixed,32,32,0,0.000000,1.359,0.043,1.277,0.006,0.001,32,1225,0,bernoulli,8.0000,0.001000
sift1m,10000,128,35,10,0.001000,fixed,64,64,0,0.000000,2.551,0.084,2.395,0.012,0.002,64,2362,0,bernoulli,8.0000,0.001000
sift1m,10000,128,35,10,0.001000,fixed,128,128,0,0.000000,4.819,0.116,4.563,0.022,0.003,128,4483,0,bernoulli,8.0000,0.001000
sift1m,10000,128,35,10,0.001000,fixed,256,256,3,0.428571,9.184,0.203,8.707,0.043,0.006,256,8620,3,bernoulli,8.0000,0.001000
sift1m,10000,128,35,10,0.001000,fixed,512,512,5,0.714286,18.091,0.389,17.145,0.092,0.015,512,17019,12,bernoulli,8.0000,0.001000
sift1m,10000,128,35,10,0.010000,fixed,4,4,4,0.200000,0.296,0.099,0.182,0.002,0.001,4,163,4,bernoulli,8.0000,0.001000
sift1m,10000,128,35,10,0.010000,fixed,8,8,5,0.300000,0.390,0.044,0.329,0.002,0.001,8,314,5,bernoulli,8.0000,0.001000
sift1m,10000,128,35,10,0.010000,fixed,16,16,8,0.400000,0.735,0.041,0.657,0.005,0.005,16,614,8,bernoulli,8.0000,0.001000
sift1m,10000,128,35,10,0.010000,fixed,32,32,10,0.600000,1.382,0.091,1.227,0.009,0.002,32,1225,14,bernoulli,8.0000,0.001000
sift1m,10000,128,35,10,0.010000,fixed,64,64,10,0.900000,2.526,0.075,2.330,0.017,0.004,64,2362,34,bernoulli,8.0000,0.001000
sift1m,10000,128,35,10,0.010000,fixed,128,128,10,0.900000,4.901,0.103,4.536,0.040,0.008,128,4483,59,bernoulli,8.0000,0.001000
sift1m,10000,128,35,10,0.010000,fixed,256,256,10,1.000000,9.308,0.194,8.620,0.095,0.022,256,8620,118,bernoulli,8.0000,0.001000
sift1m,10000,128,35,10,0.010000,fixed,512,512,10,1.000000,18.822,0.431,17.405,0.181,0.029,512,17019,228,bernoulli,8.0000,0.001000
sift1m,10000,128,35,10,0.050000,fixed,4,4,10,0.300000,0.272,0.094,0.169,0.002,0.001,4,163,11,bernoulli,8.0000,0.001000
sift1m,10000,128,35,10,0.050000,fixed,8,8,10,0.900000,0.390,0.048,0.327,0.004,0.002,8,314,24,bernoulli,8.0000,0.001000
sift1m,10000,128,35,10,0.050000,fixed,16,16,10,0.900000,0.747,0.041,0.674,0.007,0.004,16,614,31,bernoulli,8.0000,0.001000
sift1m,10000,128,35,10,0.050000,fixed,32,32,10,1.000000,1.315,0.062,1.200,0.013,0.004,32,1225,58,bernoulli,8.0000,0.001000
sift1m,10000,128,35,10,0.050000,fixed,64,64,10,1.000000,2.489,0.063,2.325,0.025,0.010,64,2362,111,bernoulli,8.0000,0.001000
sift1m,10000,128,35,10,0.050000,fixed,128,128,10,1.000000,4.751,0.112,4.454,0.046,0.011,128,4483,200,bernoulli,8.0000,0.001000
sift1m,10000,128,35,10,0.050000,fixed,256,256,10,1.000000,9.099,0.181,8.562,0.091,0.018,256,8620,405,bernoulli,8.0000,0.001000
sift1m,10000,128,35,10,0.050000,fixed,512,512,10,1.000000,18.820,0.361,17.633,0.209,0.040,512,17019,843,bernoulli,8.0000,0.001000
sift1m,10000,128,35,10,0.100000,fixed,4,4,10,0.300000,0.289,0.098,0.182,0.003,0.001,4,163,16,bernoulli,8.0000,0.001000
sift1m,10000,128,35,10,0.100000,fixed,8,8,10,0.600000,0.411,0.045,0.346,0.006,0.004,8,314,36,bernoulli,8.0000,0.001000
sift1m,10000,128,35,10,0.100000,fixed,16,16,10,1.000000,0.701,0.039,0.632,0.010,0.002,16,614,65,bernoulli,8.0000,0.001000
sift1m,10000,128,35,10,0.100000,fixed,32,32,10,1.000000,1.389,0.044,1.285,0.019,0.004,32,1225,124,bernoulli,8.0000,0.001000
sift1m,10000,128,35,10,0.100000,fixed,64,64,10,1.000000,2.602,0.055,2.424,0.037,0.010,64,2362,243,bernoulli,8.0000,0.001000
sift1m,10000,128,35,10,0.100000,fixed,128,128,10,1.000000,4.802,0.118,4.460,0.071,0.014,128,4483,470,bernoulli,8.0000,0.001000
sift1m,10000,128,35,10,0.100000,fixed,256,256,10,1.000000,9.448,0.188,8.815,0.137,0.025,256,8620,894,bernoulli,8.0000,0.001000
sift1m,10000,128,35,10,0.100000,fixed,512,512,10,1.000000,18.745,0.390,17.491,0.271,0.039,512,17019,1758,bernoulli,8.0000,0.001000
sift1m,10000,128,35,10,0.500000,fixed,4,4,10,0.800000,0.290,0.087,0.189,0.004,0.002,4,163,72,bernoulli,8.0000,0.001000
sift1m,10000,128,35,10,0.500000,fixed,8,8,10,0.800000,0.418,0.053,0.341,0.008,0.002,8,314,158,bernoulli,8.0000,0.001000
sift1m,10000,128,35,10,0.500000,fixed,16,16,10,0.900000,0.759,0.049,0.664,0.015,0.003,16,614,305,bernoulli,8.0000,0.001000
sift1m,10000,128,35,10,0.500000,fixed,32,32,10,1.000000,1.420,0.055,1.278,0.030,0.004,32,1225,610,bernoulli,8.0000,0.001000
sift1m,10000,128,35,10,0.500000,fixed,64,64,10,1.000000,2.642,0.069,2.400,0.058,0.006,64,2362,1144,bernoulli,8.0000,0.001000
sift1m,10000,128,35,10,0.500000,fixed,128,128,10,1.000000,4.973,0.111,4.533,0.110,0.012,128,4483,2144,bernoulli,8.0000,0.001000
sift1m,10000,128,35,10,0.500000,fixed,256,256,10,1.000000,9.320,0.177,8.482,0.219,0.028,256,8620,4106,bernoulli,8.0000,0.001000
sift1m,10000,128,35,10,0.500000,fixed,512,512,10,1.000000,19.219,0.486,17.509,0.428,0.030,512,17019,8187,bernoulli,8.0000,0.001000
sift1m,10000,128,35,10,1.000000,fixed,4,4,10,0.900000,0.246,0.056,0.177,0.006,0.001,4,163,163,bernoulli,8.0000,0.001000
sift1m,10000,128,35,10,1.000000,fixed,8,8,10,0.900000,0.396,0.036,0.338,0.010,0.002,8,314,314,bernoulli,8.0000,0.001000
sift1m,10000,128,35,10,1.000000,fixed,16,16,10,1.000000,0.678,0.032,0.604,0.020,0.002,16,614,614,bernoulli,8.0000,0.001000
sift1m,10000,128,35,10,1.000000,fixed,32,32,10,1.000000,1.350,0.036,1.231,0.041,0.003,32,1225,1225,bernoulli,8.0000,0.001000
sift1m,10000,128,35,10,1.000000,fixed,64,64,10,1.000000,2.557,0.051,2.343,0.082,0.006,64,2362,2362,bernoulli,8.0000,0.001000
sift1m,10000,128,35,10,1.000000,fixed,128,128,10,1.000000,4.885,0.107,4.459,0.163,0.011,128,4483,4483,bernoulli,8.0000,0.001000
sift1m,10000,128,35,10,1.000000,fixed,256,256,10,1.000000,9.497,0.172,8.687,0.320,0.018,256,8620,8620,bernoulli,8.0000,0.001000
sift1m,10000,128,35,10,1.000000,fixed,512,512,10,1.000000,19.168,0.381,17.484,0.643,0.037,512,17019,17019,bernoulli,8.0000,0.001000
sift1m,10000,128,36,10,0.001000,fixed,4,4,0,0.000000,0.227,0.080,0.141,0.001,0.000,4,142,0,bernoulli,8.0000,0.001000
sift1m,10000,128,36,10,0.001000,fixed,8,8,0,0.000000,0.370,0.039,0.319,0.002,0.000,8,318,0,bernoulli,8.0000,0.001000
sift1m,10000,128,36,10,0.001000,fixed,16,16,0,0.000000,0.733,0.035,0.675,0.003,0.001,16,621,0,bernoulli,8.0000,0.001000
sift1m,10000,128,36,10,0.001000,fixed,32,32,0,0.000000,1.348,0.063,1.242,0.006,0.001,32,1227,0,bernoulli,8.0000,0.001000
sift1m,10000,128,36,10,0.001000,fixed,64,64,0,0.000000,2.606,0.068,2.451,0.013,0.002,64,2419,0,bernoulli,8.0000,0.001000
sift1m,10000,128,36,10,0.001000,fixed,128,128,1,0.100000,5.363,0.093,5.058,0.067,0.005,128,4637,1,bernoulli,8.0000,0.001000
sift1m,10000,128,36,10,0.001000,fixed,256,256,2,0.200000,9.490,0.270,8.900,0.056,0.008,256,8683,3,bernoulli,8.0000,0.001000
sift1m,10000,128,36,10,0.001000,fixed,512,512,7,0.700000,18.256,0.407,17.158,0.186,0.013,512,17000,17,bernoulli,8.0000,0.001000
sift1m,10000,128,36,10,0.010000,fixed,4,4,3,0.300000,0.220,0.068,0.144,0.001,0.001,4,142,3,bernoulli,8.0000,0.001000
sift1m,10000,128,36,10,0.010000,fixed,8,8,4,0.400000,0.383,0.040,0.328,0.002,0.001,8,318,4,bernoulli,8.0000,0.001000
sift1m,10000,128,36,10,0.010000,fixed,16,16,7,0.600000,0.723,0.036,0.660,0.005,0.002,16,621,8,bernoulli,8.0000,0.001000
sift1m,10000,128,36,10,0.010000,fixed,32,32,10,0.800000,1.381,0.063,1.260,0.009,0.005,32,1227,11,bernoulli,8.0000,0.001000
sift1m,10000,128,36,10,0.010000,fixed,64,64,10,1.000000,2.672,0.070,2.504,0.017,0.007,64,2419,21,bernoulli,8.0000,0.001000
sift1m,10000,128,36,10,0.010000,fixed,128,128,10,1.000000,5.366,0.107,5.076,0.034,0.007,128,4637,39,bernoulli,8.0000,0.001000
sift1m,10000,128,36,10,0.010000,fixed,256,256,10,1.000000,10.067,0.273,9.413,0.079,0.014,256,8683,74,bernoulli,8.0000,0.001000
sift1m,10000,128,36,10,0.010000,fixed,512,512,10,1.000000,18.506,0.395,17.418,0.134,0.020,512,17000,137,bernoulli,8.0000,0.001000
sift1m,10000,128,36,10,0.050000,fixed,4,4,7,0.200000,0.251,0.091,0.152,0.002,0.001,4,142,7,bernoulli,8.0000,0.001000
sift1m,10000,128,36,10,0.050000,fixed,8,8,10,0.300000,0.385,0.043,0.328,0.004,0.001,8,318,16,bernoulli,8.0000,0.001000
sift1m,10000,128,36,10,0.050000,fixed,16,16,10,0.800000,0.692,0.039,0.626,0.007,0.002,16,621,34,bernoulli,8.0000,0.001000
sift1m,10000,128,36,10,0.050000,fixed,32,32,10,1.000000,1.530,0.043,1.424,0.015,0.008,32,1227,70,bernoulli,8.0000,0.001000
sift1m,10000,128,36,10,0.050000,fixed,64,64,10,1.000000,2.861,0.110,2.639,0.029,0.013,64,2419,147,bernoulli,8.0000,0.001000
sift1m,10000,128,36,10,0.050000,fixed,128,128,10,1.000000,5.201,0.128,4.873,0.056,0.012,128,4637,288,bernoulli,8.0000,0.001000
sift1m,10000,128,36,10,0.050000,fixed,256,256,10,1.000000,9.590,0.194,9.002,0.108,0.027,256,8683,510,bernoulli,8.0000,0.001000
sift1m,10000,128,36,10,0.050000,fixed,512,512,10,1.000000,18.213,0.372,17.068,0.227,0.032,512,17000,940,bernoulli,8.0000,0.001000
sift1m,10000,128,36,10,0.100000,fixed,4,4,10,0.300000,0.200,0.045,0.146,0.003,0.001,4,142,16,bernoulli,8.0000,0.001000
sift1m,10000,128,36,10,0.100000,fixed,8,8,10,0.600000,0.391,0.032,0.341,0.006,0.001,8,318,40,bernoulli,8.0000,0.001000
sift1m,10000,128,36,10,0.100000,fixed,16,16,10,0.800000,0.695,0.031,0.633,0.010,0.002,16,621,62,bernoulli,8.0000,0.001000
sift1m,10000,128,36,10,0.100000,fixed,32,32,10,1.000000,1.489,0.036,1.383,0.020,0.008,32,1227,129,bernoulli,8.0000,0.001000
sift1m,10000,128,36,10,0.100000,fixed,64,64,10,1.000000,3.062,0.214,2.709,0.039,0.012,64,2419,245,bernoulli,8.0000,0.001000
sift1m,10000,128,36,10,0.100000,fixed,128,128,10,1.000000,5.515,0.141,5.125,0.075,0.016,128,4637,479,bernoulli,8.0000,0.001000
sift1m,10000,128,36,10,0.100000,fixed,256,256,10,1.000000,9.848,0.217,9.157,0.147,0.029,256,8683,950,bernoulli,8.0000,0.001000
sift1m,10000,128,36,10,0.100000,fixed,512,512,10,1.000000,19.094,0.387,17.805,0.281,0.050,512,17000,1913,bernoulli,8.0000,0.001000
sift1m,10000,128,36,10,0.500000,fixed,4,4,10,0.300000,0.250,0.077,0.161,0.004,0.001,4,142,75,bernoulli,8.0000,0.001000
sift1m,10000,128,36,10,0.500000,fixed,8,8,10,0.700000,0.442,0.046,0.369,0.009,0.002,8,318,158,bernoulli,8.0000,0.001000
sift1m,10000,128,36,10,0.500000,fixed,16,16,10,0.900000,0.761,0.061,0.653,0.016,0.003,16,621,321,bernoulli,8.0000,0.001000
sift1m,10000,128,36,10,0.500000,fixed,32,32,10,1.000000,1.462,0.058,1.286,0.033,0.009,32,1227,618,bernoulli,8.0000,0.001000
sift1m,10000,128,36,10,0.500000,fixed,64,64,10,1.000000,2.699,0.072,2.443,0.061,0.008,64,2419,1225,bernoulli,8.0000,0.001000
sift1m,10000,128,36,10,0.500000,fixed,128,128,10,1.000000,5.100,0.091,4.672,0.114,0.016,128,4637,2312,bernoulli,8.0000,0.001000
sift1m,10000,128,36,10,0.500000,fixed,256,256,10,1.000000,9.698,0.221,8.824,0.224,0.020,256,8683,4332,bernoulli,8.0000,0.001000
sift1m,10000,128,36,10,0.500000,fixed,512,512,10,1.000000,18.897,0.381,17.169,0.436,0.032,512,17000,8480,bernoulli,8.0000,0.001000
sift1m,10000,128,36,10,1.000000,fixed,4,4,10,0.600000,0.242,0.074,0.156,0.005,0.001,4,142,142,bernoulli,8.0000,0.001000
sift1m,10000,128,36,10,1.000000,fixed,8,8,10,0.800000,0.393,0.035,0.335,0.011,0.001,8,318,318,bernoulli,8.0000,0.001000
sift1m,10000,128,36,10,1.000000,fixed,16,16,10,0.900000,0.719,0.033,0.644,0.021,0.002,16,621,621,bernoulli,8.0000,0.001000
sift1m,10000,128,36,10,1.000000,fixed,32,32,10,1.000000,1.412,0.039,1.290,0.041,0.004,32,1227,1227,bernoulli,8.0000,0.001000
sift1m,10000,128,36,10,1.000000,fixed,64,64,10,1.000000,2.758,0.053,2.539,0.085,0.006,64,2419,2419,bernoulli,8.0000,0.001000
sift1m,10000,128,36,10,1.000000,fixed,128,128,10,1.000000,5.678,0.131,5.160,0.185,0.013,128,4637,4637,bernoulli,8.0000,0.001000
sift1m,10000,128,36,10,1.000000,fixed,256,256,10,1.000000,9.455,0.229,8.611,0.314,0.019,256,8683,8683,bernoulli,8.0000,0.001000
sift1m,10000,128,36,10,1.000000,fixed,512,512,10,1.000000,18.745,0.369,17.131,0.612,0.033,512,17000,17000,bernoulli,8.0000,0.001000
sift1m,10000,128,37,10,0.001000,fixed,4,4,0,0.000000,0.272,0.077,0.187,0.001,0.001,4,168,0,bernoulli,8.0000,0.001000
sift1m,10000,128,37,10,0.001000,fixed,8,8,0,0.000000,0.402,0.049,0.338,0.002,0.001,8,323,0,bernoulli,8.0000,0.001000
sift1m,10000,128,37,10,0.001000,fixed,16,16,0,0.000000,0.697,0.045,0.628,0.003,0.001,16,611,0,bernoulli,8.0000,0.001000
sift1m,10000,128,37,10,0.001000,fixed,32,32,1,0.100000,1.314,0.046,1.221,0.007,0.001,32,1133,1,bernoulli,8.0000,0.001000
sift1m,10000,128,37,10,0.001000,fixed,64,64,2,0.200000,2.439,0.075,2.274,0.012,0.005,64,2242,2,bernoulli,8.0000,0.001000
sift1m,10000,128,37,10,0.001000,fixed,128,128,3,0.300000,4.774,0.105,4.480,0.024,0.003,128,4446,4,bernoulli,8.0000,0.001000
sift1m,10000,128,37,10,0.001000,fixed,256,256,6,0.600000,9.541,0.182,9.011,0.047,0.007,256,8717,14,bernoulli,8.0000,0.001000
sift1m,10000,128,37,10,0.001000,fixed,512,512,8,0.800000,18.859,0.398,17.736,0.103,0.019,512,17200,20,bernoulli,8.0000,0.001000
sift1m,10000,128,37,10,0.010000,fixed,4,4,1,0.100000,0.284,0.089,0.188,0.001,0.001,4,168,1,bernoulli,8.0000,0.001000
sift1m,10000,128,37,10,0.010000,fixed,8,8,1,0.100000,0.394,0.037,0.345,0.002,0.001,8,323,1,bernoulli,8.0000,0.001000
sift1m,10000,128,37,10,0.010000,fixed,16,16,5,0.500000,0.687,0.032,0.628,0.005,0.003,16,611,7,bernoulli,8.0000,0.001000
sift1m,10000,128,37,10,0.010000,fixed,32,32,8,0.600000,1.356,0.091,1.213,0.013,0.006,32,1133,10,bernoulli,8.0000,0.001000
sift1m,10000,128,37,10,0.010000,fixed,64,64,10,0.700000,2.504,0.112,2.268,0.057,0.006,64,2242,20,bernoulli,8.0000,0.001000
sift1m,10000,128,37,10,0.010000,fixed,128,128,10,1.000000,4.760,0.117,4.468,0.045,0.010,128,4446,37,bernoulli,8.0000,0.001000
sift1m,10000,128,37,10,0.010000,fixed,256,256,10,1.000000,9.333,0.215,8.811,0.062,0.013,256,8717,71,bernoulli,8.0000,0.001000
sift1m,10000,128,37,10,0.010000,fixed,512,512,10,1.000000,18.977,0.385,17.943,0.138,0.019,512,17200,125,bernoulli,8.0000,0.001000
sift1m,10000,128,37,10,0.050000,fixed,4,4,8,0.300000,0.352,0.101,0.238,0.002,0.004,4,168,9,bernoulli,8.0000,0.001000
sift1m,10000,128,37,10,0.050000,fixed,8,8,10,0.500000,0.454,0.060,0.375,0.004,0.002,8,323,15,bernoulli,8.0000,0.001000
sift1m,10000,128,37,10,0.050000,fixed,16,16,10,0.700000,0.724,0.053,0.641,0.006,0.002,16,611,25,bernoulli,8.0000,0.001000
sift1m,10000,128,37,10,0.050000,fixed,32,32,10,1.000000,1.237,0.054,1.129,0.014,0.006,32,1133,53,bernoulli,8.0000,0.001000
sift1m,10000,128,37,10,0.050000,fixed,64,64,10,1.000000,2.468,0.064,2.298,0.030,0.006,64,2242,96,bernoulli,8.0000,0.001000
sift1m,10000,128,37,10,0.050000,fixed,128,128,10,1.000000,5.022,0.107,4.715,0.054,0.013,128,4446,207,bernoulli,8.0000,0.001000
sift1m,10000,128,37,10,0.050000,fixed,256,256,10,1.000000,9.518,0.205,8.924,0.094,0.025,256,8717,391,bernoulli,8.0000,0.001000
sift1m,10000,128,37,10,0.050000,fixed,512,512,10,1.000000,18.802,0.403,17.637,0.211,0.043,512,17200,820,bernoulli,8.0000,0.001000
sift1m,10000,128,37,10,0.100000,fixed,4,4,10,0.700000,0.304,0.099,0.195,0.003,0.001,4,168,19,bernoulli,8.0000,0.001000
sift1m,10000,128,37,10,0.100000,fixed,8,8,10,0.700000,0.412,0.049,0.346,0.005,0.002,8,323,35,bernoulli,8.0000,0.001000
sift1m,10000,128,37,10,0.100000,fixed,16,16,10,0.900000,0.745,0.042,0.672,0.009,0.003,16,611,59,bernoulli,8.0000,0.001000
sift1m,10000,128,37,10,0.100000,fixed,32,32,10,0.900000,1.287,0.047,1.186,0.016,0.004,32,1133,107,bernoulli,8.0000,0.001000
sift1m,10000,128,37,10,0.100000,fixed,64,64,10,1.000000,2.579,0.060,2.401,0.032,0.008,64,2242,214,bernoulli,8.0000,0.001000
sift1m,10000,128,37,10,0.100000,fixed,128,128,10,1.000000,4.873,0.112,4.540,0.062,0.013,128,4446,429,bernoulli,8.0000,0.001000
sift1m,10000,128,37,10,0.100000,fixed,256,256,10,1.000000,9.593,0.191,8.969,0.124,0.024,256,8717,845,bernoulli,8.0000,0.001000
sift1m,10000,128,37,10,0.100000,fixed,512,512,10,1.000000,18.623,0.383,17.407,0.245,0.038,512,17200,1684,bernoulli,8.0000,0.001000
sift1m,10000,128,37,10,0.500000,fixed,4,4,10,0.700000,0.297,0.088,0.194,0.005,0.001,4,168,88,bernoulli,8.0000,0.001000
sift1m,10000,128,37,10,0.500000,fixed,8,8,10,0.700000,0.432,0.043,0.363,0.008,0.002,8,323,163,bernoulli,8.0000,0.001000
sift1m,10000,128,37,10,0.500000,fixed,16,16,10,0.900000,0.804,0.046,0.708,0.017,0.004,16,611,301,bernoulli,8.0000,0.001000
sift1m,10000,128,37,10,0.500000,fixed,32,32,10,1.000000,1.417,0.074,1.252,0.029,0.008,32,1133,553,bernoulli,8.0000,0.001000
sift1m,10000,128,37,10,0.500000,fixed,64,64,10,1.000000,2.627,0.144,2.310,0.060,0.007,64,2242,1084,bernoulli,8.0000,0.001000
sift1m,10000,128,37,10,0.500000,fixed,128,128,10,1.000000,4.805,0.127,4.362,0.110,0.010,128,4446,2111,bernoulli,8.0000,0.001000
sift1m,10000,128,37,10,0.500000,fixed,256,256,10,1.000000,9.927,0.181,9.104,0.222,0.018,256,8717,4219,bernoulli,8.0000,0.001000
sift1m,10000,128,37,10,0.500000,fixed,512,512,10,1.000000,19.071,0.353,17.428,0.442,0.036,512,17200,8431,bernoulli,8.0000,0.001000
sift1m,10000,128,37,10,1.000000,fixed,4,4,10,0.900000,0.286,0.076,0.197,0.006,0.001,4,168,168,bernoulli,8.0000,0.001000
sift1m,10000,128,37,10,1.000000,fixed,8,8,10,0.900000,0.411,0.044,0.343,0.011,0.002,8,323,323,bernoulli,8.0000,0.001000
sift1m,10000,128,37,10,1.000000,fixed,16,16,10,1.000000,0.767,0.041,0.650,0.025,0.015,16,611,611,bernoulli,8.0000,0.001000
sift1m,10000,128,37,10,1.000000,fixed,32,32,10,1.000000,2.211,0.279,1.799,0.048,0.007,32,1133,1133,bernoulli,8.0000,0.001000
sift1m,10000,128,37,10,1.000000,fixed,64,64,10,1.000000,2.708,0.152,2.378,0.079,0.009,64,2242,2242,bernoulli,8.0000,0.001000
sift1m,10000,128,37,10,1.000000,fixed,128,128,10,1.000000,5.027,0.121,4.571,0.162,0.015,128,4446,4446,bernoulli,8.0000,0.001000
sift1m,10000,128,37,10,1.000000,fixed,256,256,10,1.000000,9.686,0.229,8.821,0.310,0.016,256,8717,8717,bernoulli,8.0000,0.001000
sift1m,10000,128,37,10,1.000000,fixed,512,512,10,1.000000,19.430,0.365,17.746,0.621,0.035,512,17200,17200,bernoulli,8.0000,0.001000
sift1m,10000,128,38,10,0.001000,fixed,4,4,0,0.000000,0.249,0.098,0.145,0.001,0.001,4,142,0,bernoulli,8.0000,0.001000
sift1m,10000,128,38,10,0.001000,fixed,8,8,0,0.000000,0.338,0.051,0.278,0.002,0.001,8,274,0,bernoulli,8.0000,0.001000
sift1m,10000,128,38,10,0.001000,fixed,16,16,1,0.100000,0.725,0.049,0.657,0.003,0.001,16,592,1,bernoulli,8.0000,0.001000
sift1m,10000,128,38,10,0.001000,fixed,32,32,1,0.100000,1.437,0.056,1.339,0.007,0.004,32,1228,1,bernoulli,8.0000,0.001000
sift1m,10000,128,38,10,0.001000,fixed,64,64,1,0.100000,2.518,0.093,2.351,0.013,0.002,64,2288,1,bernoulli,8.0000,0.001000
sift1m,10000,128,38,10,0.001000,fixed,128,128,2,0.200000,4.890,0.130,4.612,0.026,0.006,128,4551,2,bernoulli,8.0000,0.001000
sift1m,10000,128,38,10,0.001000,fixed,256,256,4,0.400000,9.266,0.193,8.759,0.063,0.010,256,8738,8,bernoulli,8.0000,0.001000
sift1m,10000,128,38,10,0.001000,fixed,512,512,6,0.600000,18.404,0.385,17.334,0.229,0.016,512,16997,16,bernoulli,8.0000,0.001000
sift1m,10000,128,38,10,0.010000,fixed,4,4,1,0.000000,0.296,0.072,0.214,0.002,0.002,4,142,1,bernoulli,8.0000,0.001000
sift1m,10000,128,38,10,0.010000,fixed,8,8,1,0.000000,0.336,0.062,0.263,0.002,0.001,8,274,1,bernoulli,8.0000,0.001000
sift1m,10000,128,38,10,0.010000,fixed,16,16,4,0.000000,0.647,0.051,0.571,0.005,0.001,16,592,4,bernoulli,8.0000,0.001000
sift1m,10000,128,38,10,0.010000,fixed,32,32,10,0.600000,1.297,0.051,1.197,0.009,0.003,32,1228,12,bernoulli,8.0000,0.001000
sift1m,10000,128,38,10,0.010000,fixed,64,64,10,0.800000,2.385,0.061,2.234,0.016,0.003,64,2288,18,bernoulli,8.0000,0.001000
sift1m,10000,128,38,10,0.010000,fixed,128,128,10,0.900000,4.669,0.086,4.407,0.032,0.005,128,4551,32,bernoulli,8.0000,0.001000
sift1m,10000,128,38,10,0.010000,fixed,256,256,10,1.000000,9.732,0.163,9.164,0.078,0.011,256,8738,69,bernoulli,8.0000,0.001000
sift1m,10000,128,38,10,0.010000,fixed,512,512,10,1.000000,18.421,0.335,17.299,0.176,0.024,512,16997,124,bernoulli,8.0000,0.001000
sift1m,10000,128,38,10,0.050000,fixed,4,4,5,0.200000,0.265,0.105,0.153,0.002,0.001,4,142,5,bernoulli,8.0000,0.001000
sift1m,10000,128,38,10,0.050000,fixed,8,8,10,0.600000,0.340,0.052,0.275,0.003,0.001,8,274,13,bernoulli,8.0000,0.001000
sift1m,10000,128,38,10,0.050000,fixed,16,16,10,0.700000,0.737,0.049,0.657,0.007,0.005,16,592,29,bernoulli,8.0000,0.001000
sift1m,10000,128,38,10,0.050000,fixed,32,32,10,1.000000,1.443,0.074,1.304,0.013,0.007,32,1228,63,bernoulli,8.0000,0.001000
sift1m,10000,128,38,10,0.050000,fixed,64,64,10,1.000000,2.452,0.084,2.269,0.024,0.009,64,2288,110,bernoulli,8.0000,0.001000
sift1m,10000,128,38,10,0.050000,fixed,128,128,10,1.000000,5.171,0.107,4.860,0.053,0.013,128,4551,221,bernoulli,8.0000,0.001000
sift1m,10000,128,38,10,0.050000,fixed,256,256,10,1.000000,9.799,0.212,9.177,0.113,0.019,256,8738,440,bernoulli,8.0000,0.001000
sift1m,10000,128,38,10,0.050000,fixed,512,512,10,1.000000,18.674,0.349,17.540,0.238,0.046,512,16997,809,bernoulli,8.0000,0.001000
sift1m,10000,128,38,10,0.100000,fixed,4,4,10,0.900000,0.275,0.101,0.164,0.003,0.001,4,142,20,bernoulli,8.0000,0.001000
sift1m,10000,128,38,10,0.100000,fixed,8,8,10,0.900000,0.349,0.052,0.282,0.005,0.002,8,274,37,bernoulli,8.0000,0.001000
sift1m,10000,128,38,10,0.100000,fixed,16,16,10,1.000000,0.695,0.042,0.622,0.009,0.003,16,592,71,bernoulli,8.0000,0.001000
sift1m,10000,128,38,10,0.100000,fixed,32,32,10,1.000000,1.416,0.044,1.311,0.018,0.004,32,1228,138,bernoulli,8.0000,0.001000
sift1m,10000,128,38,10,0.100000,fixed,64,64,10,1.000000,2.635,0.059,2.448,0.037,0.010,64,2288,225,bernoulli,8.0000,0.001000
sift1m,10000,128,38,10,0.100000,fixed,128,128,10,1.000000,4.789,0.120,4.449,0.066,0.012,128,4551,464,bernoulli,8.0000,0.001000
sift1m,10000,128,38,10,0.100000,fixed,256,256,10,1.000000,9.340,0.169,8.713,0.152,0.021,256,8738,847,bernoulli,8.0000,0.001000
sift1m,10000,128,38,10,0.100000,fixed,512,512,10,1.000000,18.228,0.316,17.033,0.300,0.046,512,16997,1588,bernoulli,8.0000,0.001000
sift1m,10000,128,38,10,0.500000,fixed,4,4,10,0.900000,0.313,0.111,0.188,0.005,0.002,4,142,74,bernoulli,8.0000,0.001000
sift1m,10000,128,38,10,0.500000,fixed,8,8,10,1.000000,0.382,0.063,0.295,0.007,0.002,8,274,146,bernoulli,8.0000,0.001000
sift1m,10000,128,38,10,0.500000,fixed,16,16,10,1.000000,0.741,0.047,0.645,0.016,0.003,16,592,321,bernoulli,8.0000,0.001000
sift1m,10000,128,38,10,0.500000,fixed,32,32,10,1.000000,1.429,0.051,1.287,0.031,0.004,32,1228,629,bernoulli,8.0000,0.001000
sift1m,10000,128,38,10,0.500000,fixed,64,64,10,1.000000,2.590,0.064,2.351,0.057,0.007,64,2288,1118,bernoulli,8.0000,0.001000
sift1m,10000,128,38,10,0.500000,fixed,128,128,10,1.000000,5.132,0.098,4.708,0.112,0.010,128,4551,2206,bernoulli,8.0000,0.001000
sift1m,10000,128,38,10,0.500000,fixed,256,256,10,1.000000,9.654,0.189,8.813,0.229,0.021,256,8738,4281,bernoulli,8.0000,0.001000
sift1m,10000,128,38,10,0.500000,fixed,512,512,10,1.000000,19.390,0.376,17.719,0.442,0.038,512,16997,8310,bernoulli,8.0000,0.001000
sift1m,10000,128,38,10,1.000000,fixed,4,4,10,1.000000,0.301,0.115,0.173,0.005,0.002,4,142,142,bernoulli,8.0000,0.001000
sift1m,10000,128,38,10,1.000000,fixed,8,8,10,1.000000,0.345,0.053,0.271,0.009,0.002,8,274,274,bernoulli,8.0000,0.001000
sift1m,10000,128,38,10,1.000000,fixed,16,16,10,1.000000,0.676,0.046,0.588,0.020,0.003,16,592,592,bernoulli,8.0000,0.001000
sift1m,10000,128,38,10,1.000000,fixed,32,32,10,1.000000,1.375,0.050,1.239,0.042,0.004,32,1228,1228,bernoulli,8.0000,0.001000
sift1m,10000,128,38,10,1.000000,fixed,64,64,10,1.000000,2.512,0.081,2.250,0.082,0.007,64,2288,2288,bernoulli,8.0000,0.001000
sift1m,10000,128,38,10,1.000000,fixed,128,128,10,1.000000,5.036,0.093,4.609,0.163,0.014,128,4551,4551,bernoulli,8.0000,0.001000
sift1m,10000,128,38,10,1.000000,fixed,256,256,10,1.000000,9.750,0.186,8.895,0.317,0.031,256,8738,8738,bernoulli,8.0000,0.001000
sift1m,10000,128,38,10,1.000000,fixed,512,512,10,1.000000,18.945,0.446,17.291,0.618,0.029,512,16997,16997,bernoulli,8.0000,0.001000
sift1m,10000,128,39,10,0.001000,fixed,4,4,0,0.000000,0.223,0.057,0.157,0.001,0.001,4,158,0,bernoulli,8.0000,0.001000
sift1m,10000,128,39,10,0.001000,fixed,8,8,1,0.100000,0.319,0.044,0.261,0.002,0.001,8,276,2,bernoulli,8.0000,0.001000
sift1m,10000,128,39,10,0.001000,fixed,16,16,2,0.200000,0.573,0.037,0.512,0.003,0.004,16,529,3,bernoulli,8.0000,0.001000
sift1m,10000,128,39,10,0.001000,fixed,32,32,3,0.300000,1.149,0.041,1.064,0.007,0.005,32,1036,4,bernoulli,8.0000,0.001000
sift1m,10000,128,39,10,0.001000,fixed,64,64,6,0.600000,2.389,0.083,2.223,0.013,0.005,64,2180,8,bernoulli,8.0000,0.001000
sift1m,10000,128,39,10,0.001000,fixed,128,128,8,0.800000,4.892,0.114,4.599,0.028,0.005,128,4378,11,bernoulli,8.0000,0.001000
sift1m,10000,128,39,10,0.001000,fixed,256,256,9,0.900000,9.519,0.199,8.910,0.132,0.010,256,8807,16,bernoulli,8.0000,0.001000
sift1m,10000,128,39,10,0.001000,fixed,512,512,10,1.000000,18.231,0.356,17.211,0.143,0.013,512,17055,38,bernoulli,8.0000,0.001000
sift1m,10000,128,39,10,0.010000,fixed,4,4,4,0.400000,0.223,0.059,0.154,0.002,0.001,4,158,4,bernoulli,8.0000,0.001000
sift1m,10000,128,39,10,0.010000,fixed,8,8,4,0.400000,0.311,0.041,0.255,0.002,0.001,8,276,5,bernoulli,8.0000,0.001000
sift1m,10000,128,39,10,0.010000,fixed,16,16,6,0.500000,0.549,0.037,0.484,0.004,0.001,16,529,8,bernoulli,8.0000,0.001000
sift1m,10000,128,39,10,0.010000,fixed,32,32,10,0.700000,1.066,0.042,0.969,0.008,0.002,32,1036,15,bernoulli,8.0000,0.001000
sift1m,10000,128,39,10,0.010000,fixed,64,64,10,1.000000,2.376,0.055,2.180,0.018,0.010,64,2180,28,bernoulli,8.0000,0.001000
sift1m,10000,128,39,10,0.010000,fixed,128,128,10,1.000000,4.957,0.159,4.514,0.084,0.008,128,4378,47,bernoulli,8.0000,0.001000
sift1m,10000,128,39,10,0.010000,fixed,256,256,10,1.000000,9.540,0.192,8.871,0.079,0.016,256,8807,94,bernoulli,8.0000,0.001000
sift1m,10000,128,39,10,0.010000,fixed,512,512,10,1.000000,18.428,0.386,17.053,0.201,0.022,512,17055,188,bernoulli,8.0000,0.001000
sift1m,10000,128,39,10,0.050000,fixed,4,4,7,0.400000,0.244,0.077,0.159,0.002,0.001,4,158,8,bernoulli,8.0000,0.001000
sift1m,10000,128,39,10,0.050000,fixed,8,8,10,0.600000,0.318,0.043,0.262,0.003,0.002,8,276,17,bernoulli,8.0000,0.001000
sift1m,10000,128,39,10,0.050000,fixed,16,16,10,0.700000,0.555,0.040,0.488,0.006,0.005,16,529,30,bernoulli,8.0000,0.001000
sift1m,10000,128,39,10,0.050000,fixed,32,32,10,1.000000,1.077,0.043,0.985,0.012,0.005,32,1036,58,bernoulli,8.0000,0.001000
sift1m,10000,128,39,10,0.050000,fixed,64,64,10,1.000000,2.570,0.089,2.370,0.026,0.009,64,2180,113,bernoulli,8.0000,0.001000
sift1m,10000,128,39,10,0.050000,fixed,128,128,10,1.000000,4.604,0.131,4.279,0.047,0.014,128,4378,221,bernoulli,8.0000,0.001000
sift1m,10000,128,39,10,0.050000,fixed,256,256,10,1.000000,9.326,0.181,8.761,0.101,0.019,256,8807,440,bernoulli,8.0000,0.001000
sift1m,10000,128,39,10,0.050000,fixed,512,512,10,1.000000,18.250,0.346,17.116,0.228,0.040,512,17055,874,bernoulli,8.0000,0.001000
sift1m,10000,128,39,10,0.100000,fixed,4,4,10,0.600000,0.282,0.109,0.163,0.003,0.001,4,158,17,bernoulli,8.0000,0.001000
sift1m,10000,128,39,10,0.100000,fixed,8,8,10,0.700000,0.358,0.050,0.287,0.009,0.002,8,276,35,bernoulli,8.0000,0.001000
sift1m,10000,128,39,10,0.100000,fixed,16,16,10,1.000000,0.586,0.044,0.512,0.009,0.003,16,529,59,bernoulli,8.0000,0.001000
sift1m,10000,128,39,10,0.100000,fixed,32,32,10,1.000000,1.126,0.046,1.024,0.017,0.005,32,1036,121,bernoulli,8.0000,0.001000
sift1m,10000,128,39,10,0.100000,fixed,64,64,10,1.000000,2.499,0.059,2.312,0.037,0.012,64,2180,251,bernoulli,8.0000,0.001000
sift1m,10000,128,39,10,0.100000,fixed,128,128,10,1.000000,4.696,0.112,4.360,0.070,0.015,128,4378,464,bernoulli,8.0000,0.001000
sift1m,10000,128,39,10,0.100000,fixed,256,256,10,1.000000,9.631,0.221,8.958,0.140,0.025,256,8807,902,bernoulli,8.0000,0.001000
sift1m,10000,128,39,10,0.100000,fixed,512,512,10,1.000000,18.620,0.384,17.357,0.279,0.038,512,17055,1699,bernoulli,8.0000,0.001000
sift1m,10000,128,39,10,0.500000,fixed,4,4,10,0.700000,0.245,0.067,0.164,0.005,0.001,4,158,84,bernoulli,8.0000,0.001000
sift1m,10000,128,39,10,0.500000,fixed,8,8,10,0.900000,0.329,0.039,0.269,0.007,0.002,8,276,147,bernoulli,8.0000,0.001000
sift1m,10000,128,39,10,0.500000,fixed,16,16,10,1.000000,0.577,0.036,0.502,0.013,0.003,16,529,280,bernoulli,8.0000,0.001000
sift1m,10000,128,39,10,0.500000,fixed,32,32,10,1.000000,1.163,0.041,1.044,0.026,0.005,32,1036,519,bernoulli,8.0000,0.001000
sift1m,10000,128,39,10,0.500000,fixed,64,64,10,1.000000,2.799,0.086,2.493,0.063,0.009,64,2180,1095,bernoulli,8.0000,0.001000
sift1m,10000,128,39,10,0.500000,fixed,128,128,10,1.000000,4.753,0.145,4.288,0.112,0.010,128,4378,2197,bernoulli,8.0000,0.001000
sift1m,10000,128,39,10,0.500000,fixed,256,256,10,1.000000,10.234,0.182,9.370,0.228,0.027,256,8807,4399,bernoulli,8.0000,0.001000
sift1m,10000,128,39,10,0.500000,fixed,512,512,10,1.000000,19.495,0.545,17.631,0.448,0.036,512,17055,8564,bernoulli,8.0000,0.001000
sift1m,10000,128,39,10,1.000000,fixed,4,4,10,0.800000,0.308,0.098,0.194,0.006,0.002,4,158,158,bernoulli,8.0000,0.001000
sift1m,10000,128,39,10,1.000000,fixed,8,8,10,1.000000,0.368,0.057,0.287,0.009,0.002,8,276,276,bernoulli,8.0000,0.001000
sift1m,10000,128,39,10,1.000000,fixed,16,16,10,1.000000,0.608,0.047,0.520,0.018,0.003,16,529,529,bernoulli,8.0000,0.001000
sift1m,10000,128,39,10,1.000000,fixed,32,32,10,1.000000,1.140,0.048,1.016,0.036,0.004,32,1036,1036,bernoulli,8.0000,0.001000
sift1m,10000,128,39,10,1.000000,fixed,64,64,10,1.000000,2.392,0.062,2.169,0.078,0.009,64,2180,2180,bernoulli,8.0000,0.001000
sift1m,10000,128,39,10,1.000000,fixed,128,128,10,1.000000,4.931,0.092,4.498,0.168,0.014,128,4378,4378,bernoulli,8.0000,0.001000
sift1m,10000,128,39,10,1.000000,fixed,256,256,10,1.000000,10.182,0.196,9.298,0.345,0.019,256,8807,8807,bernoulli,8.0000,0.001000
sift1m,10000,128,39,10,1.000000,fixed,512,512,10,1.000000,19.107,0.357,17.409,0.635,0.029,512,17055,17055,bernoulli,8.0000,0.001000
sift1m,10000,128,40,10,0.001000,fixed,4,4,0,0.000000,0.194,0.061,0.127,0.001,0.001,4,140,0,bernoulli,8.0000,0.001000
sift1m,10000,128,40,10,0.001000,fixed,8,8,0,0.000000,0.316,0.044,0.262,0.001,0.001,8,274,0,bernoulli,8.0000,0.001000
sift1m,10000,128,40,10,0.001000,fixed,16,16,0,0.000000,0.634,0.037,0.579,0.003,0.001,16,581,0,bernoulli,8.0000,0.001000
sift1m,10000,128,40,10,0.001000,fixed,32,32,0,0.000000,1.191,0.042,1.114,0.006,0.001,32,1113,0,bernoulli,8.0000,0.001000
sift1m,10000,128,40,10,0.001000,fixed,64,64,1,0.111111,2.667,0.053,2.522,0.027,0.005,64,2281,1,bernoulli,8.0000,0.001000
sift1m,10000,128,40,10,0.001000,fixed,128,128,1,0.111111,4.929,0.156,4.624,0.032,0.004,128,4418,1,bernoulli,8.0000,0.001000
sift1m,10000,128,40,10,0.001000,fixed,256,256,1,0.111111,9.391,0.199,8.852,0.109,0.010,256,8658,1,bernoulli,8.0000,0.001000
sift1m,10000,128,40,10,0.001000,fixed,512,512,4,0.444444,18.436,0.435,17.251,0.308,0.010,512,17023,5,bernoulli,8.0000,0.001000
sift1m,10000,128,40,10,0.010000,fixed,4,4,1,0.100000,0.199,0.057,0.133,0.001,0.001,4,140,3,bernoulli,8.0000,0.001000
sift1m,10000,128,40,10,0.010000,fixed,8,8,3,0.200000,0.337,0.043,0.273,0.002,0.001,8,274,6,bernoulli,8.0000,0.001000
sift1m,10000,128,40,10,0.010000,fixed,16,16,5,0.400000,0.676,0.038,0.605,0.004,0.004,16,581,9,bernoulli,8.0000,0.001000
sift1m,10000,128,40,10,0.010000,fixed,32,32,8,0.400000,1.211,0.041,1.111,0.009,0.003,32,1113,14,bernoulli,8.0000,0.001000
sift1m,10000,128,40,10,0.010000,fixed,64,64,10,0.700000,2.501,0.054,2.328,0.017,0.005,64,2281,30,bernoulli,8.0000,0.001000
sift1m,10000,128,40,10,0.010000,fixed,128,128,10,1.000000,4.747,0.112,4.408,0.032,0.007,128,4418,58,bernoulli,8.0000,0.001000
sift1m,10000,128,40,10,0.010000,fixed,256,256,10,1.000000,9.442,0.168,8.776,0.107,0.013,256,8658,122,bernoulli,8.0000,0.001000
sift1m,10000,128,40,10,0.010000,fixed,512,512,10,1.000000,35.237,0.352,33.109,0.284,0.029,512,17023,218,bernoulli,8.0000,0.001000
sift1m,10000,128,40,10,0.050000,fixed,4,4,6,0.100000,0.261,0.101,0.152,0.002,0.001,4,140,6,bernoulli,8.0000,0.001000
sift1m,10000,128,40,10,0.050000,fixed,8,8,10,0.300000,0.349,0.050,0.285,0.003,0.001,8,274,12,bernoulli,8.0000,0.001000
sift1m,10000,128,40,10,0.050000,fixed,16,16,10,0.500000,4.679,0.043,4.596,0.008,0.006,16,581,29,bernoulli,8.0000,0.001000
sift1m,10000,128,40,10,0.050000,fixed,32,32,10,0.800000,1.516,0.127,1.326,0.013,0.007,32,1113,60,bernoulli,8.0000,0.001000
sift1m,10000,128,40,10,0.050000,fixed,64,64,10,0.900000,4.156,0.109,3.938,0.026,0.010,64,2281,125,bernoulli,8.0000,0.001000
sift1m,10000,128,40,10,0.050000,fixed,128,128,10,1.000000,5.311,0.159,4.924,0.058,0.017,128,4418,229,bernoulli,8.0000,0.001000
sift1m,10000,128,40,10,0.050000,fixed,256,256,10,1.000000,9.625,0.244,8.981,0.098,0.023,256,8658,414,bernoulli,8.0000,0.001000
sift1m,10000,128,40,10,0.050000,fixed,512,512,10,1.000000,19.529,0.405,18.296,0.196,0.037,512,17023,839,bernoulli,8.0000,0.001000
sift1m,10000,128,40,10,0.100000,fixed,4,4,10,0.000000,0.248,0.093,0.147,0.002,0.001,4,140,11,bernoulli,8.0000,0.001000
sift1m,10000,128,40,10,0.100000,fixed,8,8,10,0.300000,0.363,0.068,0.280,0.004,0.002,8,274,25,bernoulli,8.0000,0.001000
sift1m,10000,128,40,10,0.100000,fixed,16,16,10,0.700000,0.659,0.054,0.577,0.008,0.003,16,581,56,bernoulli,8.0000,0.001000
sift1m,10000,128,40,10,0.100000,fixed,32,32,10,0.800000,1.357,0.051,1.242,0.017,0.008,32,1113,103,bernoulli,8.0000,0.001000
sift1m,10000,128,40,10,0.100000,fixed,64,64,10,0.900000,2.853,0.117,2.612,0.035,0.008,64,2281,208,bernoulli,8.0000,0.001000
sift1m,10000,128,40,10,0.100000,fixed,128,128,10,1.000000,4.916,0.135,4.547,0.066,0.013,128,4418,404,bernoulli,8.0000,0.001000
sift1m,10000,128,40,10,0.100000,fixed,256,256,10,1.000000,9.696,0.192,9.059,0.125,0.026,256,8658,814,bernoulli,8.0000,0.001000
sift1m,10000,128,40,10,0.100000,fixed,512,512,10,1.000000,18.569,0.442,17.249,0.296,0.047,512,17023,1670,bernoulli,8.0000,0.001000
sift1m,10000,128,40,10,0.500000,fixed,4,4,10,0.800000,0.227,0.073,0.140,0.004,0.002,4,140,80,bernoulli,8.0000,0.001000
sift1m,10000,128,40,10,0.500000,fixed,8,8,10,1.000000,0.347,0.047,0.274,0.007,0.002,8,274,142,bernoulli,8.0000,0.001000
sift1m,10000,128,40,10,0.500000,fixed,16,16,10,1.000000,0.679,0.048,0.588,0.014,0.003,16,581,294,bernoulli,8.0000,0.001000
sift1m,10000,128,40,10,0.500000,fixed,32,32,10,1.000000,1.331,0.046,1.198,0.029,0.005,32,1113,557,bernoulli,8.0000,0.001000
sift1m,10000,128,40,10,0.500000,fixed,64,64,10,1.000000,2.722,0.069,2.462,0.064,0.008,64,2281,1146,bernoulli,8.0000,0.001000
sift1m,10000,128,40,10,0.500000,fixed,128,128,10,1.000000,5.152,0.113,4.695,0.118,0.013,128,4418,2232,bernoulli,8.0000,0.001000
sift1m,10000,128,40,10,0.500000,fixed,256,256,10,1.000000,9.933,0.215,9.039,0.238,0.021,256,8658,4371,bernoulli,8.0000,0.001000
sift1m,10000,128,40,10,0.500000,fixed,512,512,10,1.000000,19.104,0.360,17.473,0.440,0.042,512,17023,8586,bernoulli,8.0000,0.001000
sift1m,10000,128,40,10,1.000000,fixed,4,4,10,0.700000,0.243,0.088,0.143,0.005,0.001,4,140,140,bernoulli,8.0000,0.001000
sift1m,10000,128,40,10,1.000000,fixed,8,8,10,1.000000,0.350,0.041,0.287,0.010,0.002,8,274,274,bernoulli,8.0000,0.001000
sift1m,10000,128,40,10,1.000000,fixed,16,16,10,1.000000,0.731,0.038,0.649,0.020,0.003,16,581,581,bernoulli,8.0000,0.001000
sift1m,10000,128,40,10,1.000000,fixed,32,32,10,1.000000,1.306,0.071,1.153,0.040,0.005,32,1113,1113,bernoulli,8.0000,0.001000
sift1m,10000,128,40,10,1.000000,fixed,64,64,10,1.000000,2.572,0.083,2.326,0.078,0.007,64,2281,2281,bernoulli,8.0000,0.001000
sift1m,10000,128,40,10,1.000000,fixed,128,128,10,1.000000,4.941,0.105,4.526,0.156,0.011,128,4418,4418,bernoulli,8.0000,0.001000
sift1m,10000,128,40,10,1.000000,fixed,256,256,10,1.000000,9.605,0.188,8.794,0.317,0.020,256,8658,8658,bernoulli,8.0000,0.001000
sift1m,10000,128,40,10,1.000000,fixed,512,512,10,1.000000,18.597,0.360,16.986,0.653,0.029,512,17023,17023,bernoulli,8.0000,0.001000
sift1m,10000,128,41,10,0.001000,fixed,4,4,0,0.000000,0.249,0.077,0.165,0.001,0.001,4,153,0,bernoulli,8.0000,0.001000
sift1m,10000,128,41,10,0.001000,fixed,8,8,1,0.111111,0.355,0.042,0.302,0.002,0.001,8,279,1,bernoulli,8.0000,0.001000
sift1m,10000,128,41,10,0.001000,fixed,16,16,1,0.111111,0.707,0.059,0.627,0.003,0.001,16,586,1,bernoulli,8.0000,0.001000
sift1m,10000,128,41,10,0.001000,fixed,32,32,2,0.222222,1.260,0.069,1.154,0.006,0.001,32,1164,4,bernoulli,8.0000,0.001000
sift1m,10000,128,41,10,0.001000,fixed,64,64,2,0.222222,2.488,0.068,2.342,0.013,0.006,64,2246,5,bernoulli,8.0000,0.001000
sift1m,10000,128,41,10,0.001000,fixed,128,128,4,0.444444,4.811,0.119,4.508,0.045,0.007,128,4405,9,bernoulli,8.0000,0.001000
sift1m,10000,128,41,10,0.001000,fixed,256,256,6,0.666667,9.478,0.241,8.950,0.051,0.007,256,8672,17,bernoulli,8.0000,0.001000
sift1m,10000,128,41,10,0.001000,fixed,512,512,6,0.666667,18.525,0.367,17.548,0.128,0.014,512,17027,24,bernoulli,8.0000,0.001000
sift1m,10000,128,41,10,0.010000,fixed,4,4,1,0.100000,0.232,0.071,0.153,0.001,0.001,4,153,1,bernoulli,8.0000,0.001000
sift1m,10000,128,41,10,0.010000,fixed,8,8,2,0.200000,0.323,0.039,0.270,0.002,0.001,8,279,2,bernoulli,8.0000,0.001000
sift1m,10000,128,41,10,0.010000,fixed,16,16,4,0.400000,0.647,0.036,0.580,0.004,0.004,16,586,4,bernoulli,8.0000,0.001000
sift1m,10000,128,41,10,0.010000,fixed,32,32,5,0.400000,1.238,0.041,1.141,0.008,0.002,32,1164,6,bernoulli,8.0000,0.001000
sift1m,10000,128,41,10,0.010000,fixed,64,64,10,0.800000,2.348,0.055,2.184,0.016,0.003,64,2246,14,bernoulli,8.0000,0.001000
sift1m,10000,128,41,10,0.010000,fixed,128,128,10,1.000000,4.913,0.084,4.553,0.079,0.009,128,4405,36,bernoulli,8.0000,0.001000
sift1m,10000,128,41,10,0.010000,fixed,256,256,10,1.000000,9.803,0.230,9.109,0.071,0.016,256,8672,91,bernoulli,8.0000,0.001000
sift1m,10000,128,41,10,0.010000,fixed,512,512,10,1.000000,18.478,0.401,17.181,0.148,0.021,512,17027,177,bernoulli,8.0000,0.001000
sift1m,10000,128,41,10,0.050000,fixed,4,4,3,0.300000,0.220,0.060,0.153,0.002,0.001,4,153,3,bernoulli,8.0000,0.001000
sift1m,10000,128,41,10,0.050000,fixed,8,8,5,0.500000,0.324,0.041,0.272,0.003,0.001,8,279,6,bernoulli,8.0000,0.001000
sift1m,10000,128,41,10,0.050000,fixed,16,16,10,0.900000,0.656,0.035,0.597,0.005,0.002,16,586,14,bernoulli,8.0000,0.001000
sift1m,10000,128,41,10,0.050000,fixed,32,32,10,1.000000,1.409,0.041,1.306,0.012,0.012,32,1164,35,bernoulli,8.0000,0.001000
sift1m,10000,128,41,10,0.050000,fixed,64,64,10,1.000000,2.576,0.134,2.342,0.027,0.007,64,2246,71,bernoulli,8.0000,0.001000
sift1m,10000,128,41,10,0.050000,fixed,128,128,10,1.000000,4.920,0.130,4.592,0.059,0.013,128,4405,171,bernoulli,8.0000,0.001000
sift1m,10000,128,41,10,0.050000,fixed,256,256,10,1.000000,9.234,0.196,8.663,0.112,0.017,256,8672,378,bernoulli,8.0000,0.001000
sift1m,10000,128,41,10,0.050000,fixed,512,512,10,1.000000,18.372,0.367,17.272,0.198,0.032,512,17027,755,bernoulli,8.0000,0.001000
sift1m,10000,128,41,10,0.100000,fixed,4,4,10,0.500000,0.200,0.040,0.152,0.002,0.001,4,153,13,bernoulli,8.0000,0.001000
sift1m,10000,128,41,10,0.100000,fixed,8,8,10,0.900000,0.316,0.032,0.270,0.004,0.002,8,279,21,bernoulli,8.0000,0.001000
sift1m,10000,128,41,10,0.100000,fixed,16,16,10,1.000000,0.636,0.030,0.578,0.008,0.003,16,586,46,bernoulli,8.0000,0.001000
sift1m,10000,128,41,10,0.100000,fixed,32,32,10,1.000000,1.390,0.036,1.247,0.017,0.005,32,1164,105,bernoulli,8.0000,0.001000
sift1m,10000,128,41,10,0.100000,fixed,64,64,10,1.000000,2.857,0.060,2.673,0.035,0.011,64,2246,217,bernoulli,8.0000,0.001000
sift1m,10000,128,41,10,0.100000,fixed,128,128,10,1.000000,5.331,0.162,4.932,0.069,0.017,128,4405,431,bernoulli,8.0000,0.001000
sift1m,10000,128,41,10,0.100000,fixed,256,256,10,1.000000,10.817,0.227,10.106,0.145,0.026,256,8672,841,bernoulli,8.0000,0.001000
sift1m,10000,128,41,10,0.100000,fixed,512,512,10,1.000000,19.278,0.428,17.985,0.253,0.040,512,17027,1614,bernoulli,8.0000,0.001000
sift1m,10000,128,41,10,0.500000,fixed,4,4,10,0.800000,0.271,0.090,0.164,0.004,0.001,4,153,75,bernoulli,8.0000,0.001000
sift1m,10000,128,41,10,0.500000,fixed,8,8,10,1.000000,0.350,0.044,0.284,0.007,0.002,8,279,140,bernoulli,8.0000,0.001000
sift1m,10000,128,41,10,0.500000,fixed,16,16,10,1.000000,0.651,0.041,0.568,0.014,0.004,16,586,287,bernoulli,8.0000,0.001000
sift1m,10000,128,41,10,0.500000,fixed,32,32,10,1.000000,1.275,0.043,1.147,0.029,0.005,32,1164,582,bernoulli,8.0000,0.001000
sift1m,10000,128,41,10,0.500000,fixed,64,64,10,1.000000,2.687,0.058,2.439,0.059,0.014,64,2246,1133,bernoulli,8.0000,0.001000
sift1m,10000,128,41,10,0.500000,fixed,128,128,10,1.000000,4.951,0.149,4.468,0.114,0.014,128,4405,2226,bernoulli,8.0000,0.001000
sift1m,10000,128,41,10,0.500000,fixed,256,256,10,1.000000,9.606,0.195,8.764,0.222,0.027,256,8672,4379,bernoulli,8.0000,0.001000
sift1m,10000,128,41,10,0.500000,fixed,512,512,10,1.000000,18.787,0.358,17.154,0.444,0.029,512,17027,8564,bernoulli,8.0000,0.001000
sift1m,10000,128,41,10,1.000000,fixed,4,4,10,0.900000,0.228,0.059,0.156,0.006,0.001,4,153,153,bernoulli,8.0000,0.001000
sift1m,10000,128,41,10,1.000000,fixed,8,8,10,1.000000,0.326,0.035,0.270,0.009,0.002,8,279,279,bernoulli,8.0000,0.001000
sift1m,10000,128,41,10,1.000000,fixed,16,16,10,1.000000,0.658,0.034,0.581,0.020,0.003,16,586,586,bernoulli,8.0000,0.001000
sift1m,10000,128,41,10,1.000000,fixed,32,32,10,1.000000,1.307,0.070,1.155,0.040,0.005,32,1164,1164,bernoulli,8.0000,0.001000
sift1m,10000,128,41,10,1.000000,fixed,64,64,10,1.000000,2.428,0.054,2.216,0.080,0.007,64,2246,2246,bernoulli,8.0000,0.001000
sift1m,10000,128,41,10,1.000000,fixed,128,128,10,1.000000,4.946,0.083,4.482,0.225,0.011,128,4405,4405,bernoulli,8.0000,0.001000
sift1m,10000,128,41,10,1.000000,fixed,256,256,10,1.000000,9.418,0.167,8.623,0.324,0.017,256,8672,8672,bernoulli,8.0000,0.001000
sift1m,10000,128,41,10,1.000000,fixed,512,512,10,1.000000,19.138,0.360,17.529,0.631,0.038,512,17027,17027,bernoulli,8.0000,0.001000
sift1m,10000,128,42,10,0.001000,fixed,4,4,0,0.000000,0.280,0.095,0.179,0.001,0.001,4,163,0,bernoulli,8.0000,0.001000
sift1m,10000,128,42,10,0.001000,fixed,8,8,0,0.000000,0.398,0.047,0.338,0.002,0.001,8,322,0,bernoulli,8.0000,0.001000
sift1m,10000,128,42,10,0.001000,fixed,16,16,0,0.000000,0.677,0.042,0.611,0.003,0.002,16,609,0,bernoulli,8.0000,0.001000
sift1m,10000,128,42,10,0.001000,fixed,32,32,1,0.100000,1.302,0.046,1.211,0.006,0.004,32,1181,1,bernoulli,8.0000,0.001000
sift1m,10000,128,42,10,0.001000,fixed,64,64,1,0.100000,2.435,0.061,2.294,0.018,0.005,64,2219,3,bernoulli,8.0000,0.001000
sift1m,10000,128,42,10,0.001000,fixed,128,128,1,0.100000,4.757,0.117,4.494,0.025,0.006,128,4479,3,bernoulli,8.0000,0.001000
sift1m,10000,128,42,10,0.001000,fixed,256,256,2,0.200000,9.548,0.196,9.053,0.052,0.008,256,8896,8,bernoulli,8.0000,0.001000
sift1m,10000,128,42,10,0.001000,fixed,512,512,5,0.500000,18.173,0.387,17.221,0.098,0.012,512,16972,13,bernoulli,8.0000,0.001000
sift1m,10000,128,42,10,0.010000,fixed,4,4,0,0.000000,0.246,0.070,0.168,0.001,0.000,4,163,0,bernoulli,8.0000,0.001000
sift1m,10000,128,42,10,0.010000,fixed,8,8,3,0.200000,0.380,0.044,0.323,0.002,0.001,8,322,3,bernoulli,8.0000,0.001000
sift1m,10000,128,42,10,0.010000,fixed,16,16,7,0.500000,0.658,0.040,0.593,0.004,0.001,16,609,7,bernoulli,8.0000,0.001000
sift1m,10000,128,42,10,0.010000,fixed,32,32,9,0.600000,1.256,0.043,1.166,0.009,0.002,32,1181,11,bernoulli,8.0000,0.001000
sift1m,10000,128,42,10,0.010000,fixed,64,64,10,1.000000,2.309,0.058,2.164,0.017,0.003,64,2219,20,bernoulli,8.0000,0.001000
sift1m,10000,128,42,10,0.010000,fixed,128,128,10,1.000000,4.867,0.088,4.592,0.039,0.008,128,4479,49,bernoulli,8.0000,0.001000
sift1m,10000,128,42,10,0.010000,fixed,256,256,10,1.000000,9.483,0.178,8.913,0.100,0.019,256,8896,107,bernoulli,8.0000,0.001000
sift1m,10000,128,42,10,0.010000,fixed,512,512,10,1.000000,18.239,0.456,17.046,0.197,0.020,512,16972,184,bernoulli,8.0000,0.001000
sift1m,10000,128,42,10,0.050000,fixed,4,4,5,0.300000,0.305,0.078,0.216,0.003,0.002,4,163,5,bernoulli,8.0000,0.001000
sift1m,10000,128,42,10,0.050000,fixed,8,8,10,0.600000,0.404,0.045,0.341,0.004,0.002,8,322,16,bernoulli,8.0000,0.001000
sift1m,10000,128,42,10,0.050000,fixed,16,16,10,0.700000,0.669,0.040,0.597,0.011,0.003,16,609,36,bernoulli,8.0000,0.001000
sift1m,10000,128,42,10,0.050000,fixed,32,32,10,1.000000,1.288,0.043,1.183,0.014,0.008,32,1181,74,bernoulli,8.0000,0.001000
sift1m,10000,128,42,10,0.050000,fixed,64,64,10,1.000000,2.428,0.055,2.261,0.035,0.008,64,2219,130,bernoulli,8.0000,0.001000
sift1m,10000,128,42,10,0.050000,fixed,128,128,10,1.000000,4.870,0.111,4.562,0.051,0.011,128,4479,255,bernoulli,8.0000,0.001000
sift1m,10000,128,42,10,0.050000,fixed,256,256,10,1.000000,9.914,0.219,9.294,0.105,0.020,256,8896,500,bernoulli,8.0000,0.001000
sift1m,10000,128,42,10,0.050000,fixed,512,512,10,1.000000,18.315,0.412,17.080,0.254,0.038,512,16972,896,bernoulli,8.0000,0.001000
sift1m,10000,128,42,10,0.100000,fixed,4,4,10,0.100000,0.249,0.069,0.171,0.002,0.001,4,163,14,bernoulli,8.0000,0.001000
sift1m,10000,128,42,10,0.100000,fixed,8,8,10,0.400000,0.386,0.043,0.327,0.004,0.002,8,322,28,bernoulli,8.0000,0.001000
sift1m,10000,128,42,10,0.100000,fixed,16,16,10,0.700000,0.665,0.038,0.597,0.009,0.002,16,609,61,bernoulli,8.0000,0.001000
sift1m,10000,128,42,10,0.100000,fixed,32,32,10,1.000000,1.390,0.043,1.277,0.018,0.008,32,1181,113,bernoulli,8.0000,0.001000
sift1m,10000,128,42,10,0.100000,fixed,64,64,10,1.000000,2.547,0.142,2.293,0.034,0.010,64,2219,215,bernoulli,8.0000,0.001000
sift1m,10000,128,42,10,0.100000,fixed,128,128,10,1.000000,4.823,0.113,4.497,0.062,0.014,128,4479,408,bernoulli,8.0000,0.001000
sift1m,10000,128,42,10,0.100000,fixed,256,256,10,1.000000,9.699,0.195,9.079,0.129,0.021,256,8896,885,bernoulli,8.0000,0.001000
sift1m,10000,128,42,10,0.100000,fixed,512,512,10,1.000000,18.241,0.382,17.045,0.248,0.040,512,16972,1721,bernoulli,8.0000,0.001000
sift1m,10000,128,42,10,0.500000,fixed,4,4,10,0.600000,0.256,0.062,0.179,0.004,0.001,4,163,70,bernoulli,8.0000,0.001000
sift1m,10000,128,42,10,0.500000,fixed,8,8,10,0.900000,0.402,0.044,0.331,0.007,0.002,8,322,146,bernoulli,8.0000,0.001000
sift1m,10000,128,42,10,0.500000,fixed,16,16,10,1.000000,0.684,0.038,0.603,0.014,0.005,16,609,288,bernoulli,8.0000,0.001000
sift1m,10000,128,42,10,0.500000,fixed,32,32,10,1.000000,1.283,0.041,1.163,0.026,0.004,32,1181,560,bernoulli,8.0000,0.001000
sift1m,10000,128,42,10,0.500000,fixed,64,64,10,1.000000,2.420,0.055,2.212,0.051,0.006,64,2219,1048,bernoulli,8.0000,0.001000
sift1m,10000,128,42,10,0.500000,fixed,128,128,10,1.000000,4.963,0.086,4.557,0.106,0.011,128,4479,2108,bernoulli,8.0000,0.001000
sift1m,10000,128,42,10,0.500000,fixed,256,256,10,1.000000,10.095,0.192,9.215,0.224,0.025,256,8896,4304,bernoulli,8.0000,0.001000
sift1m,10000,128,42,10,0.500000,fixed,512,512,10,1.000000,19.051,0.357,17.389,0.436,0.044,512,16972,8428,bernoulli,8.0000,0.001000
sift1m,10000,128,42,10,1.000000,fixed,4,4,10,1.000000,0.294,0.097,0.183,0.006,0.002,4,163,163,bernoulli,8.0000,0.001000
sift1m,10000,128,42,10,1.000000,fixed,8,8,10,1.000000,0.415,0.049,0.342,0.011,0.002,8,322,322,bernoulli,8.0000,0.001000
sift1m,10000,128,42,10,1.000000,fixed,16,16,10,1.000000,0.704,0.048,0.612,0.021,0.003,16,609,609,bernoulli,8.0000,0.001000
sift1m,10000,128,42,10,1.000000,fixed,32,32,10,1.000000,1.323,0.050,1.190,0.041,0.004,32,1181,1181,bernoulli,8.0000,0.001000
sift1m,10000,128,42,10,1.000000,fixed,64,64,10,1.000000,2.517,0.067,2.287,0.078,0.006,64,2219,2219,bernoulli,8.0000,0.001000
sift1m,10000,128,42,10,1.000000,fixed,128,128,10,1.000000,5.044,0.107,4.616,0.163,0.010,128,4479,4479,bernoulli,8.0000,0.001000
sift1m,10000,128,42,10,1.000000,fixed,256,256,10,1.000000,9.831,0.190,8.998,0.332,0.019,256,8896,8896,bernoulli,8.0000,0.001000
sift1m,10000,128,42,10,1.000000,fixed,512,512,10,1.000000,30.657,0.373,27.624,0.919,0.089,512,16972,16972,bernoulli,8.0000,0.001000
sift1m,10000,128,43,10,0.001000,fixed,4,4,1,0.100000,0.374,0.121,0.237,0.003,0.002,4,158,1,bernoulli,8.0000,0.001000
sift1m,10000,128,43,10,0.001000,fixed,8,8,1,0.100000,0.613,0.054,0.539,0.004,0.001,8,300,1,bernoulli,8.0000,0.001000
sift1m,10000,128,43,10,0.001000,fixed,16,16,1,0.100000,0.717,0.053,0.639,0.008,0.001,16,569,1,bernoulli,8.0000,0.001000
sift1m,10000,128,43,10,0.001000,fixed,32,32,2,0.200000,2.599,0.054,2.435,0.017,0.004,32,1133,4,bernoulli,8.0000,0.001000
sift1m,10000,128,43,10,0.001000,fixed,64,64,3,0.300000,4.716,0.121,4.413,0.051,0.006,64,2390,7,bernoulli,8.0000,0.001000
sift1m,10000,128,43,10,0.001000,fixed,128,128,5,0.500000,6.574,0.183,6.209,0.034,0.008,128,4641,12,bernoulli,8.0000,0.001000
sift1m,10000,128,43,10,0.001000,fixed,256,256,7,0.700000,10.653,0.249,10.079,0.060,0.011,256,8874,17,bernoulli,8.0000,0.001000
sift1m,10000,128,43,10,0.001000,fixed,512,512,9,0.800000,18.711,0.404,17.358,0.487,0.017,512,16951,24,bernoulli,8.0000,0.001000
sift1m,10000,128,43,10,0.010000,fixed,4,4,1,0.100000,0.271,0.082,0.180,0.001,0.001,4,158,1,bernoulli,8.0000,0.001000
sift1m,10000,128,43,10,0.010000,fixed,8,8,2,0.200000,0.378,0.053,0.311,0.002,0.001,8,300,2,bernoulli,8.0000,0.001000
sift1m,10000,128,43,10,0.010000,fixed,16,16,4,0.300000,0.633,0.046,0.561,0.004,0.001,16,569,4,bernoulli,8.0000,0.001000
sift1m,10000,128,43,10,0.010000,fixed,32,32,10,0.700000,1.314,0.051,1.209,0.009,0.003,32,1133,12,bernoulli,8.0000,0.001000
sift1m,10000,128,43,10,0.010000,fixed,64,64,10,0.900000,2.769,0.094,2.563,0.019,0.005,64,2390,22,bernoulli,8.0000,0.001000
sift1m,10000,128,43,10,0.010000,fixed,128,128,10,1.000000,5.140,0.123,4.812,0.034,0.008,128,4641,35,bernoulli,8.0000,0.001000
sift1m,10000,128,43,10,0.010000,fixed,256,256,10,1.000000,9.658,0.193,9.063,0.079,0.011,256,8874,72,bernoulli,8.0000,0.001000
sift1m,10000,128,43,10,0.010000,fixed,512,512,10,1.000000,18.557,0.355,17.377,0.185,0.024,512,16951,166,bernoulli,8.0000,0.001000
sift1m,10000,128,43,10,0.050000,fixed,4,4,7,0.400000,0.287,0.104,0.174,0.002,0.001,4,158,7,bernoulli,8.0000,0.001000
sift1m,10000,128,43,10,0.050000,fixed,8,8,10,0.500000,0.378,0.050,0.314,0.003,0.002,8,300,15,bernoulli,8.0000,0.001000
sift1m,10000,128,43,10,0.050000,fixed,16,16,10,0.900000,0.640,0.040,0.574,0.006,0.003,16,569,33,bernoulli,8.0000,0.001000
sift1m,10000,128,43,10,0.050000,fixed,32,32,10,1.000000,1.224,0.047,1.125,0.012,0.005,32,1133,55,bernoulli,8.0000,0.001000
sift1m,10000,128,43,10,0.050000,fixed,64,64,10,1.000000,2.666,0.085,2.479,0.025,0.008,64,2390,103,bernoulli,8.0000,0.001000
sift1m,10000,128,43,10,0.050000,fixed,128,128,10,1.000000,4.982,0.122,4.658,0.049,0.015,128,4641,219,bernoulli,8.0000,0.001000
sift1m,10000,128,43,10,0.050000,fixed,256,256,10,1.000000,9.770,0.203,9.179,0.095,0.020,256,8874,391,bernoulli,8.0000,0.001000
sift1m,10000,128,43,10,0.050000,fixed,512,512,10,1.000000,17.904,0.384,16.803,0.186,0.032,512,16951,797,bernoulli,8.0000,0.001000
sift1m,10000,128,43,10,0.100000,fixed,4,4,10,0.400000,0.320,0.092,0.210,0.003,0.003,4,158,15,bernoulli,8.0000,0.001000
sift1m,10000,128,43,10,0.100000,fixed,8,8,10,0.500000,0.436,0.096,0.322,0.005,0.002,8,300,28,bernoulli,8.0000,0.001000
sift1m,10000,128,43,10,0.100000,fixed,16,16,10,0.600000,0.658,0.056,0.571,0.009,0.003,16,569,55,bernoulli,8.0000,0.001000
sift1m,10000,128,43,10,0.100000,fixed,32,32,10,0.800000,1.236,0.055,1.121,0.019,0.005,32,1133,106,bernoulli,8.0000,0.001000
sift1m,10000,128,43,10,0.100000,fixed,64,64,10,0.900000,2.971,0.069,2.760,0.041,0.012,64,2390,257,bernoulli,8.0000,0.001000
sift1m,10000,128,43,10,0.100000,fixed,128,128,10,1.000000,5.141,0.125,4.771,0.074,0.017,128,4641,497,bernoulli,8.0000,0.001000
sift1m,10000,128,43,10,0.100000,fixed,256,256,10,1.000000,10.221,0.236,9.525,0.148,0.026,256,8874,977,bernoulli,8.0000,0.001000
sift1m,10000,128,43,10,0.100000,fixed,512,512,10,1.000000,18.139,0.373,16.921,0.270,0.036,512,16951,1806,bernoulli,8.0000,0.001000
sift1m,10000,128,43,10,0.500000,fixed,4,4,10,0.600000,0.246,0.072,0.161,0.004,0.001,4,158,72,bernoulli,8.0000,0.001000
sift1m,10000,128,43,10,0.500000,fixed,8,8,10,0.900000,0.354,0.042,0.292,0.007,0.001,8,300,138,bernoulli,8.0000,0.001000
sift1m,10000,128,43,10,0.500000,fixed,16,16,10,1.000000,0.603,0.038,0.526,0.013,0.002,16,569,268,bernoulli,8.0000,0.001000
sift1m,10000,128,43,10,0.500000,fixed,32,32,10,1.000000,1.185,0.044,1.063,0.027,0.004,32,1133,547,bernoulli,8.0000,0.001000
sift1m,10000,128,43,10,0.500000,fixed,64,64,10,1.000000,3.010,0.059,2.741,0.061,0.007,64,2390,1148,bernoulli,8.0000,0.001000
sift1m,10000,128,43,10,0.500000,fixed,128,128,10,1.000000,5.233,0.090,4.798,0.116,0.011,128,4641,2254,bernoulli,8.0000,0.001000
sift1m,10000,128,43,10,0.500000,fixed,256,256,10,1.000000,10.276,0.209,9.399,0.228,0.020,256,8874,4314,bernoulli,8.0000,0.001000
sift1m,10000,128,43,10,0.500000,fixed,512,512,10,1.000000,18.546,0.393,16.907,0.426,0.035,512,16951,8309,bernoulli,8.0000,0.001000
sift1m,10000,128,43,10,1.000000,fixed,4,4,10,0.700000,0.264,0.083,0.168,0.006,0.001,4,158,158,bernoulli,8.0000,0.001000
sift1m,10000,128,43,10,1.000000,fixed,8,8,10,0.800000,0.359,0.042,0.296,0.010,0.001,8,300,300,bernoulli,8.0000,0.001000
sift1m,10000,128,43,10,1.000000,fixed,16,16,10,0.900000,0.614,0.040,0.534,0.019,0.002,16,569,569,bernoulli,8.0000,0.001000
sift1m,10000,128,43,10,1.000000,fixed,32,32,10,1.000000,1.207,0.046,1.081,0.040,0.004,32,1133,1133,bernoulli,8.0000,0.001000
sift1m,10000,128,43,10,1.000000,fixed,64,64,10,1.000000,2.986,0.060,2.718,0.088,0.014,64,2390,2390,bernoulli,8.0000,0.001000
sift1m,10000,128,43,10,1.000000,fixed,128,128,10,1.000000,5.463,0.179,4.918,0.187,0.011,128,4641,4641,bernoulli,8.0000,0.001000
sift1m,10000,128,43,10,1.000000,fixed,256,256,10,1.000000,9.780,0.236,8.908,0.324,0.019,256,8874,8874,bernoulli,8.0000,0.001000
sift1m,10000,128,43,10,1.000000,fixed,512,512,10,1.000000,18.935,0.369,17.281,0.637,0.036,512,16951,16951,bernoulli,8.0000,0.001000
sift1m,10000,128,44,10,0.001000,fixed,4,4,0,0.000000,0.172,0.076,0.092,0.001,0.001,4,90,0,bernoulli,8.0000,0.001000
sift1m,10000,128,44,10,0.001000,fixed,8,8,0,0.000000,0.263,0.047,0.205,0.001,0.001,8,214,0,bernoulli,8.0000,0.001000
sift1m,10000,128,44,10,0.001000,fixed,16,16,1,0.200000,0.613,0.040,0.555,0.003,0.001,16,524,1,bernoulli,8.0000,0.001000
sift1m,10000,128,44,10,0.001000,fixed,32,32,1,0.200000,1.246,0.046,1.155,0.006,0.005,32,1076,1,bernoulli,8.0000,0.001000
sift1m,10000,128,44,10,0.001000,fixed,64,64,1,0.200000,2.426,0.067,2.289,0.011,0.002,64,2189,1,bernoulli,8.0000,0.001000
sift1m,10000,128,44,10,0.001000,fixed,128,128,2,0.400000,4.898,0.095,4.647,0.023,0.003,128,4431,3,bernoulli,8.0000,0.001000
sift1m,10000,128,44,10,0.001000,fixed,256,256,3,0.600000,9.189,0.198,8.716,0.045,0.006,256,8630,7,bernoulli,8.0000,0.001000
sift1m,10000,128,44,10,0.001000,fixed,512,512,4,0.800000,18.238,0.395,17.296,0.095,0.012,512,16986,11,bernoulli,8.0000,0.001000
sift1m,10000,128,44,10,0.010000,fixed,4,4,0,0.000000,0.190,0.073,0.106,0.005,0.001,4,90,0,bernoulli,8.0000,0.001000
sift1m,10000,128,44,10,0.010000,fixed,8,8,0,0.000000,0.264,0.032,0.220,0.002,0.001,8,214,0,bernoulli,8.0000,0.001000
sift1m,10000,128,44,10,0.010000,fixed,16,16,5,0.200000,0.639,0.032,0.577,0.009,0.002,16,524,6,bernoulli,8.0000,0.001000
sift1m,10000,128,44,10,0.010000,fixed,32,32,9,0.500000,1.188,0.037,1.084,0.027,0.002,32,1076,11,bernoulli,8.0000,0.001000
sift1m,10000,128,44,10,0.010000,fixed,64,64,10,0.600000,2.352,0.054,2.195,0.019,0.004,64,2189,20,bernoulli,8.0000,0.001000
sift1m,10000,128,44,10,0.010000,fixed,128,128,10,0.900000,4.710,0.085,4.428,0.034,0.007,128,4431,46,bernoulli,8.0000,0.001000
sift1m,10000,128,44,10,0.010000,fixed,256,256,10,1.000000,9.143,0.179,8.571,0.064,0.020,256,8630,99,bernoulli,8.0000,0.001000
sift1m,10000,128,44,10,0.010000,fixed,512,512,10,1.000000,18.580,0.401,17.244,0.271,0.023,512,16986,202,bernoulli,8.0000,0.001000
sift1m,10000,128,44,10,0.050000,fixed,4,4,1,0.000000,0.149,0.061,0.083,0.001,0.001,4,90,1,bernoulli,8.0000,0.001000
sift1m,10000,128,44,10,0.050000,fixed,8,8,7,0.200000,0.258,0.040,0.205,0.002,0.001,8,214,7,bernoulli,8.0000,0.001000
sift1m,10000,128,44,10,0.050000,fixed,16,16,10,0.800000,0.575,0.036,0.515,0.006,0.002,16,524,23,bernoulli,8.0000,0.001000
sift1m,10000,128,44,10,0.050000,fixed,32,32,10,0.800000,1.154,0.040,1.059,0.011,0.005,32,1076,45,bernoulli,8.0000,0.001000
sift1m,10000,128,44,10,0.050000,fixed,64,64,10,1.000000,2.337,0.057,2.185,0.023,0.006,64,2189,93,bernoulli,8.0000,0.001000
sift1m,10000,128,44,10,0.050000,fixed,128,128,10,1.000000,5.203,0.088,4.899,0.050,0.020,128,4431,220,bernoulli,8.0000,0.001000
sift1m,10000,128,44,10,0.050000,fixed,256,256,10,1.000000,9.720,0.245,9.067,0.102,0.024,256,8630,483,bernoulli,8.0000,0.001000
sift1m,10000,128,44,10,0.050000,fixed,512,512,10,1.000000,18.909,0.410,17.733,0.193,0.040,512,16986,941,bernoulli,8.0000,0.001000
sift1m,10000,128,44,10,0.100000,fixed,4,4,8,0.300000,0.198,0.095,0.097,0.002,0.001,4,90,8,bernoulli,8.0000,0.001000
sift1m,10000,128,44,10,0.100000,fixed,8,8,10,0.400000,0.275,0.046,0.217,0.003,0.001,8,214,19,bernoulli,8.0000,0.001000
sift1m,10000,128,44,10,0.100000,fixed,16,16,10,0.600000,0.656,0.038,0.588,0.008,0.003,16,524,39,bernoulli,8.0000,0.001000
sift1m,10000,128,44,10,0.100000,fixed,32,32,10,0.900000,1.304,0.077,1.170,0.017,0.005,32,1076,100,bernoulli,8.0000,0.001000
sift1m,10000,128,44,10,0.100000,fixed,64,64,10,1.000000,2.468,0.077,2.282,0.033,0.007,64,2189,209,bernoulli,8.0000,0.001000
sift1m,10000,128,44,10,0.100000,fixed,128,128,10,1.000000,5.129,0.106,4.762,0.068,0.017,128,4431,428,bernoulli,8.0000,0.001000
sift1m,10000,128,44,10,0.100000,fixed,256,256,10,1.000000,9.573,0.214,8.927,0.132,0.025,256,8630,896,bernoulli,8.0000,0.001000
sift1m,10000,128,44,10,0.100000,fixed,512,512,10,1.000000,19.539,0.402,18.266,0.260,0.043,512,16986,1684,bernoulli,8.0000,0.001000
sift1m,10000,128,44,10,0.500000,fixed,4,4,10,1.000000,0.215,0.095,0.109,0.003,0.001,4,90,43,bernoulli,8.0000,0.001000
sift1m,10000,128,44,10,0.500000,fixed,8,8,10,1.000000,0.301,0.050,0.233,0.005,0.002,8,214,98,bernoulli,8.0000,0.001000
sift1m,10000,128,44,10,0.500000,fixed,16,16,10,1.000000,0.681,0.044,0.595,0.013,0.003,16,524,251,bernoulli,8.0000,0.001000
sift1m,10000,128,44,10,0.500000,fixed,32,32,10,1.000000,1.381,0.050,1.242,0.029,0.006,32,1076,527,bernoulli,8.0000,0.001000
sift1m,10000,128,44,10,0.500000,fixed,64,64,10,1.000000,2.749,0.098,2.474,0.059,0.007,64,2189,1057,bernoulli,8.0000,0.001000
sift1m,10000,128,44,10,0.500000,fixed,128,128,10,1.000000,5.258,0.128,4.777,0.121,0.012,128,4431,2177,bernoulli,8.0000,0.001000
sift1m,10000,128,44,10,0.500000,fixed,256,256,10,1.000000,11.106,0.215,10.129,0.254,0.021,256,8630,4347,bernoulli,8.0000,0.001000
sift1m,10000,128,44,10,0.500000,fixed,512,512,10,1.000000,19.942,0.414,18.121,0.509,0.032,512,16986,8579,bernoulli,8.0000,0.001000
sift1m,10000,128,44,10,1.000000,fixed,4,4,10,1.000000,0.196,0.090,0.096,0.004,0.001,4,90,90,bernoulli,8.0000,0.001000
sift1m,10000,128,44,10,1.000000,fixed,8,8,10,1.000000,0.270,0.043,0.208,0.008,0.002,8,214,214,bernoulli,8.0000,0.001000
sift1m,10000,128,44,10,1.000000,fixed,16,16,10,1.000000,0.729,0.037,0.640,0.021,0.005,16,524,524,bernoulli,8.0000,0.001000
sift1m,10000,128,44,10,1.000000,fixed,32,32,10,1.000000,1.389,0.096,1.202,0.043,0.006,32,1076,1076,bernoulli,8.0000,0.001000
sift1m,10000,128,44,10,1.000000,fixed,64,64,10,1.000000,2.473,0.090,2.218,0.084,0.007,64,2189,2189,bernoulli,8.0000,0.001000
sift1m,10000,128,44,10,1.000000,fixed,128,128,10,1.000000,5.138,0.107,4.669,0.171,0.011,128,4431,4431,bernoulli,8.0000,0.001000
sift1m,10000,128,44,10,1.000000,fixed,256,256,10,1.000000,9.823,0.201,8.950,0.335,0.018,256,8630,8630,bernoulli,8.0000,0.001000
sift1m,10000,128,44,10,1.000000,fixed,512,512,10,1.000000,19.035,0.418,17.309,0.660,0.034,512,16986,16986,bernoulli,8.0000,0.001000
sift1m,10000,128,45,10,0.001000,fixed,4,4,0,0.000000,0.221,0.089,0.126,0.001,0.001,4,130,0,bernoulli,8.0000,0.001000
sift1m,10000,128,45,10,0.001000,fixed,8,8,0,0.000000,0.366,0.051,0.306,0.002,0.001,8,300,0,bernoulli,8.0000,0.001000
sift1m,10000,128,45,10,0.001000,fixed,16,16,0,0.000000,0.650,0.044,0.588,0.003,0.001,16,587,0,bernoulli,8.0000,0.001000
sift1m,10000,128,45,10,0.001000,fixed,32,32,0,0.000000,1.239,0.048,1.155,0.006,0.001,32,1134,0,bernoulli,8.0000,0.001000
sift1m,10000,128,45,10,0.001000,fixed,64,64,0,0.000000,2.475,0.063,2.337,0.013,0.002,64,2234,0,bernoulli,8.0000,0.001000
sift1m,10000,128,45,10,0.001000,fixed,128,128,1,0.100000,4.636,0.129,4.366,0.025,0.006,128,4308,2,bernoulli,8.0000,0.001000
sift1m,10000,128,45,10,0.001000,fixed,256,256,2,0.200000,8.847,0.193,8.382,0.048,0.008,256,8518,4,bernoulli,8.0000,0.001000
sift1m,10000,128,45,10,0.001000,fixed,512,512,5,0.500000,18.128,0.383,17.171,0.114,0.010,512,16986,13,bernoulli,8.0000,0.001000
sift1m,10000,128,45,10,0.010000,fixed,4,4,0,0.000000,0.199,0.066,0.123,0.001,0.003,4,130,0,bernoulli,8.0000,0.001000
sift1m,10000,128,45,10,0.010000,fixed,8,8,1,0.100000,0.357,0.047,0.291,0.002,0.004,8,300,1,bernoulli,8.0000,0.001000
sift1m,10000,128,45,10,0.010000,fixed,16,16,3,0.300000,0.666,0.044,0.591,0.004,0.004,16,587,3,bernoulli,8.0000,0.001000
sift1m,10000,128,45,10,0.010000,fixed,32,32,4,0.400000,1.246,0.048,1.128,0.008,0.008,32,1134,7,bernoulli,8.0000,0.001000
sift1m,10000,128,45,10,0.010000,fixed,64,64,9,0.700000,2.398,0.095,2.188,0.017,0.006,64,2234,15,bernoulli,8.0000,0.001000
sift1m,10000,128,45,10,0.010000,fixed,128,128,10,1.000000,4.835,0.097,4.482,0.034,0.012,128,4308,44,bernoulli,8.0000,0.001000
sift1m,10000,128,45,10,0.010000,fixed,256,256,10,1.000000,9.172,0.220,8.520,0.066,0.014,256,8518,87,bernoulli,8.0000,0.001000
sift1m,10000,128,45,10,0.010000,fixed,512,512,10,1.000000,18.572,0.400,17.225,0.221,0.024,512,16986,197,bernoulli,8.0000,0.001000
sift1m,10000,128,45,10,0.050000,fixed,4,4,8,0.400000,0.203,0.066,0.129,0.002,0.001,4,130,9,bernoulli,8.0000,0.001000
sift1m,10000,128,45,10,0.050000,fixed,8,8,10,0.700000,0.359,0.037,0.307,0.004,0.002,8,300,21,bernoulli,8.0000,0.001000
sift1m,10000,128,45,10,0.050000,fixed,16,16,10,0.800000,0.679,0.036,0.616,0.006,0.003,16,587,37,bernoulli,8.0000,0.001000
sift1m,10000,128,45,10,0.050000,fixed,32,32,10,1.000000,1.264,0.041,1.166,0.013,0.006,32,1134,74,bernoulli,8.0000,0.001000
sift1m,10000,128,45,10,0.050000,fixed,64,64,10,1.000000,2.449,0.082,2.267,0.025,0.008,64,2234,136,bernoulli,8.0000,0.001000
sift1m,10000,128,45,10,0.050000,fixed,128,128,10,1.000000,4.701,0.104,4.406,0.047,0.012,128,4308,227,bernoulli,8.0000,0.001000
sift1m,10000,128,45,10,0.050000,fixed,256,256,10,1.000000,8.985,0.171,8.454,0.090,0.019,256,8518,404,bernoulli,8.0000,0.001000
sift1m,10000,128,45,10,0.050000,fixed,512,512,10,1.000000,18.221,0.342,17.134,0.179,0.036,512,16986,794,bernoulli,8.0000,0.001000
sift1m,10000,128,45,10,0.100000,fixed,4,4,10,0.500000,0.205,0.068,0.128,0.002,0.001,4,130,14,bernoulli,8.0000,0.001000
sift1m,10000,128,45,10,0.100000,fixed,8,8,10,0.900000,0.347,0.038,0.292,0.005,0.002,8,300,34,bernoulli,8.0000,0.001000
sift1m,10000,128,45,10,0.100000,fixed,16,16,10,1.000000,0.679,0.034,0.614,0.009,0.003,16,587,62,bernoulli,8.0000,0.001000
sift1m,10000,128,45,10,0.100000,fixed,32,32,10,1.000000,1.267,0.068,1.143,0.017,0.004,32,1134,119,bernoulli,8.0000,0.001000
sift1m,10000,128,45,10,0.100000,fixed,64,64,10,1.000000,2.402,0.069,2.223,0.032,0.007,64,2234,231,bernoulli,8.0000,0.001000
sift1m,10000,128,45,10,0.100000,fixed,128,128,10,1.000000,4.672,0.095,4.351,0.063,0.017,128,4308,422,bernoulli,8.0000,0.001000
sift1m,10000,128,45,10,0.100000,fixed,256,256,10,1.000000,8.998,0.203,8.382,0.126,0.021,256,8518,839,bernoulli,8.0000,0.001000
sift1m,10000,128,45,10,0.100000,fixed,512,512,10,1.000000,18.468,0.353,17.270,0.264,0.041,512,16986,1586,bernoulli,8.0000,0.001000
sift1m,10000,128,45,10,0.500000,fixed,4,4,10,0.700000,0.245,0.095,0.137,0.004,0.001,4,130,69,bernoulli,8.0000,0.001000
sift1m,10000,128,45,10,0.500000,fixed,8,8,10,0.900000,0.382,0.048,0.312,0.007,0.002,8,300,158,bernoulli,8.0000,0.001000
sift1m,10000,128,45,10,0.500000,fixed,16,16,10,1.000000,0.742,0.040,0.652,0.020,0.003,16,587,300,bernoulli,8.0000,0.001000
sift1m,10000,128,45,10,0.500000,fixed,32,32,10,1.000000,1.302,0.060,1.159,0.029,0.004,32,1134,577,bernoulli,8.0000,0.001000
sift1m,10000,128,45,10,0.500000,fixed,64,64,10,1.000000,2.595,0.070,2.351,0.057,0.009,64,2234,1161,bernoulli,8.0000,0.001000
sift1m,10000,128,45,10,0.500000,fixed,128,128,10,1.000000,5.067,0.113,4.614,0.116,0.016,128,4308,2224,bernoulli,8.0000,0.001000
sift1m,10000,128,45,10,0.500000,fixed,256,256,10,1.000000,9.813,0.230,8.918,0.225,0.023,256,8518,4335,bernoulli,8.0000,0.001000
sift1m,10000,128,45,10,0.500000,fixed,512,512,10,1.000000,19.189,0.420,17.418,0.448,0.032,512,16986,8587,bernoulli,8.0000,0.001000
sift1m,10000,128,45,10,1.000000,fixed,4,4,10,0.600000,0.237,0.089,0.136,0.005,0.001,4,130,130,bernoulli,8.0000,0.001000
sift1m,10000,128,45,10,1.000000,fixed,8,8,10,0.900000,0.363,0.043,0.297,0.011,0.002,8,300,300,bernoulli,8.0000,0.001000
sift1m,10000,128,45,10,1.000000,fixed,16,16,10,0.900000,0.660,0.039,0.579,0.021,0.003,16,587,587,bernoulli,8.0000,0.001000
sift1m,10000,128,45,10,1.000000,fixed,32,32,10,1.000000,1.216,0.043,1.092,0.040,0.004,32,1134,1134,bernoulli,8.0000,0.001000
sift1m,10000,128,45,10,1.000000,fixed,64,64,10,1.000000,2.428,0.057,2.212,0.080,0.006,64,2234,2234,bernoulli,8.0000,0.001000
sift1m,10000,128,45,10,1.000000,fixed,128,128,10,1.000000,4.799,0.088,4.387,0.158,0.011,128,4308,4308,bernoulli,8.0000,0.001000
sift1m,10000,128,45,10,1.000000,fixed,256,256,10,1.000000,9.303,0.177,8.468,0.310,0.026,256,8518,8518,bernoulli,8.0000,0.001000
sift1m,10000,128,45,10,1.000000,fixed,512,512,10,1.000000,19.056,0.429,17.415,0.624,0.033,512,16986,16986,bernoulli,8.0000,0.001000
sift1m,10000,128,46,10,0.001000,fixed,4,4,0,0.000000,0.265,0.072,0.187,0.001,0.001,4,177,0,bernoulli,8.0000,0.001000
sift1m,10000,128,46,10,0.001000,fixed,8,8,1,0.125000,0.373,0.043,0.316,0.002,0.001,8,308,1,bernoulli,8.0000,0.001000
sift1m,10000,128,46,10,0.001000,fixed,16,16,1,0.125000,0.648,0.041,0.588,0.003,0.001,16,580,1,bernoulli,8.0000,0.001000
sift1m,10000,128,46,10,0.001000,fixed,32,32,1,0.125000,1.247,0.043,1.159,0.006,0.004,32,1125,1,bernoulli,8.0000,0.001000
sift1m,10000,128,46,10,0.001000,fixed,64,64,1,0.125000,2.347,0.055,2.222,0.011,0.002,64,2216,1,bernoulli,8.0000,0.001000
sift1m,10000,128,46,10,0.001000,fixed,128,128,1,0.125000,4.787,0.083,4.557,0.023,0.005,128,4506,1,bernoulli,8.0000,0.001000
sift1m,10000,128,46,10,0.001000,fixed,256,256,1,0.125000,9.182,0.192,8.710,0.043,0.005,256,8551,1,bernoulli,8.0000,0.001000
sift1m,10000,128,46,10,0.001000,fixed,512,512,3,0.375000,18.070,0.367,17.119,0.092,0.015,512,16994,4,bernoulli,8.0000,0.001000
sift1m,10000,128,46,10,0.010000,fixed,4,4,0,0.000000,0.284,0.088,0.188,0.001,0.001,4,177,0,bernoulli,8.0000,0.001000
sift1m,10000,128,46,10,0.010000,fixed,8,8,0,0.000000,0.394,0.060,0.322,0.002,0.001,8,308,0,bernoulli,8.0000,0.001000
sift1m,10000,128,46,10,0.010000,fixed,16,16,4,0.400000,0.672,0.038,0.611,0.005,0.001,16,580,4,bernoulli,8.0000,0.001000
sift1m,10000,128,46,10,0.010000,fixed,32,32,5,0.500000,1.210,0.041,1.123,0.008,0.002,32,1125,8,bernoulli,8.0000,0.001000
sift1m,10000,128,46,10,0.010000,fixed,64,64,10,0.900000,2.420,0.053,2.280,0.016,0.004,64,2216,19,bernoulli,8.0000,0.001000
sift1m,10000,128,46,10,0.010000,fixed,128,128,10,0.900000,4.837,0.106,4.557,0.031,0.006,128,4506,36,bernoulli,8.0000,0.001000
sift1m,10000,128,46,10,0.010000,fixed,256,256,10,1.000000,9.227,0.169,8.725,0.061,0.009,256,8551,65,bernoulli,8.0000,0.001000
sift1m,10000,128,46,10,0.010000,fixed,512,512,10,1.000000,18.085,0.345,17.076,0.121,0.018,512,16994,135,bernoulli,8.0000,0.001000
sift1m,10000,128,46,10,0.050000,fixed,4,4,10,0.700000,0.278,0.078,0.190,0.003,0.001,4,177,16,bernoulli,8.0000,0.001000
sift1m,10000,128,46,10,0.050000,fixed,8,8,10,0.700000,0.375,0.042,0.319,0.004,0.002,8,308,20,bernoulli,8.0000,0.001000
sift1m,10000,128,46,10,0.050000,fixed,16,16,10,1.000000,0.675,0.035,0.613,0.007,0.002,16,580,31,bernoulli,8.0000,0.001000
sift1m,10000,128,46,10,0.050000,fixed,32,32,10,1.000000,1.236,0.039,1.145,0.013,0.005,32,1125,58,bernoulli,8.0000,0.001000
sift1m,10000,128,46,10,0.050000,fixed,64,64,10,1.000000,2.490,0.057,2.331,0.026,0.008,64,2216,114,bernoulli,8.0000,0.001000
sift1m,10000,128,46,10,0.050000,fixed,128,128,10,1.000000,4.870,0.098,4.563,0.056,0.017,128,4506,231,bernoulli,8.0000,0.001000
sift1m,10000,128,46,10,0.050000,fixed,256,256,10,1.000000,9.219,0.206,8.622,0.099,0.036,256,8551,410,bernoulli,8.0000,0.001000
sift1m,10000,128,46,10,0.050000,fixed,512,512,10,1.000000,18.199,0.443,16.984,0.195,0.034,512,16994,867,bernoulli,8.0000,0.001000
sift1m,10000,128,46,10,0.100000,fixed,4,4,8,0.500000,0.384,0.073,0.277,0.003,0.008,4,177,9,bernoulli,8.0000,0.001000
sift1m,10000,128,46,10,0.100000,fixed,8,8,10,0.700000,0.392,0.054,0.322,0.004,0.002,8,308,15,bernoulli,8.0000,0.001000
sift1m,10000,128,46,10,0.100000,fixed,16,16,10,0.800000,0.640,0.042,0.572,0.007,0.002,16,580,38,bernoulli,8.0000,0.001000
sift1m,10000,128,46,10,0.100000,fixed,32,32,10,0.900000,1.207,0.043,1.111,0.015,0.004,32,1125,88,bernoulli,8.0000,0.001000
sift1m,10000,128,46,10,0.100000,fixed,64,64,10,1.000000,2.309,0.054,2.151,0.030,0.007,64,2216,206,bernoulli,8.0000,0.001000
sift1m,10000,128,46,10,0.100000,fixed,128,128,10,1.000000,4.742,0.082,4.447,0.066,0.012,128,4506,433,bernoulli,8.0000,0.001000
sift1m,10000,128,46,10,0.100000,fixed,256,256,10,1.000000,9.723,0.164,9.124,0.136,0.031,256,8551,833,bernoulli,8.0000,0.001000
sift1m,10000,128,46,10,0.100000,fixed,512,512,10,1.000000,18.807,0.430,17.545,0.247,0.039,512,16994,1654,bernoulli,8.0000,0.001000
sift1m,10000,128,46,10,0.500000,fixed,4,4,10,0.900000,0.260,0.058,0.187,0.005,0.001,4,177,90,bernoulli,8.0000,0.001000
sift1m,10000,128,46,10,0.500000,fixed,8,8,10,0.900000,0.362,0.030,0.309,0.008,0.002,8,308,165,bernoulli,8.0000,0.001000
sift1m,10000,128,46,10,0.500000,fixed,16,16,10,1.000000,0.663,0.031,0.591,0.014,0.003,16,580,311,bernoulli,8.0000,0.001000
sift1m,10000,128,46,10,0.500000,fixed,32,32,10,1.000000,1.312,0.040,1.191,0.027,0.004,32,1125,586,bernoulli,8.0000,0.001000
sift1m,10000,128,46,10,0.500000,fixed,64,64,10,1.000000,2.442,0.056,2.231,0.053,0.006,64,2216,1139,bernoulli,8.0000,0.001000
sift1m,10000,128,46,10,0.500000,fixed,128,128,10,1.000000,5.116,0.084,4.671,0.117,0.014,128,4506,2303,bernoulli,8.0000,0.001000
sift1m,10000,128,46,10,0.500000,fixed,256,256,10,1.000000,9.775,0.180,8.919,0.230,0.023,256,8551,4339,bernoulli,8.0000,0.001000
sift1m,10000,128,46,10,0.500000,fixed,512,512,10,1.000000,19.785,0.440,18.003,0.463,0.032,512,16994,8680,bernoulli,8.0000,0.001000
sift1m,10000,128,46,10,1.000000,fixed,4,4,10,0.900000,0.297,0.091,0.192,0.006,0.001,4,177,177,bernoulli,8.0000,0.001000
sift1m,10000,128,46,10,1.000000,fixed,8,8,10,0.900000,0.382,0.043,0.316,0.010,0.002,8,308,308,bernoulli,8.0000,0.001000
sift1m,10000,128,46,10,1.000000,fixed,16,16,10,1.000000,0.648,0.036,0.570,0.019,0.003,16,580,580,bernoulli,8.0000,0.001000
sift1m,10000,128,46,10,1.000000,fixed,32,32,10,1.000000,1.219,0.041,1.098,0.038,0.004,32,1125,1125,bernoulli,8.0000,0.001000
sift1m,10000,128,46,10,1.000000,fixed,64,64,10,1.000000,2.381,0.053,2.171,0.078,0.006,64,2216,2216,bernoulli,8.0000,0.001000
sift1m,10000,128,46,10,1.000000,fixed,128,128,10,1.000000,5.302,0.086,4.846,0.166,0.012,128,4506,4506,bernoulli,8.0000,0.001000
sift1m,10000,128,46,10,1.000000,fixed,256,256,10,1.000000,9.718,0.199,8.822,0.319,0.024,256,8551,8551,bernoulli,8.0000,0.001000
sift1m,10000,128,46,10,1.000000,fixed,512,512,10,1.000000,19.233,0.418,17.492,0.641,0.034,512,16994,16994,bernoulli,8.0000,0.001000
sift1m,10000,128,47,10,0.001000,fixed,4,4,0,0.000000,0.269,0.090,0.171,0.002,0.002,4,130,0,bernoulli,8.0000,0.001000
sift1m,10000,128,47,10,0.001000,fixed,8,8,0,0.000000,0.503,0.100,0.392,0.002,0.001,8,292,0,bernoulli,8.0000,0.001000
sift1m,10000,128,47,10,0.001000,fixed,16,16,1,0.100000,0.796,0.060,0.714,0.004,0.001,16,645,1,bernoulli,8.0000,0.001000
sift1m,10000,128,47,10,0.001000,fixed,32,32,2,0.200000,1.293,0.057,1.196,0.006,0.004,32,1137,2,bernoulli,8.0000,0.001000
sift1m,10000,128,47,10,0.001000,fixed,64,64,2,0.200000,2.519,0.071,2.359,0.028,0.002,64,2304,3,bernoulli,8.0000,0.001000
sift1m,10000,128,47,10,0.001000,fixed,128,128,4,0.400000,4.928,0.126,4.613,0.068,0.003,128,4511,6,bernoulli,8.0000,0.001000
sift1m,10000,128,47,10,0.001000,fixed,256,256,4,0.400000,9.348,0.191,8.812,0.116,0.008,256,8703,10,bernoulli,8.0000,0.001000
sift1m,10000,128,47,10,0.001000,fixed,512,512,7,0.700000,18.597,0.374,17.630,0.130,0.015,512,17126,23,bernoulli,8.0000,0.001000
sift1m,10000,128,47,10,0.010000,fixed,4,4,0,0.000000,0.255,0.085,0.162,0.001,0.001,4,130,0,bernoulli,8.0000,0.001000
sift1m,10000,128,47,10,0.010000,fixed,8,8,1,0.100000,0.398,0.039,0.343,0.002,0.001,8,292,1,bernoulli,8.0000,0.001000
sift1m,10000,128,47,10,0.010000,fixed,16,16,5,0.200000,0.802,0.041,0.729,0.005,0.001,16,645,5,bernoulli,8.0000,0.001000
sift1m,10000,128,47,10,0.010000,fixed,32,32,9,0.400000,1.351,0.050,1.237,0.009,0.003,32,1137,11,bernoulli,8.0000,0.001000
sift1m,10000,128,47,10,0.010000,fixed,64,64,10,0.800000,2.649,0.071,2.460,0.017,0.005,64,2304,25,bernoulli,8.0000,0.001000
sift1m,10000,128,47,10,0.010000,fixed,128,128,10,1.000000,4.999,0.112,4.661,0.035,0.008,128,4511,48,bernoulli,8.0000,0.001000
sift1m,10000,128,47,10,0.010000,fixed,256,256,10,1.000000,9.265,0.201,8.639,0.066,0.014,256,8703,89,bernoulli,8.0000,0.001000
sift1m,10000,128,47,10,0.010000,fixed,512,512,10,1.000000,18.538,0.355,17.336,0.140,0.031,512,17126,173,bernoulli,8.0000,0.001000
sift1m,10000,128,47,10,0.050000,fixed,4,4,7,0.100000,0.263,0.106,0.149,0.002,0.001,4,130,7,bernoulli,8.0000,0.001000
sift1m,10000,128,47,10,0.050000,fixed,8,8,10,0.400000,0.396,0.052,0.330,0.003,0.001,8,292,14,bernoulli,8.0000,0.001000
sift1m,10000,128,47,10,0.050000,fixed,16,16,10,0.500000,0.769,0.041,0.702,0.006,0.002,16,645,25,bernoulli,8.0000,0.001000
sift1m,10000,128,47,10,0.050000,fixed,32,32,10,0.900000,1.269,0.047,1.175,0.012,0.003,32,1137,49,bernoulli,8.0000,0.001000
sift1m,10000,128,47,10,0.050000,fixed,64,64,10,1.000000,2.569,0.071,2.396,0.025,0.009,64,2304,115,bernoulli,8.0000,0.001000
sift1m,10000,128,47,10,0.050000,fixed,128,128,10,1.000000,4.973,0.123,4.661,0.047,0.011,128,4511,213,bernoulli,8.0000,0.001000
sift1m,10000,128,47,10,0.050000,fixed,256,256,10,1.000000,9.515,0.195,8.909,0.116,0.022,256,8703,419,bernoulli,8.0000,0.001000
sift1m,10000,128,47,10,0.050000,fixed,512,512,10,1.000000,19.795,0.423,18.577,0.210,0.039,512,17126,881,bernoulli,8.0000,0.001000
sift1m,10000,128,47,10,0.100000,fixed,4,4,10,0.300000,0.267,0.105,0.154,0.002,0.001,4,130,12,bernoulli,8.0000,0.001000
sift1m,10000,128,47,10,0.100000,fixed,8,8,10,0.500000,0.407,0.054,0.337,0.004,0.002,8,292,24,bernoulli,8.0000,0.001000
sift1m,10000,128,47,10,0.100000,fixed,16,16,10,0.800000,0.849,0.052,0.761,0.010,0.003,16,645,59,bernoulli,8.0000,0.001000
sift1m,10000,128,47,10,0.100000,fixed,32,32,10,1.000000,1.459,0.059,1.332,0.017,0.009,32,1137,96,bernoulli,8.0000,0.001000
sift1m,10000,128,47,10,0.100000,fixed,64,64,10,1.000000,2.912,0.091,2.689,0.036,0.010,64,2304,203,bernoulli,8.0000,0.001000
sift1m,10000,128,47,10,0.100000,fixed,128,128,10,1.000000,5.344,0.164,4.940,0.068,0.019,128,4511,388,bernoulli,8.0000,0.001000
sift1m,10000,128,47,10,0.100000,fixed,256,256,10,1.000000,9.792,0.245,9.101,0.130,0.025,256,8703,838,bernoulli,8.0000,0.001000
sift1m,10000,128,47,10,0.100000,fixed,512,512,10,1.000000,19.210,0.402,17.940,0.274,0.049,512,17126,1715,bernoulli,8.0000,0.001000
sift1m,10000,128,47,10,0.500000,fixed,4,4,10,0.500000,0.243,0.084,0.147,0.004,0.001,4,130,60,bernoulli,8.0000,0.001000
sift1m,10000,128,47,10,0.500000,fixed,8,8,10,0.500000,0.382,0.045,0.316,0.007,0.001,8,292,120,bernoulli,8.0000,0.001000
sift1m,10000,128,47,10,0.500000,fixed,16,16,10,0.700000,0.792,0.040,0.709,0.015,0.002,16,645,298,bernoulli,8.0000,0.001000
sift1m,10000,128,47,10,0.500000,fixed,32,32,10,1.000000,1.288,0.043,1.166,0.027,0.003,32,1137,556,bernoulli,8.0000,0.001000
sift1m,10000,128,47,10,0.500000,fixed,64,64,10,1.000000,2.566,0.058,2.348,0.055,0.006,64,2304,1119,bernoulli,8.0000,0.001000
sift1m,10000,128,47,10,0.500000,fixed,128,128,10,1.000000,5.070,0.101,4.648,0.113,0.009,128,4511,2199,bernoulli,8.0000,0.001000
sift1m,10000,128,47,10,0.500000,fixed,256,256,10,1.000000,9.508,0.191,8.685,0.217,0.018,256,8703,4244,bernoulli,8.0000,0.001000
sift1m,10000,128,47,10,0.500000,fixed,512,512,10,1.000000,19.122,0.414,17.427,0.438,0.043,512,17126,8463,bernoulli,8.0000,0.001000
sift1m,10000,128,47,10,1.000000,fixed,4,4,10,0.500000,0.247,0.085,0.150,0.005,0.001,4,130,130,bernoulli,8.0000,0.001000
sift1m,10000,128,47,10,1.000000,fixed,8,8,10,0.600000,0.376,0.046,0.308,0.010,0.002,8,292,292,bernoulli,8.0000,0.001000
sift1m,10000,128,47,10,1.000000,fixed,16,16,10,0.800000,0.764,0.043,0.676,0.023,0.002,16,645,645,bernoulli,8.0000,0.001000
sift1m,10000,128,47,10,1.000000,fixed,32,32,10,1.000000,1.405,0.051,1.248,0.041,0.006,32,1137,1137,bernoulli,8.0000,0.001000
sift1m,10000,128,47,10,1.000000,fixed,64,64,10,1.000000,2.976,0.121,2.442,0.085,0.008,64,2304,2304,bernoulli,8.0000,0.001000
sift1m,10000,128,47,10,1.000000,fixed,128,128,10,1.000000,5.453,0.136,4.946,0.176,0.011,128,4511,4511,bernoulli,8.0000,0.001000
sift1m,10000,128,47,10,1.000000,fixed,256,256,10,1.000000,9.575,0.213,8.714,0.323,0.023,256,8703,8703,bernoulli,8.0000,0.001000
sift1m,10000,128,47,10,1.000000,fixed,512,512,10,1.000000,19.714,0.374,18.009,0.623,0.041,512,17126,17126,bernoulli,8.0000,0.001000
sift1m,10000,128,48,10,0.001000,fixed,4,4,0,0.000000,0.270,0.087,0.177,0.001,0.001,4,152,0,bernoulli,8.0000,0.001000
sift1m,10000,128,48,10,0.001000,fixed,8,8,0,0.000000,0.380,0.055,0.315,0.002,0.001,8,274,0,bernoulli,8.0000,0.001000
sift1m,10000,128,48,10,0.001000,fixed,16,16,0,0.000000,0.620,0.053,0.549,0.003,0.001,16,538,0,bernoulli,8.0000,0.001000
sift1m,10000,128,48,10,0.001000,fixed,32,32,0,0.000000,1.282,0.049,1.192,0.006,0.002,32,1130,0,bernoulli,8.0000,0.001000
sift1m,10000,128,48,10,0.001000,fixed,64,64,0,0.000000,2.343,0.097,2.175,0.013,0.002,64,2188,0,bernoulli,8.0000,0.001000
sift1m,10000,128,48,10,0.001000,fixed,128,128,0,0.000000,5.199,0.108,4.933,0.029,0.003,128,4395,0,bernoulli,8.0000,0.001000
sift1m,10000,128,48,10,0.001000,fixed,256,256,1,0.142857,9.745,0.185,9.218,0.091,0.009,256,8876,2,bernoulli,8.0000,0.001000
sift1m,10000,128,48,10,0.001000,fixed,512,512,6,0.857143,18.459,0.486,17.356,0.147,0.011,512,17129,8,bernoulli,8.0000,0.001000
sift1m,10000,128,48,10,0.010000,fixed,4,4,2,0.200000,0.230,0.065,0.156,0.001,0.001,4,152,2,bernoulli,8.0000,0.001000
sift1m,10000,128,48,10,0.010000,fixed,8,8,4,0.400000,0.321,0.040,0.266,0.002,0.001,8,274,4,bernoulli,8.0000,0.001000
sift1m,10000,128,48,10,0.010000,fixed,16,16,7,0.600000,0.588,0.036,0.522,0.004,0.001,16,538,7,bernoulli,8.0000,0.001000
sift1m,10000,128,48,10,0.010000,fixed,32,32,10,0.800000,1.193,0.040,1.092,0.009,0.003,32,1130,17,bernoulli,8.0000,0.001000
sift1m,10000,128,48,10,0.010000,fixed,64,64,10,1.000000,2.310,0.056,2.136,0.017,0.004,64,2188,30,bernoulli,8.0000,0.001000
sift1m,10000,128,48,10,0.010000,fixed,128,128,10,1.000000,4.871,0.086,4.529,0.038,0.015,128,4395,55,bernoulli,8.0000,0.001000
sift1m,10000,128,48,10,0.010000,fixed,256,256,10,1.000000,10.033,0.238,9.227,0.136,0.014,256,8876,91,bernoulli,8.0000,0.001000
sift1m,10000,128,48,10,0.010000,fixed,512,512,10,1.000000,18.817,0.404,17.367,0.213,0.025,512,17129,190,bernoulli,8.0000,0.001000
sift1m,10000,128,48,10,0.050000,fixed,4,4,10,0.400000,0.246,0.071,0.166,0.002,0.001,4,152,15,bernoulli,8.0000,0.001000
sift1m,10000,128,48,10,0.050000,fixed,8,8,10,0.400000,0.347,0.047,0.285,0.004,0.002,8,274,28,bernoulli,8.0000,0.001000
sift1m,10000,128,48,10,0.050000,fixed,16,16,10,0.800000,0.604,0.039,0.538,0.007,0.003,16,538,42,bernoulli,8.0000,0.001000
sift1m,10000,128,48,10,0.050000,fixed,32,32,10,0.900000,1.254,0.043,1.160,0.014,0.004,32,1130,76,bernoulli,8.0000,0.001000
sift1m,10000,128,48,10,0.050000,fixed,64,64,10,1.000000,2.466,0.056,2.311,0.026,0.007,64,2188,143,bernoulli,8.0000,0.001000
sift1m,10000,128,48,10,0.050000,fixed,128,128,10,1.000000,4.659,0.108,4.356,0.052,0.013,128,4395,264,bernoulli,8.0000,0.001000
sift1m,10000,128,48,10,0.050000,fixed,256,256,10,1.000000,9.581,0.206,8.956,0.103,0.020,256,8876,529,bernoulli,8.0000,0.001000
sift1m,10000,128,48,10,0.050000,fixed,512,512,10,1.000000,18.642,0.380,17.529,0.196,0.039,512,17129,952,bernoulli,8.0000,0.001000
sift1m,10000,128,48,10,0.100000,fixed,4,4,10,0.400000,0.270,0.085,0.176,0.002,0.001,4,152,11,bernoulli,8.0000,0.001000
sift1m,10000,128,48,10,0.100000,fixed,8,8,10,0.600000,0.354,0.045,0.294,0.004,0.002,8,274,22,bernoulli,8.0000,0.001000
sift1m,10000,128,48,10,0.100000,fixed,16,16,10,0.900000,0.613,0.038,0.547,0.007,0.003,16,538,49,bernoulli,8.0000,0.001000
sift1m,10000,128,48,10,0.100000,fixed,32,32,10,1.000000,1.271,0.045,1.172,0.015,0.004,32,1130,94,bernoulli,8.0000,0.001000
sift1m,10000,128,48,10,0.100000,fixed,64,64,10,1.000000,2.449,0.054,2.292,0.029,0.007,64,2188,181,bernoulli,8.0000,0.001000
sift1m,10000,128,48,10,0.100000,fixed,128,128,10,1.000000,4.839,0.117,4.513,0.061,0.012,128,4395,376,bernoulli,8.0000,0.001000
sift1m,10000,128,48,10,0.100000,fixed,256,256,10,1.000000,9.631,0.192,9.010,0.124,0.021,256,8876,824,bernoulli,8.0000,0.001000
sift1m,10000,128,48,10,0.100000,fixed,512,512,10,1.000000,18.669,0.378,17.432,0.253,0.048,512,17129,1666,bernoulli,8.0000,0.001000
sift1m,10000,128,48,10,0.500000,fixed,4,4,10,0.600000,0.288,0.096,0.179,0.005,0.002,4,152,83,bernoulli,8.0000,0.001000
sift1m,10000,128,48,10,0.500000,fixed,8,8,10,0.700000,0.344,0.051,0.273,0.007,0.002,8,274,147,bernoulli,8.0000,0.001000
sift1m,10000,128,48,10,0.500000,fixed,16,16,10,1.000000,0.625,0.043,0.542,0.013,0.003,16,538,282,bernoulli,8.0000,0.001000
sift1m,10000,128,48,10,0.500000,fixed,32,32,10,1.000000,1.326,0.047,1.191,0.030,0.006,32,1130,577,bernoulli,8.0000,0.001000
sift1m,10000,128,48,10,0.500000,fixed,64,64,10,1.000000,2.549,0.085,2.278,0.060,0.010,64,2188,1126,bernoulli,8.0000,0.001000
sift1m,10000,128,48,10,0.500000,fixed,128,128,10,1.000000,5.269,0.141,4.733,0.165,0.012,128,4395,2269,bernoulli,8.0000,0.001000
sift1m,10000,128,48,10,0.500000,fixed,256,256,10,1.000000,10.093,0.209,9.198,0.234,0.021,256,8876,4533,bernoulli,8.0000,0.001000
sift1m,10000,128,48,10,0.500000,fixed,512,512,10,1.000000,18.967,0.387,17.259,0.452,0.040,512,17129,8722,bernoulli,8.0000,0.001000
sift1m,10000,128,48,10,1.000000,fixed,4,4,10,0.600000,0.297,0.095,0.187,0.007,0.002,4,152,152,bernoulli,8.0000,0.001000
sift1m,10000,128,48,10,1.000000,fixed,8,8,10,0.800000,0.354,0.056,0.278,0.009,0.002,8,274,274,bernoulli,8.0000,0.001000
sift1m,10000,128,48,10,1.000000,fixed,16,16,10,0.900000,0.609,0.039,0.528,0.019,0.003,16,538,538,bernoulli,8.0000,0.001000
sift1m,10000,128,48,10,1.000000,fixed,32,32,10,0.900000,1.287,0.045,1.154,0.039,0.005,32,1130,1130,bernoulli,8.0000,0.001000
sift1m,10000,128,48,10,1.000000,fixed,64,64,10,1.000000,2.491,0.082,2.252,0.079,0.007,64,2188,2188,bernoulli,8.0000,0.001000
sift1m,10000,128,48,10,1.000000,fixed,128,128,10,1.000000,5.278,0.104,4.792,0.167,0.013,128,4395,4395,bernoulli,8.0000,0.001000
sift1m,10000,128,48,10,1.000000,fixed,256,256,10,1.000000,10.319,0.199,9.440,0.327,0.021,256,8876,8876,bernoulli,8.0000,0.001000
sift1m,10000,128,48,10,1.000000,fixed,512,512,10,1.000000,21.240,0.425,19.363,0.669,0.035,512,17129,17129,bernoulli,8.0000,0.001000
sift1m,10000,128,49,10,0.001000,fixed,4,4,0,0.000000,0.288,0.106,0.171,0.001,0.003,4,152,0,bernoulli,8.0000,0.001000
sift1m,10000,128,49,10,0.001000,fixed,8,8,0,0.000000,0.375,0.052,0.311,0.002,0.001,8,292,0,bernoulli,8.0000,0.001000
sift1m,10000,128,49,10,0.001000,fixed,16,16,0,0.000000,0.730,0.045,0.661,0.003,0.001,16,623,0,bernoulli,8.0000,0.001000
sift1m,10000,128,49,10,0.001000,fixed,32,32,0,0.000000,1.418,0.048,1.322,0.007,0.002,32,1202,0,bernoulli,8.0000,0.001000
sift1m,10000,128,49,10,0.001000,fixed,64,64,0,0.000000,2.591,0.091,2.409,0.013,0.003,64,2289,0,bernoulli,8.0000,0.001000
sift1m,10000,128,49,10,0.001000,fixed,128,128,4,0.400000,5.306,0.138,4.935,0.081,0.006,128,4555,4,bernoulli,8.0000,0.001000
sift1m,10000,128,49,10,0.001000,fixed,256,256,6,0.600000,10.262,0.229,9.682,0.055,0.010,256,9015,10,bernoulli,8.0000,0.001000
sift1m,10000,128,49,10,0.001000,fixed,512,512,8,0.800000,17.962,0.433,16.849,0.103,0.016,512,16968,26,bernoulli,8.0000,0.001000
sift1m,10000,128,49,10,0.010000,fixed,4,4,4,0.400000,0.279,0.095,0.174,0.002,0.004,4,152,4,bernoulli,8.0000,0.001000
sift1m,10000,128,49,10,0.010000,fixed,8,8,5,0.500000,0.372,0.049,0.310,0.002,0.001,8,292,6,bernoulli,8.0000,0.001000
sift1m,10000,128,49,10,0.010000,fixed,16,16,9,0.700000,0.778,0.046,0.707,0.005,0.002,16,623,10,bernoulli,8.0000,0.001000
sift1m,10000,128,49,10,0.010000,fixed,32,32,10,0.800000,1.461,0.076,1.334,0.010,0.005,32,1202,19,bernoulli,8.0000,0.001000
sift1m,10000,128,49,10,0.010000,fixed,64,64,10,0.900000,2.556,0.085,2.382,0.018,0.006,64,2289,34,bernoulli,8.0000,0.001000
sift1m,10000,128,49,10,0.010000,fixed,128,128,10,1.000000,4.936,0.116,4.642,0.036,0.008,128,4555,63,bernoulli,8.0000,0.001000
sift1m,10000,128,49,10,0.010000,fixed,256,256,10,1.000000,9.591,0.180,9.064,0.080,0.016,256,9015,121,bernoulli,8.0000,0.001000
sift1m,10000,128,49,10,0.010000,fixed,512,512,10,1.000000,18.183,0.365,17.121,0.198,0.033,512,16968,207,bernoulli,8.0000,0.001000
sift1m,10000,128,49,10,0.050000,fixed,4,4,9,0.500000,0.273,0.097,0.168,0.002,0.001,4,152,9,bernoulli,8.0000,0.001000
sift1m,10000,128,49,10,0.050000,fixed,8,8,10,0.700000,0.380,0.046,0.320,0.004,0.002,8,292,16,bernoulli,8.0000,0.001000
sift1m,10000,128,49,10,0.050000,fixed,16,16,10,0.900000,0.742,0.066,0.648,0.007,0.003,16,623,36,bernoulli,8.0000,0.001000
sift1m,10000,128,49,10,0.050000,fixed,32,32,10,1.000000,1.355,0.065,1.236,0.015,0.005,32,1202,79,bernoulli,8.0000,0.001000
sift1m,10000,128,49,10,0.050000,fixed,64,64,10,1.000000,2.519,0.065,2.348,0.028,0.007,64,2289,150,bernoulli,8.0000,0.001000
sift1m,10000,128,49,10,0.050000,fixed,128,128,10,1.000000,5.028,0.096,4.727,0.055,0.012,128,4555,256,bernoulli,8.0000,0.001000
sift1m,10000,128,49,10,0.050000,fixed,256,256,10,1.000000,9.850,0.201,9.259,0.103,0.022,256,9015,462,bernoulli,8.0000,0.001000
sift1m,10000,128,49,10,0.050000,fixed,512,512,10,1.000000,18.181,0.374,17.033,0.214,0.032,512,16968,912,bernoulli,8.0000,0.001000
sift1m,10000,128,49,10,0.100000,fixed,4,4,10,0.400000,0.256,0.070,0.176,0.002,0.001,4,152,16,bernoulli,8.0000,0.001000
sift1m,10000,128,49,10,0.100000,fixed,8,8,10,0.700000,0.358,0.042,0.299,0.005,0.002,8,292,36,bernoulli,8.0000,0.001000
sift1m,10000,128,49,10,0.100000,fixed,16,16,10,0.900000,0.813,0.038,0.699,0.010,0.005,16,623,67,bernoulli,8.0000,0.001000
sift1m,10000,128,49,10,0.100000,fixed,32,32,10,1.000000,1.309,0.066,1.184,0.017,0.005,32,1202,125,bernoulli,8.0000,0.001000
sift1m,10000,128,49,10,0.100000,fixed,64,64,10,1.000000,2.463,0.066,2.282,0.032,0.008,64,2289,228,bernoulli,8.0000,0.001000
sift1m,10000,128,49,10,0.100000,fixed,128,128,10,1.000000,4.890,0.092,4.580,0.066,0.012,128,4555,463,bernoulli,8.0000,0.001000
sift1m,10000,128,49,10,0.100000,fixed,256,256,10,1.000000,10.052,0.167,9.429,0.134,0.031,256,9015,871,bernoulli,8.0000,0.001000
sift1m,10000,128,49,10,0.100000,fixed,512,512,10,1.000000,18.115,0.442,16.832,0.245,0.059,512,16968,1624,bernoulli,8.0000,0.001000
sift1m,10000,128,49,10,0.500000,fixed,4,4,10,1.000000,0.241,0.068,0.159,0.004,0.002,4,152,88,bernoulli,8.0000,0.001000
sift1m,10000,128,49,10,0.500000,fixed,8,8,10,1.000000,0.355,0.044,0.289,0.008,0.002,8,292,161,bernoulli,8.0000,0.001000
sift1m,10000,128,49,10,0.500000,fixed,16,16,10,1.000000,0.700,0.037,0.618,0.015,0.003,16,623,329,bernoulli,8.0000,0.001000
sift1m,10000,128,49,10,0.500000,fixed,32,32,10,1.000000,1.343,0.042,1.213,0.028,0.007,32,1202,597,bernoulli,8.0000,0.001000
sift1m,10000,128,49,10,0.500000,fixed,64,64,10,1.000000,2.479,0.056,2.257,0.054,0.009,64,2289,1110,bernoulli,8.0000,0.001000
sift1m,10000,128,49,10,0.500000,fixed,128,128,10,1.000000,5.301,0.085,4.867,0.113,0.014,128,4555,2195,bernoulli,8.0000,0.001000
sift1m,10000,128,49,10,0.500000,fixed,256,256,10,1.000000,10.336,0.209,9.402,0.229,0.021,256,9015,4350,bernoulli,8.0000,0.001000
sift1m,10000,128,49,10,0.500000,fixed,512,512,10,1.000000,19.124,0.349,17.390,0.434,0.035,512,16968,8182,bernoulli,8.0000,0.001000
sift1m,10000,128,49,10,1.000000,fixed,4,4,10,0.900000,0.330,0.095,0.218,0.007,0.002,4,152,152,bernoulli,8.0000,0.001000
sift1m,10000,128,49,10,1.000000,fixed,8,8,10,0.900000,0.376,0.035,0.317,0.011,0.002,8,292,292,bernoulli,8.0000,0.001000
sift1m,10000,128,49,10,1.000000,fixed,16,16,10,0.900000,0.735,0.033,0.656,0.021,0.003,16,623,623,bernoulli,8.0000,0.001000
sift1m,10000,128,49,10,1.000000,fixed,32,32,10,1.000000,1.380,0.040,1.252,0.042,0.005,32,1202,1202,bernoulli,8.0000,0.001000
sift1m,10000,128,49,10,1.000000,fixed,64,64,10,1.000000,2.630,0.061,2.400,0.086,0.007,64,2289,2289,bernoulli,8.0000,0.001000
sift1m,10000,128,49,10,1.000000,fixed,128,128,10,1.000000,5.206,0.088,4.791,0.164,0.014,128,4555,4555,bernoulli,8.0000,0.001000
sift1m,10000,128,49,10,1.000000,fixed,256,256,10,1.000000,10.153,0.217,9.262,0.327,0.025,256,9015,9015,bernoulli,8.0000,0.001000
sift1m,10000,128,49,10,1.000000,fixed,512,512,10,1.000000,19.097,0.433,17.378,0.635,0.029,512,16968,16968,bernoulli,8.0000,0.001000
