dataset,n_records,dim,query_id,k,selectivity,strategy,base_nprobe,nprobe_used,returned_count,recall_at_k,latency_ms,centers,candidates_before_filter,candidates_after_filter
sift1m,10000,128,0,10,0.001000,reader_adaptive,8,64,1,0.142857,2.890,64,2214,1
sift1m,10000,128,0,10,0.001000,reader_adaptive,16,128,3,0.428571,4.567,128,4318,3
sift1m,10000,128,0,10,0.001000,reader_adaptive,32,256,3,0.428571,9.638,256,8597,4
sift1m,10000,128,0,10,0.001000,reader_adaptive,64,512,3,0.428571,18.385,512,16505,9
sift1m,10000,128,0,10,0.010000,reader_adaptive,8,64,10,0.400000,2.601,64,2214,21
sift1m,10000,128,0,10,0.010000,reader_adaptive,16,128,10,0.900000,5.065,128,4318,48
sift1m,10000,128,0,10,0.010000,reader_adaptive,32,256,10,1.000000,9.296,256,8597,85
sift1m,10000,128,0,10,0.010000,reader_adaptive,64,512,10,1.000000,18.290,512,16505,161
sift1m,10000,128,0,10,0.050000,reader_adaptive,8,64,10,1.000000,2.778,64,2214,119
sift1m,10000,128,0,10,0.050000,reader_adaptive,16,128,10,1.000000,4.611,128,4318,239
sift1m,10000,128,0,10,0.050000,reader_adaptive,32,256,10,1.000000,10.122,256,8597,444
sift1m,10000,128,0,10,0.050000,reader_adaptive,64,512,10,1.000000,19.169,512,16505,849
sift1m,10000,128,0,10,0.100000,reader_adaptive,8,64,10,1.000000,2.430,64,2214,221
sift1m,10000,128,0,10,0.100000,reader_adaptive,16,128,10,1.000000,5.138,128,4318,473
sift1m,10000,128,0,10,0.100000,reader_adaptive,32,256,10,1.000000,9.474,256,8597,885
sift1m,10000,128,0,10,0.100000,reader_adaptive,64,512,10,1.000000,17.649,512,16505,1701
sift1m,10000,128,0,10,0.500000,reader_adaptive,8,16,10,0.900000,0.725,16,540,270
sift1m,10000,128,0,10,0.500000,reader_adaptive,16,32,10,0.900000,1.283,32,1067,524
sift1m,10000,128,0,10,0.500000,reader_adaptive,32,64,10,1.000000,2.675,64,2214,1105
sift1m,10000,128,0,10,0.500000,reader_adaptive,64,128,10,1.000000,5.381,128,4318,2135
sift1m,10000,128,0,10,1.000000,reader_adaptive,8,8,10,0.900000,0.404,8,273,273
sift1m,10000,128,0,10,1.000000,reader_adaptive,16,16,10,0.900000,0.681,16,540,540
sift1m,10000,128,0,10,1.000000,reader_adaptive,32,32,10,0.900000,1.254,32,1067,1067
sift1m,10000,128,0,10,1.000000,reader_adaptive,64,64,10,1.000000,2.663,64,2214,2214
sift1m,10000,128,1,10,0.001000,reader_adaptive,8,64,0,0.000000,2.987,64,2263,0
sift1m,10000,128,1,10,0.001000,reader_adaptive,16,128,1,0.111111,5.205,128,4478,2
sift1m,10000,128,1,10,0.001000,reader_adaptive,32,256,3,0.333333,11.713,256,8694,5
sift1m,10000,128,1,10,0.001000,reader_adaptive,64,512,5,0.555556,18.507,512,16613,12
sift1m,10000,128,1,10,0.010000,reader_adaptive,8,64,10,0.800000,2.546,64,2263,22
sift1m,10000,128,1,10,0.010000,reader_adaptive,16,128,10,0.900000,5.132,128,4478,43
sift1m,10000,128,1,10,0.010000,reader_adaptive,32,256,10,1.000000,9.858,256,8694,74
sift1m,10000,128,1,10,0.010000,reader_adaptive,64,512,10,1.000000,18.639,512,16613,132
sift1m,10000,128,1,10,0.050000,reader_adaptive,8,64,10,1.000000,2.782,64,2263,118
sift1m,10000,128,1,10,0.050000,reader_adaptive,16,128,10,1.000000,4.761,128,4478,236
sift1m,10000,128,1,10,0.050000,reader_adaptive,32,256,10,1.000000,9.439,256,8694,433
sift1m,10000,128,1,10,0.050000,reader_adaptive,64,512,10,1.000000,18.269,512,16613,830
sift1m,10000,128,1,10,0.100000,reader_adaptive,8,64,10,1.000000,2.725,64,2263,214
sift1m,10000,128,1,10,0.100000,reader_adaptive,16,128,10,1.000000,5.047,128,4478,425
sift1m,10000,128,1,10,0.100000,reader_adaptive,32,256,10,1.000000,9.873,256,8694,863
sift1m,10000,128,1,10,0.100000,reader_adaptive,64,512,10,1.000000,18.331,512,16613,1675
sift1m,10000,128,1,10,0.500000,reader_adaptive,8,16,10,1.000000,0.845,16,608,289
sift1m,10000,128,1,10,0.500000,reader_adaptive,16,32,10,1.000000,1.465,32,1218,582
sift1m,10000,128,1,10,0.500000,reader_adaptive,32,64,10,1.000000,2.568,64,2263,1044
sift1m,10000,128,1,10,0.500000,reader_adaptive,64,128,10,1.000000,5.143,128,4478,2103
sift1m,10000,128,1,10,1.000000,reader_adaptive,8,8,10,1.000000,0.459,8,337,337
sift1m,10000,128,1,10,1.000000,reader_adaptive,16,16,10,1.000000,0.718,16,608,608
sift1m,10000,128,1,10,1.000000,reader_adaptive,32,32,10,1.000000,1.551,32,1218,1218
sift1m,10000,128,1,10,1.000000,reader_adaptive,64,64,10,1.000000,2.508,64,2263,2263
sift1m,10000,128,2,10,0.001000,reader_adaptive,8,64,0,0.000000,2.375,64,2198,0
sift1m,10000,128,2,10,0.001000,reader_adaptive,16,128,1,0.166667,4.840,128,4420,1
sift1m,10000,128,2,10,0.001000,reader_adaptive,32,256,4,0.666667,9.669,256,8657,6
sift1m,10000,128,2,10,0.001000,reader_adaptive,64,512,4,0.666667,18.946,512,16936,14
sift1m,10000,128,2,10,0.010000,reader_adaptive,8,64,10,1.000000,2.768,64,2198,29
sift1m,10000,128,2,10,0.010000,reader_adaptive,16,128,10,1.000000,4.709,128,4420,53
sift1m,10000,128,2,10,0.010000,reader_adaptive,32,256,10,1.000000,9.696,256,8657,94
sift1m,10000,128,2,10,0.010000,reader_adaptive,64,512,10,1.000000,18.336,512,16936,179
sift1m,10000,128,2,10,0.050000,reader_adaptive,8,64,10,1.000000,2.380,64,2198,107
sift1m,10000,128,2,10,0.050000,reader_adaptive,16,128,10,1.000000,4.974,128,4420,211
sift1m,10000,128,2,10,0.050000,reader_adaptive,32,256,10,1.000000,9.295,256,8657,414
sift1m,10000,128,2,10,0.050000,reader_adaptive,64,512,10,1.000000,18.765,512,16936,787
sift1m,10000,128,2,10,0.100000,reader_adaptive,8,64,10,1.000000,2.699,64,2198,218
sift1m,10000,128,2,10,0.100000,reader_adaptive,16,128,10,1.000000,4.754,128,4420,444
sift1m,10000,128,2,10,0.100000,reader_adaptive,32,256,10,1.000000,9.467,256,8657,835
sift1m,10000,128,2,10,0.100000,reader_adaptive,64,512,10,1.000000,19.087,512,16936,1685
sift1m,10000,128,2,10,0.500000,reader_adaptive,8,16,10,1.000000,0.671,16,542,288
sift1m,10000,128,2,10,0.500000,reader_adaptive,16,32,10,1.000000,1.110,32,1031,547
sift1m,10000,128,2,10,0.500000,reader_adaptive,32,64,10,1.000000,2.395,64,2198,1159
sift1m,10000,128,2,10,0.500000,reader_adaptive,64,128,10,1.000000,4.960,128,4420,2289
sift1m,10000,128,2,10,1.000000,reader_adaptive,8,8,10,0.800000,0.327,8,274,274
sift1m,10000,128,2,10,1.000000,reader_adaptive,16,16,10,1.000000,0.587,16,542,542
sift1m,10000,128,2,10,1.000000,reader_adaptive,32,32,10,1.000000,1.078,32,1031,1031
sift1m,10000,128,2,10,1.000000,reader_adaptive,64,64,10,1.000000,2.367,64,2198,2198
sift1m,10000,128,3,10,0.001000,reader_adaptive,8,64,0,0.000000,2.468,64,2107,0
sift1m,10000,128,3,10,0.001000,reader_adaptive,16,128,0,0.000000,4.724,128,4292,0
sift1m,10000,128,3,10,0.001000,reader_adaptive,32,256,1,0.125000,9.406,256,8642,1
sift1m,10000,128,3,10,0.001000,reader_adaptive,64,512,4,0.500000,17.863,512,16472,9
sift1m,10000,128,3,10,0.010000,reader_adaptive,8,64,10,0.500000,2.252,64,2107,22
sift1m,10000,128,3,10,0.010000,reader_adaptive,16,128,10,0.800000,4.508,128,4292,43
sift1m,10000,128,3,10,0.010000,reader_adaptive,32,256,10,1.000000,9.718,256,8642,85
sift1m,10000,128,3,10,0.010000,reader_adaptive,64,512,10,1.000000,17.269,512,16472,150
sift1m,10000,128,3,10,0.050000,reader_adaptive,8,64,10,1.000000,2.214,64,2107,108
sift1m,10000,128,3,10,0.050000,reader_adaptive,16,128,10,1.000000,4.623,128,4292,204
sift1m,10000,128,3,10,0.050000,reader_adaptive,32,256,10,1.000000,9.461,256,8642,437
sift1m,10000,128,3,10,0.050000,reader_adaptive,64,512,10,1.000000,18.276,512,16472,829
sift1m,10000,128,3,10,0.100000,reader_adaptive,8,64,10,1.000000,2.329,64,2107,211
sift1m,10000,128,3,10,0.100000,reader_adaptive,16,128,10,1.000000,4.634,128,4292,440
sift1m,10000,128,3,10,0.100000,reader_adaptive,32,256,10,1.000000,10.205,256,8642,916
sift1m,10000,128,3,10,0.100000,reader_adaptive,64,512,10,1.000000,18.714,512,16472,1697
sift1m,10000,128,3,10,0.500000,reader_adaptive,8,16,10,1.000000,0.599,16,496,251
sift1m,10000,128,3,10,0.500000,reader_adaptive,16,32,10,1.000000,1.111,32,1025,512
sift1m,10000,128,3,10,0.500000,reader_adaptive,32,64,10,1.000000,2.548,64,2107,1067
sift1m,10000,128,3,10,0.500000,reader_adaptive,64,128,10,1.000000,4.959,128,4292,2152
sift1m,10000,128,3,10,1.000000,reader_adaptive,8,8,10,1.000000,0.390,8,253,253
sift1m,10000,128,3,10,1.000000,reader_adaptive,16,16,10,1.000000,0.590,16,496,496
sift1m,10000,128,3,10,1.000000,reader_adaptive,32,32,10,1.000000,1.129,32,1025,1025
sift1m,10000,128,3,10,1.000000,reader_adaptive,64,64,10,1.000000,2.404,64,2107,2107
sift1m,10000,128,4,10,0.001000,reader_adaptive,8,64,2,0.200000,2.446,64,2176,2
sift1m,10000,128,4,10,0.001000,reader_adaptive,16,128,3,0.300000,4.898,128,4398,5
sift1m,10000,128,4,10,0.001000,reader_adaptive,32,256,3,0.300000,9.985,256,8727,6
sift1m,10000,128,4,10,0.001000,reader_adaptive,64,512,6,0.600000,18.748,512,16856,17
sift1m,10000,128,4,10,0.010000,reader_adaptive,8,64,10,0.800000,2.886,64,2176,19
sift1m,10000,128,4,10,0.010000,reader_adaptive,16,128,10,1.000000,5.255,128,4398,35
sift1m,10000,128,4,10,0.010000,reader_adaptive,32,256,10,1.000000,10.741,256,8727,63
sift1m,10000,128,4,10,0.010000,reader_adaptive,64,512,10,1.000000,18.930,512,16856,132
sift1m,10000,128,4,10,0.050000,reader_adaptive,8,64,10,1.000000,2.457,64,2176,124
sift1m,10000,128,4,10,0.050000,reader_adaptive,16,128,10,1.000000,5.029,128,4398,239
sift1m,10000,128,4,10,0.050000,reader_adaptive,32,256,10,1.000000,10.144,256,8727,435
sift1m,10000,128,4,10,0.050000,reader_adaptive,64,512,10,1.000000,18.749,512,16856,840
sift1m,10000,128,4,10,0.100000,reader_adaptive,8,64,10,1.000000,2.510,64,2176,197
sift1m,10000,128,4,10,0.100000,reader_adaptive,16,128,10,1.000000,5.293,128,4398,411
sift1m,10000,128,4,10,0.100000,reader_adaptive,32,256,10,1.000000,10.097,256,8727,867
sift1m,10000,128,4,10,0.100000,reader_adaptive,64,512,10,1.000000,19.000,512,16856,1603
sift1m,10000,128,4,10,0.500000,reader_adaptive,8,16,10,1.000000,0.784,16,634,310
sift1m,10000,128,4,10,0.500000,reader_adaptive,16,32,10,1.000000,1.425,32,1148,580
sift1m,10000,128,4,10,0.500000,reader_adaptive,32,64,10,1.000000,2.630,64,2176,1098
sift1m,10000,128,4,10,0.500000,reader_adaptive,64,128,10,1.000000,5.558,128,4398,2195
sift1m,10000,128,4,10,1.000000,reader_adaptive,8,8,10,0.800000,0.472,8,326,326
sift1m,10000,128,4,10,1.000000,reader_adaptive,16,16,10,1.000000,0.722,16,634,634
sift1m,10000,128,4,10,1.000000,reader_adaptive,32,32,10,1.000000,1.301,32,1148,1148
sift1m,10000,128,4,10,1.000000,reader_adaptive,64,64,10,1.000000,2.441,64,2176,2176
sift1m,10000,128,5,10,0.001000,reader_adaptive,8,64,2,0.285714,2.660,64,2222,2
sift1m,10000,128,5,10,0.001000,reader_adaptive,16,128,3,0.428571,4.711,128,4263,5
sift1m,10000,128,5,10,0.001000,reader_adaptive,32,256,3,0.428571,9.460,256,8649,7
sift1m,10000,128,5,10,0.001000,reader_adaptive,64,512,3,0.428571,18.407,512,16745,10
sift1m,10000,128,5,10,0.010000,reader_adaptive,8,64,10,0.800000,2.376,64,2222,38
sift1m,10000,128,5,10,0.010000,reader_adaptive,16,128,10,0.900000,4.489,128,4263,67
sift1m,10000,128,5,10,0.010000,reader_adaptive,32,256,10,0.900000,9.134,256,8649,121
sift1m,10000,128,5,10,0.010000,reader_adaptive,64,512,10,1.000000,18.916,512,16745,191
sift1m,10000,128,5,10,0.050000,reader_adaptive,8,64,10,1.000000,2.506,64,2222,124
sift1m,10000,128,5,10,0.050000,reader_adaptive,16,128,10,1.000000,4.600,128,4263,224
sift1m,10000,128,5,10,0.050000,reader_adaptive,32,256,10,1.000000,9.719,256,8649,450
sift1m,10000,128,5,10,0.050000,reader_adaptive,64,512,10,1.000000,18.072,512,16745,843
sift1m,10000,128,5,10,0.100000,reader_adaptive,8,64,10,1.000000,2.470,64,2222,202
sift1m,10000,128,5,10,0.100000,reader_adaptive,16,128,10,1.000000,4.641,128,4263,401
sift1m,10000,128,5,10,0.100000,reader_adaptive,32,256,10,1.000000,9.633,256,8649,836
sift1m,10000,128,5,10,0.100000,reader_adaptive,64,512,10,1.000000,18.571,512,16745,1602
sift1m,10000,128,5,10,0.500000,reader_adaptive,8,16,10,1.000000,0.738,16,575,262
sift1m,10000,128,5,10,0.500000,reader_adaptive,16,32,10,1.000000,1.270,32,1127,533
sift1m,10000,128,5,10,0.500000,reader_adaptive,32,64,10,1.000000,2.474,64,2222,1046
sift1m,10000,128,5,10,0.500000,reader_adaptive,64,128,10,1.000000,4.648,128,4263,2049
sift1m,10000,128,5,10,1.000000,reader_adaptive,8,8,10,0.600000,0.443,8,312,312
sift1m,10000,128,5,10,1.000000,reader_adaptive,16,16,10,0.900000,0.681,16,575,575
sift1m,10000,128,5,10,1.000000,reader_adaptive,32,32,10,0.900000,1.274,32,1127,1127
sift1m,10000,128,5,10,1.000000,reader_adaptive,64,64,10,1.000000,2.500,64,2222,2222
sift1m,10000,128,6,10,0.001000,reader_adaptive,8,64,1,0.100000,2.527,64,2239,1
sift1m,10000,128,6,10,0.001000,reader_adaptive,16,128,1,0.100000,5.131,128,4529,2
sift1m,10000,128,6,10,0.001000,reader_adaptive,32,256,3,0.300000,9.593,256,8751,5
sift1m,10000,128,6,10,0.001000,reader_adaptive,64,512,6,0.600000,18.119,512,16665,14
sift1m,10000,128,6,10,0.010000,reader_adaptive,8,64,10,0.900000,2.654,64,2239,24
sift1m,10000,128,6,10,0.010000,reader_adaptive,16,128,10,0.900000,5.305,128,4529,49
sift1m,10000,128,6,10,0.010000,reader_adaptive,32,256,10,1.000000,9.830,256,8751,98
sift1m,10000,128,6,10,0.010000,reader_adaptive,64,512,10,1.000000,18.310,512,16665,197
sift1m,10000,128,6,10,0.050000,reader_adaptive,8,64,10,1.000000,2.469,64,2239,155
sift1m,10000,128,6,10,0.050000,reader_adaptive,16,128,10,1.000000,5.064,128,4529,296
sift1m,10000,128,6,10,0.050000,reader_adaptive,32,256,10,1.000000,10.023,256,8751,557
sift1m,10000,128,6,10,0.050000,reader_adaptive,64,512,10,1.000000,18.368,512,16665,1004
sift1m,10000,128,6,10,0.100000,reader_adaptive,8,64,10,1.000000,2.611,64,2239,207
sift1m,10000,128,6,10,0.100000,reader_adaptive,16,128,10,1.000000,5.037,128,4529,431
sift1m,10000,128,6,10,0.100000,reader_adaptive,32,256,10,1.000000,9.825,256,8751,801
sift1m,10000,128,6,10,0.100000,reader_adaptive,64,512,10,1.000000,18.108,512,16665,1585
sift1m,10000,128,6,10,0.500000,reader_adaptive,8,16,10,1.000000,0.688,16,541,257
sift1m,10000,128,6,10,0.500000,reader_adaptive,16,32,10,1.000000,1.285,32,1080,517
sift1m,10000,128,6,10,0.500000,reader_adaptive,32,64,10,1.000000,2.591,64,2239,1092
sift1m,10000,128,6,10,0.500000,reader_adaptive,64,128,10,1.000000,4.960,128,4529,2217
sift1m,10000,128,6,10,1.000000,reader_adaptive,8,8,10,1.000000,0.425,8,316,316
sift1m,10000,128,6,10,1.000000,reader_adaptive,16,16,10,1.000000,0.613,16,541,541
sift1m,10000,128,6,10,1.000000,reader_adaptive,32,32,10,1.000000,1.222,32,1080,1080
sift1m,10000,128,6,10,1.000000,reader_adaptive,64,64,10,1.000000,2.467,64,2239,2239
sift1m,10000,128,7,10,0.001000,reader_adaptive,8,64,2,0.200000,2.533,64,2178,6
sift1m,10000,128,7,10,0.001000,reader_adaptive,16,128,3,0.300000,4.741,128,4427,9
sift1m,10000,128,7,10,0.001000,reader_adaptive,32,256,4,0.400000,9.382,256,8453,16
sift1m,10000,128,7,10,0.001000,reader_adaptive,64,512,7,0.700000,18.430,512,16670,25
sift1m,10000,128,7,10,0.010000,reader_adaptive,8,64,10,0.600000,2.645,64,2178,22
sift1m,10000,128,7,10,0.010000,reader_adaptive,16,128,10,1.000000,4.998,128,4427,42
sift1m,10000,128,7,10,0.010000,reader_adaptive,32,256,10,1.000000,9.332,256,8453,81
sift1m,10000,128,7,10,0.010000,reader_adaptive,64,512,10,1.000000,18.565,512,16670,184
sift1m,10000,128,7,10,0.050000,reader_adaptive,8,64,10,1.000000,2.661,64,2178,110
sift1m,10000,128,7,10,0.050000,reader_adaptive,16,128,10,1.000000,4.913,128,4427,236
sift1m,10000,128,7,10,0.050000,reader_adaptive,32,256,10,1.000000,8.964,256,8453,436
sift1m,10000,128,7,10,0.050000,reader_adaptive,64,512,10,1.000000,18.799,512,16670,809
sift1m,10000,128,7,10,0.100000,reader_adaptive,8,64,10,1.000000,2.744,64,2178,189
sift1m,10000,128,7,10,0.100000,reader_adaptive,16,128,10,1.000000,4.785,128,4427,410
sift1m,10000,128,7,10,0.100000,reader_adaptive,32,256,10,1.000000,9.230,256,8453,770
sift1m,10000,128,7,10,0.100000,reader_adaptive,64,512,10,1.000000,18.865,512,16670,1612
sift1m,10000,128,7,10,0.500000,reader_adaptive,8,16,10,1.000000,0.698,16,508,247
sift1m,10000,128,7,10,0.500000,reader_adaptive,16,32,10,1.000000,1.276,32,1105,538
sift1m,10000,128,7,10,0.500000,reader_adaptive,32,64,10,1.000000,2.793,64,2178,1074
sift1m,10000,128,7,10,0.500000,reader_adaptive,64,128,10,1.000000,5.011,128,4427,2176
sift1m,10000,128,7,10,1.000000,reader_adaptive,8,8,10,1.000000,0.356,8,264,264
sift1m,10000,128,7,10,1.000000,reader_adaptive,16,16,10,1.000000,0.567,16,508,508
sift1m,10000,128,7,10,1.000000,reader_adaptive,32,32,10,1.000000,1.256,32,1105,1105
sift1m,10000,128,7,10,1.000000,reader_adaptive,64,64,10,1.000000,2.631,64,2178,2178
sift1m,10000,128,8,10,0.001000,reader_adaptive,8,64,1,0.100000,2.791,64,2267,2
sift1m,10000,128,8,10,0.001000,reader_adaptive,16,128,1,0.100000,5.245,128,4502,2
sift1m,10000,128,8,10,0.001000,reader_adaptive,32,256,3,0.300000,9.971,256,8925,6
sift1m,10000,128,8,10,0.001000,reader_adaptive,64,512,7,0.700000,18.378,512,16885,18
sift1m,10000,128,8,10,0.010000,reader_adaptive,8,64,10,0.900000,2.705,64,2267,33
sift1m,10000,128,8,10,0.010000,reader_adaptive,16,128,10,1.000000,5.115,128,4502,59
sift1m,10000,128,8,10,0.010000,reader_adaptive,32,256,10,1.000000,9.642,256,8925,125
sift1m,10000,128,8,10,0.010000,reader_adaptive,64,512,10,1.000000,19.699,512,16885,222
sift1m,10000,128,8,10,0.050000,reader_adaptive,8,64,10,1.000000,2.774,64,2267,111
sift1m,10000,128,8,10,0.050000,reader_adaptive,16,128,10,1.000000,5.630,128,4502,222
sift1m,10000,128,8,10,0.050000,reader_adaptive,32,256,10,1.000000,10.558,256,8925,426
sift1m,10000,128,8,10,0.050000,reader_adaptive,64,512,10,1.000000,19.225,512,16885,785
sift1m,10000,128,8,10,0.100000,reader_adaptive,8,64,10,1.000000,2.657,64,2267,256
sift1m,10000,128,8,10,0.100000,reader_adaptive,16,128,10,1.000000,5.180,128,4502,512
sift1m,10000,128,8,10,0.100000,reader_adaptive,32,256,10,1.000000,9.996,256,8925,969
sift1m,10000,128,8,10,0.100000,reader_adaptive,64,512,10,1.000000,19.239,512,16885,1799
sift1m,10000,128,8,10,0.500000,reader_adaptive,8,16,10,0.700000,0.739,16,571,266
sift1m,10000,128,8,10,0.500000,reader_adaptive,16,32,10,0.900000,1.327,32,1144,547
sift1m,10000,128,8,10,0.500000,reader_adaptive,32,64,10,1.000000,2.548,64,2267,1101
sift1m,10000,128,8,10,0.500000,reader_adaptive,64,128,10,1.000000,5.221,128,4502,2228
sift1m,10000,128,8,10,1.000000,reader_adaptive,8,8,10,0.500000,0.408,8,267,267
sift1m,10000,128,8,10,1.000000,reader_adaptive,16,16,10,0.800000,0.764,16,571,571
sift1m,10000,128,8,10,1.000000,reader_adaptive,32,32,10,1.000000,1.378,32,1144,1144
sift1m,10000,128,8,10,1.000000,reader_adaptive,64,64,10,1.000000,2.520,64,2267,2267
sift1m,10000,128,9,10,0.001000,reader_adaptive,8,64,1,0.111111,2.516,64,2159,2
sift1m,10000,128,9,10,0.001000,reader_adaptive,16,128,1,0.111111,4.629,128,4411,2
sift1m,10000,128,9,10,0.001000,reader_adaptive,32,256,2,0.222222,9.733,256,8797,4
sift1m,10000,128,9,10,0.001000,reader_adaptive,64,512,5,0.555556,19.204,512,16869,10
sift1m,10000,128,9,10,0.010000,reader_adaptive,8,64,10,0.700000,2.445,64,2159,14
sift1m,10000,128,9,10,0.010000,reader_adaptive,16,128,10,1.000000,4.643,128,4411,33
sift1m,10000,128,9,10,0.010000,reader_adaptive,32,256,10,1.000000,9.717,256,8797,71
sift1m,10000,128,9,10,0.010000,reader_adaptive,64,512,10,1.000000,18.085,512,16869,131
sift1m,10000,128,9,10,0.050000,reader_adaptive,8,64,10,0.900000,2.353,64,2159,111
sift1m,10000,128,9,10,0.050000,reader_adaptive,16,128,10,1.000000,4.860,128,4411,213
sift1m,10000,128,9,10,0.050000,reader_adaptive,32,256,10,1.000000,10.113,256,8797,446
sift1m,10000,128,9,10,0.050000,reader_adaptive,64,512,10,1.000000,19.772,512,16869,891
sift1m,10000,128,9,10,0.100000,reader_adaptive,8,64,10,1.000000,2.442,64,2159,215
sift1m,10000,128,9,10,0.100000,reader_adaptive,16,128,10,1.000000,4.964,128,4411,445
sift1m,10000,128,9,10,0.100000,reader_adaptive,32,256,10,1.000000,9.803,256,8797,901
sift1m,10000,128,9,10,0.100000,reader_adaptive,64,512,10,1.000000,18.936,512,16869,1740
sift1m,10000,128,9,10,0.500000,reader_adaptive,8,16,10,1.000000,0.816,16,645,296
sift1m,10000,128,9,10,0.500000,reader_adaptive,16,32,10,1.000000,1.321,32,1161,544
sift1m,10000,128,9,10,0.500000,reader_adaptive,32,64,10,1.000000,2.580,64,2159,1007
sift1m,10000,128,9,10,0.500000,reader_adaptive,64,128,10,1.000000,5.059,128,4411,2116
sift1m,10000,128,9,10,1.000000,reader_adaptive,8,8,10,0.900000,0.427,8,305,305
sift1m,10000,128,9,10,1.000000,reader_adaptive,16,16,10,1.000000,0.809,16,645,645
sift1m,10000,128,9,10,1.000000,reader_adaptive,32,32,10,1.000000,1.368,32,1161,1161
sift1m,10000,128,9,10,1.000000,reader_adaptive,64,64,10,1.000000,2.515,64,2159,2159
sift1m,10000,128,10,10,0.001000,reader_adaptive,8,64,2,0.200000,2.873,64,2224,2
sift1m,10000,128,10,10,0.001000,reader_adaptive,16,128,4,0.400000,4.863,128,4340,4
sift1m,10000,128,10,10,0.001000,reader_adaptive,32,256,6,0.600000,9.378,256,8699,11
sift1m,10000,128,10,10,0.001000,reader_adaptive,64,512,8,0.800000,17.504,512,16670,24
sift1m,10000,128,10,10,0.010000,reader_adaptive,8,64,10,0.900000,2.468,64,2224,24
sift1m,10000,128,10,10,0.010000,reader_adaptive,16,128,10,1.000000,4.940,128,4340,53
sift1m,10000,128,10,10,0.010000,reader_adaptive,32,256,10,1.000000,9.984,256,8699,92
sift1m,10000,128,10,10,0.010000,reader_adaptive,64,512,10,1.000000,17.624,512,16670,179
sift1m,10000,128,10,10,0.050000,reader_adaptive,8,64,10,1.000000,2.435,64,2224,110
sift1m,10000,128,10,10,0.050000,reader_adaptive,16,128,10,1.000000,5.089,128,4340,199
sift1m,10000,128,10,10,0.050000,reader_adaptive,32,256,10,1.000000,9.396,256,8699,391
sift1m,10000,128,10,10,0.050000,reader_adaptive,64,512,10,1.000000,19.134,512,16670,729
sift1m,10000,128,10,10,0.100000,reader_adaptive,8,64,10,1.000000,2.571,64,2224,245
sift1m,10000,128,10,10,0.100000,reader_adaptive,16,128,10,1.000000,4.824,128,4340,452
sift1m,10000,128,10,10,0.100000,reader_adaptive,32,256,10,1.000000,9.334,256,8699,898
sift1m,10000,128,10,10,0.100000,reader_adaptive,64,512,10,1.000000,18.405,512,16670,1679
sift1m,10000,128,10,10,0.500000,reader_adaptive,8,16,10,1.000000,0.777,16,567,287
sift1m,10000,128,10,10,0.500000,reader_adaptive,16,32,10,1.000000,1.293,32,1074,537
sift1m,10000,128,10,10,0.500000,reader_adaptive,32,64,10,1.000000,2.688,64,2224,1086
sift1m,10000,128,10,10,0.500000,reader_adaptive,64,128,10,1.000000,5.089,128,4340,2151
sift1m,10000,128,10,10,1.000000,reader_adaptive,8,8,10,0.800000,0.386,8,252,252
sift1m,10000,128,10,10,1.000000,reader_adaptive,16,16,10,1.000000,0.773,16,567,567
sift1m,10000,128,10,10,1.000000,reader_adaptive,32,32,10,1.000000,1.157,32,1074,1074
sift1m,10000,128,10,10,1.000000,reader_adaptive,64,64,10,1.000000,2.398,64,2224,2224
sift1m,10000,128,11,10,0.001000,reader_adaptive,8,64,1,0.142857,2.402,64,2276,2
sift1m,10000,128,11,10,0.001000,reader_adaptive,16,128,1,0.142857,5.038,128,4550,3
sift1m,10000,128,11,10,0.001000,reader_adaptive,32,256,3,0.428571,9.697,256,8909,8
sift1m,10000,128,11,10,0.001000,reader_adaptive,64,512,4,0.571429,18.606,512,16929,13
sift1m,10000,128,11,10,0.010000,reader_adaptive,8,64,10,1.000000,2.605,64,2276,22
sift1m,10000,128,11,10,0.010000,reader_adaptive,16,128,10,1.000000,5.270,128,4550,49
sift1m,10000,128,11,10,0.010000,reader_adaptive,32,256,10,1.000000,10.406,256,8909,96
sift1m,10000,128,11,10,0.010000,reader_adaptive,64,512,10,1.000000,19.123,512,16929,187
sift1m,10000,128,11,10,0.050000,reader_adaptive,8,64,10,1.000000,2.483,64,2276,121
sift1m,10000,128,11,10,0.050000,reader_adaptive,16,128,10,1.000000,5.129,128,4550,236
sift1m,10000,128,11,10,0.050000,reader_adaptive,32,256,10,1.000000,9.852,256,8909,464
sift1m,10000,128,11,10,0.050000,reader_adaptive,64,512,10,1.000000,18.316,512,16929,921
sift1m,10000,128,11,10,0.100000,reader_adaptive,8,64,10,1.000000,2.568,64,2276,237
sift1m,10000,128,11,10,0.100000,reader_adaptive,16,128,10,1.000000,4.967,128,4550,426
sift1m,10000,128,11,10,0.100000,reader_adaptive,32,256,10,1.000000,10.261,256,8909,829
sift1m,10000,128,11,10,0.100000,reader_adaptive,64,512,10,1.000000,18.892,512,16929,1589
sift1m,10000,128,11,10,0.500000,reader_adaptive,8,16,10,1.000000,0.744,16,528,278
sift1m,10000,128,11,10,0.500000,reader_adaptive,16,32,10,1.000000,1.382,32,1089,569
sift1m,10000,128,11,10,0.500000,reader_adaptive,32,64,10,1.000000,2.471,64,2276,1184
sift1m,10000,128,11,10,0.500000,reader_adaptive,64,128,10,1.000000,4.962,128,4550,2311
sift1m,10000,128,11,10,1.000000,reader_adaptive,8,8,10,1.000000,0.428,8,257,257
sift1m,10000,128,11,10,1.000000,reader_adaptive,16,16,10,1.000000,0.655,16,528,528
sift1m,10000,128,11,10,1.000000,reader_adaptive,32,32,10,1.000000,1.308,32,1089,1089
sift1m,10000,128,11,10,1.000000,reader_adaptive,64,64,10,1.000000,2.650,64,2276,2276
sift1m,10000,128,12,10,0.001000,reader_adaptive,8,64,3,0.300000,2.509,64,2208,7
sift1m,10000,128,12,10,0.001000,reader_adaptive,16,128,3,0.300000,5.026,128,4377,10
sift1m,10000,128,12,10,0.001000,reader_adaptive,32,256,6,0.600000,9.030,256,8582,21
sift1m,10000,128,12,10,0.001000,reader_adaptive,64,512,7,0.700000,18.477,512,16544,27
sift1m,10000,128,12,10,0.010000,reader_adaptive,8,64,10,0.800000,2.588,64,2208,23
sift1m,10000,128,12,10,0.010000,reader_adaptive,16,128,10,0.900000,4.704,128,4377,43
sift1m,10000,128,12,10,0.010000,reader_adaptive,32,256,10,1.000000,9.562,256,8582,81
sift1m,10000,128,12,10,0.010000,reader_adaptive,64,512,10,1.000000,18.167,512,16544,154
sift1m,10000,128,12,10,0.050000,reader_adaptive,8,64,10,1.000000,2.806,64,2208,98
sift1m,10000,128,12,10,0.050000,reader_adaptive,16,128,10,1.000000,4.978,128,4377,204
sift1m,10000,128,12,10,0.050000,reader_adaptive,32,256,10,1.000000,9.194,256,8582,397
sift1m,10000,128,12,10,0.050000,reader_adaptive,64,512,10,1.000000,18.379,512,16544,751
sift1m,10000,128,12,10,0.100000,reader_adaptive,8,64,10,1.000000,2.434,64,2208,210
sift1m,10000,128,12,10,0.100000,reader_adaptive,16,128,10,1.000000,4.760,128,4377,413
sift1m,10000,128,12,10,0.100000,reader_adaptive,32,256,10,1.000000,9.100,256,8582,794
sift1m,10000,128,12,10,0.100000,reader_adaptive,64,512,10,1.000000,18.752,512,16544,1577
sift1m,10000,128,12,10,0.500000,reader_adaptive,8,16,10,1.000000,0.782,16,592,306
sift1m,10000,128,12,10,0.500000,reader_adaptive,16,32,10,1.000000,1.299,32,1107,563
sift1m,10000,128,12,10,0.500000,reader_adaptive,32,64,10,1.000000,2.552,64,2208,1155
sift1m,10000,128,12,10,0.500000,reader_adaptive,64,128,10,1.000000,4.962,128,4377,2227
sift1m,10000,128,12,10,1.000000,reader_adaptive,8,8,10,1.000000,0.421,8,309,309
sift1m,10000,128,12,10,1.000000,reader_adaptive,16,16,10,1.000000,0.684,16,592,592
sift1m,10000,128,12,10,1.000000,reader_adaptive,32,32,10,1.000000,1.185,32,1107,1107
sift1m,10000,128,12,10,1.000000,reader_adaptive,64,64,10,1.000000,2.336,64,2208,2208
sift1m,10000,128,13,10,0.001000,reader_adaptive,8,64,1,0.100000,2.310,64,2244,1
sift1m,10000,128,13,10,0.001000,reader_adaptive,16,128,2,0.200000,4.881,128,4460,4
sift1m,10000,128,13,10,0.001000,reader_adaptive,32,256,5,0.500000,9.551,256,8715,9
sift1m,10000,128,13,10,0.001000,reader_adaptive,64,512,5,0.500000,18.004,512,16576,14
sift1m,10000,128,13,10,0.010000,reader_adaptive,8,64,10,0.800000,2.518,64,2244,21
sift1m,10000,128,13,10,0.010000,reader_adaptive,16,128,10,1.000000,4.900,128,4460,48
sift1m,10000,128,13,10,0.010000,reader_adaptive,32,256,10,1.000000,9.402,256,8715,100
sift1m,10000,128,13,10,0.010000,reader_adaptive,64,512,10,1.000000,18.534,512,16576,170
sift1m,10000,128,13,10,0.050000,reader_adaptive,8,64,10,1.000000,2.668,64,2244,116
sift1m,10000,128,13,10,0.050000,reader_adaptive,16,128,10,1.000000,4.911,128,4460,221
sift1m,10000,128,13,10,0.050000,reader_adaptive,32,256,10,1.000000,10.066,256,8715,431
sift1m,10000,128,13,10,0.050000,reader_adaptive,64,512,10,1.000000,18.659,512,16576,856
sift1m,10000,128,13,10,0.100000,reader_adaptive,8,64,10,1.000000,2.505,64,2244,244
sift1m,10000,128,13,10,0.100000,reader_adaptive,16,128,10,1.000000,5.155,128,4460,457
sift1m,10000,128,13,10,0.100000,reader_adaptive,32,256,10,1.000000,9.373,256,8715,847
sift1m,10000,128,13,10,0.100000,reader_adaptive,64,512,10,1.000000,18.206,512,16576,1637
sift1m,10000,128,13,10,0.500000,reader_adaptive,8,16,10,1.000000,0.826,16,608,300
sift1m,10000,128,13,10,0.500000,reader_adaptive,16,32,10,1.000000,1.543,32,1196,631
sift1m,10000,128,13,10,0.500000,reader_adaptive,32,64,10,1.000000,2.968,64,2244,1170
sift1m,10000,128,13,10,0.500000,reader_adaptive,64,128,10,1.000000,5.483,128,4460,2280
sift1m,10000,128,13,10,1.000000,reader_adaptive,8,8,10,0.700000,0.469,8,328,328
sift1m,10000,128,13,10,1.000000,reader_adaptive,16,16,10,1.000000,0.735,16,608,608
sift1m,10000,128,13,10,1.000000,reader_adaptive,32,32,10,1.000000,1.357,32,1196,1196
sift1m,10000,128,13,10,1.000000,reader_adaptive,64,64,10,1.000000,2.755,64,2244,2244
sift1m,10000,128,14,10,0.001000,reader_adaptive,8,64,0,0.000000,2.614,64,2288,0
sift1m,10000,128,14,10,0.001000,reader_adaptive,16,128,2,0.200000,4.626,128,4320,2
sift1m,10000,128,14,10,0.001000,reader_adaptive,32,256,3,0.300000,9.396,256,8654,7
sift1m,10000,128,14,10,0.001000,reader_adaptive,64,512,8,0.800000,19.274,512,17046,21
sift1m,10000,128,14,10,0.010000,reader_adaptive,8,64,10,1.000000,2.852,64,2288,34
sift1m,10000,128,14,10,0.010000,reader_adaptive,16,128,10,1.000000,4.969,128,4320,64
sift1m,10000,128,14,10,0.010000,reader_adaptive,32,256,10,1.000000,10.007,256,8654,105
sift1m,10000,128,14,10,0.010000,reader_adaptive,64,512,10,1.000000,19.569,512,17046,191
sift1m,10000,128,14,10,0.050000,reader_adaptive,8,64,10,1.000000,2.671,64,2288,124
sift1m,10000,128,14,10,0.050000,reader_adaptive,16,128,10,1.000000,5.014,128,4320,220
sift1m,10000,128,14,10,0.050000,reader_adaptive,32,256,10,1.000000,9.911,256,8654,451
sift1m,10000,128,14,10,0.050000,reader_adaptive,64,512,10,1.000000,19.353,512,17046,896
sift1m,10000,128,14,10,0.100000,reader_adaptive,8,64,10,0.900000,2.626,64,2288,194
sift1m,10000,128,14,10,0.100000,reader_adaptive,16,128,10,1.000000,4.713,128,4320,354
sift1m,10000,128,14,10,0.100000,reader_adaptive,32,256,10,1.000000,10.081,256,8654,705
sift1m,10000,128,14,10,0.100000,reader_adaptive,64,512,10,1.000000,19.637,512,17046,1499
sift1m,10000,128,14,10,0.500000,reader_adaptive,8,16,10,1.000000,0.771,16,585,279
sift1m,10000,128,14,10,0.500000,reader_adaptive,16,32,10,1.000000,1.344,32,1124,536
sift1m,10000,128,14,10,0.500000,reader_adaptive,32,64,10,1.000000,2.675,64,2288,1083
sift1m,10000,128,14,10,0.500000,reader_adaptive,64,128,10,1.000000,4.762,128,4320,2050
sift1m,10000,128,14,10,1.000000,reader_adaptive,8,8,10,0.900000,0.398,8,297,297
sift1m,10000,128,14,10,1.000000,reader_adaptive,16,16,10,0.900000,0.680,16,585,585
sift1m,10000,128,14,10,1.000000,reader_adaptive,32,32,10,1.000000,1.384,32,1124,1124
sift1m,10000,128,14,10,1.000000,reader_adaptive,64,64,10,1.000000,2.642,64,2288,2288
sift1m,10000,128,15,10,0.001000,reader_adaptive,8,64,3,0.300000,2.584,64,2246,3
sift1m,10000,128,15,10,0.001000,reader_adaptive,16,128,5,0.500000,5.005,128,4311,5
sift1m,10000,128,15,10,0.001000,reader_adaptive,32,256,7,0.700000,9.467,256,8624,13
sift1m,10000,128,15,10,0.001000,reader_adaptive,64,512,10,1.000000,18.781,512,16967,28
sift1m,10000,128,15,10,0.010000,reader_adaptive,8,64,10,0.600000,2.636,64,2246,15
sift1m,10000,128,15,10,0.010000,reader_adaptive,16,128,10,0.900000,4.895,128,4311,43
sift1m,10000,128,15,10,0.010000,reader_adaptive,32,256,10,1.000000,9.709,256,8624,78
sift1m,10000,128,15,10,0.010000,reader_adaptive,64,512,10,1.000000,18.830,512,16967,142
sift1m,10000,128,15,10,0.050000,reader_adaptive,8,64,10,0.900000,2.523,64,2246,108
sift1m,10000,128,15,10,0.050000,reader_adaptive,16,128,10,1.000000,4.920,128,4311,207
sift1m,10000,128,15,10,0.050000,reader_adaptive,32,256,10,1.000000,9.326,256,8624,428
sift1m,10000,128,15,10,0.050000,reader_adaptive,64,512,10,1.000000,18.343,512,16967,796
sift1m,10000,128,15,10,0.100000,reader_adaptive,8,64,10,1.000000,2.724,64,2246,239
sift1m,10000,128,15,10,0.100000,reader_adaptive,16,128,10,1.000000,5.044,128,4311,464
sift1m,10000,128,15,10,0.100000,reader_adaptive,32,256,10,1.000000,9.500,256,8624,879
sift1m,10000,128,15,10,0.100000,reader_adaptive,64,512,10,1.000000,19.193,512,16967,1809
sift1m,10000,128,15,10,0.500000,reader_adaptive,8,16,10,1.000000,0.734,16,539,260
sift1m,10000,128,15,10,0.500000,reader_adaptive,16,32,10,1.000000,1.266,32,1079,532
sift1m,10000,128,15,10,0.500000,reader_adaptive,32,64,10,1.000000,2.684,64,2246,1105
sift1m,10000,128,15,10,0.500000,reader_adaptive,64,128,10,1.000000,4.737,128,4311,2114
sift1m,10000,128,15,10,1.000000,reader_adaptive,8,8,10,1.000000,0.368,8,280,280
sift1m,10000,128,15,10,1.000000,reader_adaptive,16,16,10,1.000000,0.587,16,539,539
sift1m,10000,128,15,10,1.000000,reader_adaptive,32,32,10,1.000000,1.172,32,1079,1079
sift1m,10000,128,15,10,1.000000,reader_adaptive,64,64,10,1.000000,2.544,64,2246,2246
sift1m,10000,128,16,10,0.001000,reader_adaptive,8,64,0,0.000000,2.523,64,2193,0
sift1m,10000,128,16,10,0.001000,reader_adaptive,16,128,0,0.000000,4.846,128,4360,0
sift1m,10000,128,16,10,0.001000,reader_adaptive,32,256,4,0.444444,9.369,256,8744,5
sift1m,10000,128,16,10,0.001000,reader_adaptive,64,512,5,0.555556,18.038,512,16586,13
sift1m,10000,128,16,10,0.010000,reader_adaptive,8,64,5,0.300000,2.316,64,2193,7
sift1m,10000,128,16,10,0.010000,reader_adaptive,16,128,10,0.700000,4.588,128,4360,18
sift1m,10000,128,16,10,0.010000,reader_adaptive,32,256,10,1.000000,9.635,256,8744,47
sift1m,10000,128,16,10,0.010000,reader_adaptive,64,512,10,1.000000,17.828,512,16586,98
sift1m,10000,128,16,10,0.050000,reader_adaptive,8,64,10,1.000000,2.356,64,2193,151
sift1m,10000,128,16,10,0.050000,reader_adaptive,16,128,10,1.000000,4.827,128,4360,275
sift1m,10000,128,16,10,0.050000,reader_adaptive,32,256,10,1.000000,9.511,256,8744,505
sift1m,10000,128,16,10,0.050000,reader_adaptive,64,512,10,1.000000,17.874,512,16586,925
sift1m,10000,128,16,10,0.100000,reader_adaptive,8,64,10,1.000000,2.527,64,2193,205
sift1m,10000,128,16,10,0.100000,reader_adaptive,16,128,10,1.000000,4.896,128,4360,412
sift1m,10000,128,16,10,0.100000,reader_adaptive,32,256,10,1.000000,9.446,256,8744,835
sift1m,10000,128,16,10,0.100000,reader_adaptive,64,512,10,1.000000,17.879,512,16586,1589
sift1m,10000,128,16,10,0.500000,reader_adaptive,8,16,10,1.000000,0.815,16,586,273
sift1m,10000,128,16,10,0.500000,reader_adaptive,16,32,10,1.000000,1.330,32,1145,539
sift1m,10000,128,16,10,0.500000,reader_adaptive,32,64,10,1.000000,2.502,64,2193,1046
sift1m,10000,128,16,10,0.500000,reader_adaptive,64,128,10,1.000000,4.978,128,4360,2185
sift1m,10000,128,16,10,1.000000,reader_adaptive,8,8,10,0.900000,0.432,8,300,300
sift1m,10000,128,16,10,1.000000,reader_adaptive,16,16,10,1.000000,0.673,16,586,586
sift1m,10000,128,16,10,1.000000,reader_adaptive,32,32,10,1.000000,1.249,32,1145,1145
sift1m,10000,128,16,10,1.000000,reader_adaptive,64,64,10,1.000000,2.340,64,2193,2193
sift1m,10000,128,17,10,0.001000,reader_adaptive,8,64,1,0.100000,2.423,64,2253,1
sift1m,10000,128,17,10,0.001000,reader_adaptive,16,128,2,0.200000,5.163,128,4538,2
sift1m,10000,128,17,10,0.001000,reader_adaptive,32,256,5,0.500000,9.844,256,8739,9
sift1m,10000,128,17,10,0.001000,reader_adaptive,64,512,9,0.900000,17.656,512,16605,25
sift1m,10000,128,17,10,0.010000,reader_adaptive,8,64,10,0.800000,2.792,64,2253,26
sift1m,10000,128,17,10,0.010000,reader_adaptive,16,128,10,1.000000,5.103,128,4538,45
sift1m,10000,128,17,10,0.010000,reader_adaptive,32,256,10,1.000000,9.666,256,8739,84
sift1m,10000,128,17,10,0.010000,reader_adaptive,64,512,10,1.000000,18.188,512,16605,170
sift1m,10000,128,17,10,0.050000,reader_adaptive,8,64,10,1.000000,2.702,64,2253,110
sift1m,10000,128,17,10,0.050000,reader_adaptive,16,128,10,1.000000,5.278,128,4538,183
sift1m,10000,128,17,10,0.050000,reader_adaptive,32,256,10,1.000000,10.245,256,8739,365
sift1m,10000,128,17,10,0.050000,reader_adaptive,64,512,10,1.000000,31.219,512,16605,686
sift1m,10000,128,17,10,0.100000,reader_adaptive,8,64,10,1.000000,6.461,64,2253,221
sift1m,10000,128,17,10,0.100000,reader_adaptive,16,128,10,1.000000,8.909,128,4538,454
sift1m,10000,128,17,10,0.100000,reader_adaptive,32,256,10,1.000000,11.545,256,8739,888
sift1m,10000,128,17,10,0.100000,reader_adaptive,64,512,10,1.000000,20.844,512,16605,1701
sift1m,10000,128,17,10,0.500000,reader_adaptive,8,16,10,1.000000,0.813,16,586,293
sift1m,10000,128,17,10,0.500000,reader_adaptive,16,32,10,1.000000,1.489,32,1196,576
sift1m,10000,128,17,10,0.500000,reader_adaptive,32,64,10,1.000000,2.707,64,2253,1112
sift1m,10000,128,17,10,0.500000,reader_adaptive,64,128,10,1.000000,5.527,128,4538,2287
sift1m,10000,128,17,10,1.000000,reader_adaptive,8,8,10,0.900000,0.433,8,296,296
sift1m,10000,128,17,10,1.000000,reader_adaptive,16,16,10,1.000000,0.705,16,586,586
sift1m,10000,128,17,10,1.000000,reader_adaptive,32,32,10,1.000000,1.352,32,1196,1196
sift1m,10000,128,17,10,1.000000,reader_adaptive,64,64,10,1.000000,2.430,64,2253,2253
sift1m,10000,128,18,10,0.001000,reader_adaptive,8,64,2,0.333333,2.475,64,2250,5
sift1m,10000,128,18,10,0.001000,reader_adaptive,16,128,2,0.333333,5.140,128,4513,6
sift1m,10000,128,18,10,0.001000,reader_adaptive,32,256,4,0.666667,9.959,256,8813,14
sift1m,10000,128,18,10,0.001000,reader_adaptive,64,512,5,0.833333,19.427,512,16953,17
sift1m,10000,128,18,10,0.010000,reader_adaptive,8,64,10,0.900000,2.515,64,2250,34
sift1m,10000,128,18,10,0.010000,reader_adaptive,16,128,10,1.000000,5.005,128,4513,66
sift1m,10000,128,18,10,0.010000,reader_adaptive,32,256,10,1.000000,9.708,256,8813,117
sift1m,10000,128,18,10,0.010000,reader_adaptive,64,512,10,1.000000,20.516,512,16953,191
sift1m,10000,128,18,10,0.050000,reader_adaptive,8,64,10,0.900000,3.203,64,2250,119
sift1m,10000,128,18,10,0.050000,reader_adaptive,16,128,10,1.000000,5.936,128,4513,228
sift1m,10000,128,18,10,0.050000,reader_adaptive,32,256,10,1.000000,10.248,256,8813,428
sift1m,10000,128,18,10,0.050000,reader_adaptive,64,512,10,1.000000,18.563,512,16953,775
sift1m,10000,128,18,10,0.100000,reader_adaptive,8,64,10,1.000000,2.609,64,2250,236
sift1m,10000,128,18,10,0.100000,reader_adaptive,16,128,10,1.000000,5.281,128,4513,459
sift1m,10000,128,18,10,0.100000,reader_adaptive,32,256,10,1.000000,10.786,256,8813,880
sift1m,10000,128,18,10,0.100000,reader_adaptive,64,512,10,1.000000,19.407,512,16953,1677
sift1m,10000,128,18,10,0.500000,reader_adaptive,8,16,10,1.000000,0.745,16,566,298
sift1m,10000,128,18,10,0.500000,reader_adaptive,16,32,10,1.000000,1.273,32,1138,572
sift1m,10000,128,18,10,0.500000,reader_adaptive,32,64,10,1.000000,2.422,64,2250,1131
sift1m,10000,128,18,10,0.500000,reader_adaptive,64,128,10,1.000000,5.508,128,4513,2222
sift1m,10000,128,18,10,1.000000,reader_adaptive,8,8,10,0.800000,0.377,8,286,286
sift1m,10000,128,18,10,1.000000,reader_adaptive,16,16,10,1.000000,0.649,16,566,566
sift1m,10000,128,18,10,1.000000,reader_adaptive,32,32,10,1.000000,1.252,32,1138,1138
sift1m,10000,128,18,10,1.000000,reader_adaptive,64,64,10,1.000000,2.652,64,2250,2250
sift1m,10000,128,19,10,0.001000,reader_adaptive,8,64,0,0.000000,2.515,64,2265,0
sift1m,10000,128,19,10,0.001000,reader_adaptive,16,128,1,0.100000,4.755,128,4484,1
sift1m,10000,128,19,10,0.001000,reader_adaptive,32,256,2,0.200000,9.849,256,8821,2
sift1m,10000,128,19,10,0.001000,reader_adaptive,64,512,6,0.600000,18.219,512,16556,9
sift1m,10000,128,19,10,0.010000,reader_adaptive,8,64,10,0.700000,2.777,64,2265,18
sift1m,10000,128,19,10,0.010000,reader_adaptive,16,128,10,0.900000,5.118,128,4484,38
sift1m,10000,128,19,10,0.010000,reader_adaptive,32,256,10,1.000000,9.770,256,8821,71
sift1m,10000,128,19,10,0.010000,reader_adaptive,64,512,10,1.000000,18.197,512,16556,121
sift1m,10000,128,19,10,0.050000,reader_adaptive,8,64,10,1.000000,2.710,64,2265,101
sift1m,10000,128,19,10,0.050000,reader_adaptive,16,128,10,1.000000,4.858,128,4484,213
sift1m,10000,128,19,10,0.050000,reader_adaptive,32,256,10,1.000000,9.663,256,8821,442
sift1m,10000,128,19,10,0.050000,reader_adaptive,64,512,10,1.000000,18.455,512,16556,804
sift1m,10000,128,19,10,0.100000,reader_adaptive,8,64,10,1.000000,2.470,64,2265,226
sift1m,10000,128,19,10,0.100000,reader_adaptive,16,128,10,1.000000,5.021,128,4484,464
sift1m,10000,128,19,10,0.100000,reader_adaptive,32,256,10,1.000000,10.092,256,8821,899
sift1m,10000,128,19,10,0.100000,reader_adaptive,64,512,10,1.000000,17.998,512,16556,1624
sift1m,10000,128,19,10,0.500000,reader_adaptive,8,16,10,0.900000,0.747,16,567,296
sift1m,10000,128,19,10,0.500000,reader_adaptive,16,32,10,1.000000,1.505,32,1150,571
sift1m,10000,128,19,10,0.500000,reader_adaptive,32,64,10,1.000000,2.711,64,2265,1125
sift1m,10000,128,19,10,0.500000,reader_adaptive,64,128,10,1.000000,5.221,128,4484,2193
sift1m,10000,128,19,10,1.000000,reader_adaptive,8,8,10,1.000000,0.375,8,295,295
sift1m,10000,128,19,10,1.000000,reader_adaptive,16,16,10,1.000000,0.764,16,567,567
sift1m,10000,128,19,10,1.000000,reader_adaptive,32,32,10,1.000000,1.420,32,1150,1150
sift1m,10000,128,19,10,1.000000,reader_adaptive,64,64,10,1.000000,2.671,64,2265,2265
sift1m,10000,128,20,10,0.001000,reader_adaptive,8,64,2,0.250000,2.179,64,2101,2
sift1m,10000,128,20,10,0.001000,reader_adaptive,16,128,2,0.250000,4.558,128,4193,2
sift1m,10000,128,20,10,0.001000,reader_adaptive,32,256,4,0.500000,9.637,256,8560,11
sift1m,10000,128,20,10,0.001000,reader_adaptive,64,512,6,0.750000,18.202,512,16911,22
sift1m,10000,128,20,10,0.010000,reader_adaptive,8,64,9,0.900000,2.515,64,2101,16
sift1m,10000,128,20,10,0.010000,reader_adaptive,16,128,10,1.000000,4.744,128,4193,36
sift1m,10000,128,20,10,0.010000,reader_adaptive,32,256,10,1.000000,9.330,256,8560,69
sift1m,10000,128,20,10,0.010000,reader_adaptive,64,512,10,1.000000,18.931,512,16911,151
sift1m,10000,128,20,10,0.050000,reader_adaptive,8,64,10,1.000000,2.464,64,2101,111
sift1m,10000,128,20,10,0.050000,reader_adaptive,16,128,10,1.000000,4.565,128,4193,240
sift1m,10000,128,20,10,0.050000,reader_adaptive,32,256,10,1.000000,9.210,256,8560,472
sift1m,10000,128,20,10,0.050000,reader_adaptive,64,512,10,1.000000,17.988,512,16911,921
sift1m,10000,128,20,10,0.100000,reader_adaptive,8,64,10,1.000000,2.287,64,2101,254
sift1m,10000,128,20,10,0.100000,reader_adaptive,16,128,10,1.000000,4.826,128,4193,474
sift1m,10000,128,20,10,0.100000,reader_adaptive,32,256,10,1.000000,9.740,256,8560,879
sift1m,10000,128,20,10,0.100000,reader_adaptive,64,512,10,1.000000,19.299,512,16911,1598
sift1m,10000,128,20,10,0.500000,reader_adaptive,8,16,10,1.000000,0.628,16,503,245
sift1m,10000,128,20,10,0.500000,reader_adaptive,16,32,10,1.000000,1.137,32,1059,528
sift1m,10000,128,20,10,0.500000,reader_adaptive,32,64,10,1.000000,2.209,64,2101,1064
sift1m,10000,128,20,10,0.500000,reader_adaptive,64,128,10,1.000000,4.753,128,4193,2118
sift1m,10000,128,20,10,1.000000,reader_adaptive,8,8,10,1.000000,0.375,8,243,243
sift1m,10000,128,20,10,1.000000,reader_adaptive,16,16,10,1.000000,0.596,16,503,503
sift1m,10000,128,20,10,1.000000,reader_adaptive,32,32,10,1.000000,1.261,32,1059,1059
sift1m,10000,128,20,10,1.000000,reader_adaptive,64,64,10,1.000000,2.425,64,2101,2101
sift1m,10000,128,21,10,0.001000,reader_adaptive,8,64,2,0.285714,2.603,64,2389,2
sift1m,10000,128,21,10,0.001000,reader_adaptive,16,128,3,0.428571,4.960,128,4374,6
sift1m,10000,128,21,10,0.001000,reader_adaptive,32,256,4,0.571429,10.159,256,8967,12
sift1m,10000,128,21,10,0.001000,reader_adaptive,64,512,5,0.714286,18.879,512,16940,18
sift1m,10000,128,21,10,0.010000,reader_adaptive,8,64,10,1.000000,2.851,64,2389,43
sift1m,10000,128,21,10,0.010000,reader_adaptive,16,128,10,1.000000,4.669,128,4374,83
sift1m,10000,128,21,10,0.010000,reader_adaptive,32,256,10,1.000000,10.265,256,8967,141
sift1m,10000,128,21,10,0.010000,reader_adaptive,64,512,10,1.000000,19.089,512,16940,217
sift1m,10000,128,21,10,0.050000,reader_adaptive,8,64,10,1.000000,2.692,64,2389,123
sift1m,10000,128,21,10,0.050000,reader_adaptive,16,128,10,1.000000,5.103,128,4374,223
sift1m,10000,128,21,10,0.050000,reader_adaptive,32,256,10,1.000000,9.856,256,8967,426
sift1m,10000,128,21,10,0.050000,reader_adaptive,64,512,10,1.000000,18.609,512,16940,840
sift1m,10000,128,21,10,0.100000,reader_adaptive,8,64,10,1.000000,2.866,64,2389,236
sift1m,10000,128,21,10,0.100000,reader_adaptive,16,128,10,1.000000,4.910,128,4374,450
sift1m,10000,128,21,10,0.100000,reader_adaptive,32,256,10,1.000000,10.070,256,8967,922
sift1m,10000,128,21,10,0.100000,reader_adaptive,64,512,10,1.000000,18.754,512,16940,1753
sift1m,10000,128,21,10,0.500000,reader_adaptive,8,16,10,1.000000,0.797,16,617,298
sift1m,10000,128,21,10,0.500000,reader_adaptive,16,32,10,1.000000,1.486,32,1234,594
sift1m,10000,128,21,10,0.500000,reader_adaptive,32,64,10,1.000000,2.874,64,2389,1166
sift1m,10000,128,21,10,0.500000,reader_adaptive,64,128,10,1.000000,4.763,128,4374,2117
sift1m,10000,128,21,10,1.000000,reader_adaptive,8,8,10,0.900000,0.403,8,313,313
sift1m,10000,128,21,10,1.000000,reader_adaptive,16,16,10,1.000000,0.729,16,617,617
sift1m,10000,128,21,10,1.000000,reader_adaptive,32,32,10,1.000000,1.425,32,1234,1234
sift1m,10000,128,21,10,1.000000,reader_adaptive,64,64,10,1.000000,2.920,64,2389,2389
sift1m,10000,128,22,10,0.001000,reader_adaptive,8,64,2,0.333333,2.569,64,2239,2
sift1m,10000,128,22,10,0.001000,reader_adaptive,16,128,2,0.333333,4.858,128,4454,4
sift1m,10000,128,22,10,0.001000,reader_adaptive,32,256,2,0.333333,9.640,256,8748,10
sift1m,10000,128,22,10,0.001000,reader_adaptive,64,512,3,0.500000,18.560,512,16942,12
sift1m,10000,128,22,10,0.010000,reader_adaptive,8,64,10,0.800000,2.377,64,2239,33
sift1m,10000,128,22,10,0.010000,reader_adaptive,16,128,10,1.000000,5.106,128,4454,59
sift1m,10000,128,22,10,0.010000,reader_adaptive,32,256,10,1.000000,9.963,256,8748,113
sift1m,10000,128,22,10,0.010000,reader_adaptive,64,512,10,1.000000,19.290,512,16942,171
sift1m,10000,128,22,10,0.050000,reader_adaptive,8,64,10,1.000000,2.415,64,2239,122
sift1m,10000,128,22,10,0.050000,reader_adaptive,16,128,10,1.000000,4.712,128,4454,254
sift1m,10000,128,22,10,0.050000,reader_adaptive,32,256,10,1.000000,10.141,256,8748,495
sift1m,10000,128,22,10,0.050000,reader_adaptive,64,512,10,1.000000,18.860,512,16942,938
sift1m,10000,128,22,10,0.100000,reader_adaptive,8,64,10,1.000000,2.646,64,2239,266
sift1m,10000,128,22,10,0.100000,reader_adaptive,16,128,10,1.000000,5.086,128,4454,519
sift1m,10000,128,22,10,0.100000,reader_adaptive,32,256,10,1.000000,9.770,256,8748,987
sift1m,10000,128,22,10,0.100000,reader_adaptive,64,512,10,1.000000,18.597,512,16942,1896
sift1m,10000,128,22,10,0.500000,reader_adaptive,8,16,10,1.000000,0.689,16,527,268
sift1m,10000,128,22,10,0.500000,reader_adaptive,16,32,10,1.000000,1.254,32,1102,531
sift1m,10000,128,22,10,0.500000,reader_adaptive,32,64,10,1.000000,2.621,64,2239,1107
sift1m,10000,128,22,10,0.500000,reader_adaptive,64,128,10,1.000000,5.329,128,4454,2237
sift1m,10000,128,22,10,1.000000,reader_adaptive,8,8,10,1.000000,0.371,8,280,280
sift1m,10000,128,22,10,1.000000,reader_adaptive,16,16,10,1.000000,0.564,16,527,527
sift1m,10000,128,22,10,1.000000,reader_adaptive,32,32,10,1.000000,1.185,32,1102,1102
sift1m,10000,128,22,10,1.000000,reader_adaptive,64,64,10,1.000000,2.613,64,2239,2239
sift1m,10000,128,23,10,0.001000,reader_adaptive,8,64,1,0.142857,2.992,64,2214,1
sift1m,10000,128,23,10,0.001000,reader_adaptive,16,128,2,0.285714,4.508,128,4341,3
sift1m,10000,128,23,10,0.001000,reader_adaptive,32,256,3,0.428571,9.662,256,8604,7
sift1m,10000,128,23,10,0.001000,reader_adaptive,64,512,6,0.857143,18.336,512,16904,12
sift1m,10000,128,23,10,0.010000,reader_adaptive,8,64,10,0.500000,2.494,64,2214,17
sift1m,10000,128,23,10,0.010000,reader_adaptive,16,128,10,0.800000,4.826,128,4341,28
sift1m,10000,128,23,10,0.010000,reader_adaptive,32,256,10,1.000000,9.589,256,8604,76
sift1m,10000,128,23,10,0.010000,reader_adaptive,64,512,10,1.000000,18.860,512,16904,177
sift1m,10000,128,23,10,0.050000,reader_adaptive,8,64,10,1.000000,2.799,64,2214,99
sift1m,10000,128,23,10,0.050000,reader_adaptive,16,128,10,1.000000,5.135,128,4341,196
sift1m,10000,128,23,10,0.050000,reader_adaptive,32,256,10,1.000000,10.165,256,8604,401
sift1m,10000,128,23,10,0.050000,reader_adaptive,64,512,10,1.000000,19.178,512,16904,774
sift1m,10000,128,23,10,0.100000,reader_adaptive,8,64,10,1.000000,2.916,64,2214,184
sift1m,10000,128,23,10,0.100000,reader_adaptive,16,128,10,1.000000,5.250,128,4341,395
sift1m,10000,128,23,10,0.100000,reader_adaptive,32,256,10,1.000000,9.938,256,8604,796
sift1m,10000,128,23,10,0.100000,reader_adaptive,64,512,10,1.000000,19.499,512,16904,1581
sift1m,10000,128,23,10,0.500000,reader_adaptive,8,16,10,1.000000,0.833,16,614,294
sift1m,10000,128,23,10,0.500000,reader_adaptive,16,32,10,1.000000,1.454,32,1180,594
sift1m,10000,128,23,10,0.500000,reader_adaptive,32,64,10,1.000000,2.863,64,2214,1113
sift1m,10000,128,23,10,0.500000,reader_adaptive,64,128,10,1.000000,5.146,128,4341,2162
sift1m,10000,128,23,10,1.000000,reader_adaptive,8,8,10,0.900000,0.422,8,290,290
sift1m,10000,128,23,10,1.000000,reader_adaptive,16,16,10,1.000000,0.861,16,614,614
sift1m,10000,128,23,10,1.000000,reader_adaptive,32,32,10,1.000000,1.555,32,1180,1180
sift1m,10000,128,23,10,1.000000,reader_adaptive,64,64,10,1.000000,2.704,64,2214,2214
sift1m,10000,128,24,10,0.001000,reader_adaptive,8,64,1,0.100000,2.557,64,2175,1
sift1m,10000,128,24,10,0.001000,reader_adaptive,16,128,1,0.100000,4.931,128,4354,1
sift1m,10000,128,24,10,0.001000,reader_adaptive,32,256,2,0.200000,9.824,256,8707,3
sift1m,10000,128,24,10,0.001000,reader_adaptive,64,512,6,0.600000,19.329,512,16855,8
sift1m,10000,128,24,10,0.010000,reader_adaptive,8,64,10,0.700000,2.890,64,2175,29
sift1m,10000,128,24,10,0.010000,reader_adaptive,16,128,10,1.000000,5.812,128,4354,60
sift1m,10000,128,24,10,0.010000,reader_adaptive,32,256,10,1.000000,10.536,256,8707,101
sift1m,10000,128,24,10,0.010000,reader_adaptive,64,512,10,1.000000,18.887,512,16855,190
sift1m,10000,128,24,10,0.050000,reader_adaptive,8,64,10,1.000000,2.584,64,2175,146
sift1m,10000,128,24,10,0.050000,reader_adaptive,16,128,10,1.000000,4.825,128,4354,265
sift1m,10000,128,24,10,0.050000,reader_adaptive,32,256,10,1.000000,9.574,256,8707,481
sift1m,10000,128,24,10,0.050000,reader_adaptive,64,512,10,1.000000,20.277,512,16855,906
sift1m,10000,128,24,10,0.100000,reader_adaptive,8,64,10,1.000000,3.031,64,2175,201
sift1m,10000,128,24,10,0.100000,reader_adaptive,16,128,10,1.000000,5.316,128,4354,401
sift1m,10000,128,24,10,0.100000,reader_adaptive,32,256,10,1.000000,10.656,256,8707,854
sift1m,10000,128,24,10,0.100000,reader_adaptive,64,512,10,1.000000,18.830,512,16855,1674
sift1m,10000,128,24,10,0.500000,reader_adaptive,8,16,10,1.000000,0.815,16,555,305
sift1m,10000,128,24,10,0.500000,reader_adaptive,16,32,10,1.000000,1.396,32,1059,564
sift1m,10000,128,24,10,0.500000,reader_adaptive,32,64,10,1.000000,2.707,64,2175,1117
sift1m,10000,128,24,10,0.500000,reader_adaptive,64,128,10,1.000000,5.042,128,4354,2180
sift1m,10000,128,24,10,1.000000,reader_adaptive,8,8,10,1.000000,0.410,8,251,251
sift1m,10000,128,24,10,1.000000,reader_adaptive,16,16,10,1.000000,0.730,16,555,555
sift1m,10000,128,24,10,1.000000,reader_adaptive,32,32,10,1.000000,1.255,32,1059,1059
sift1m,10000,128,24,10,1.000000,reader_adaptive,64,64,10,1.000000,2.577,64,2175,2175
sift1m,10000,128,25,10,0.001000,reader_adaptive,8,64,1,0.100000,2.798,64,2313,1
sift1m,10000,128,25,10,0.001000,reader_adaptive,16,128,2,0.200000,5.441,128,4552,2
sift1m,10000,128,25,10,0.001000,reader_adaptive,32,256,5,0.500000,9.877,256,8793,10
sift1m,10000,128,25,10,0.001000,reader_adaptive,64,512,8,0.800000,18.365,512,16802,26
sift1m,10000,128,25,10,0.010000,reader_adaptive,8,64,10,0.800000,2.665,64,2313,16
sift1m,10000,128,25,10,0.010000,reader_adaptive,16,128,10,1.000000,5.450,128,4552,38
sift1m,10000,128,25,10,0.010000,reader_adaptive,32,256,10,1.000000,10.075,256,8793,83
sift1m,10000,128,25,10,0.010000,reader_adaptive,64,512,10,1.000000,18.629,512,16802,167
sift1m,10000,128,25,10,0.050000,reader_adaptive,8,64,10,1.000000,2.738,64,2313,130
sift1m,10000,128,25,10,0.050000,reader_adaptive,16,128,10,1.000000,5.145,128,4552,245
sift1m,10000,128,25,10,0.050000,reader_adaptive,32,256,10,1.000000,9.870,256,8793,473
sift1m,10000,128,25,10,0.050000,reader_adaptive,64,512,10,1.000000,17.943,512,16802,866
sift1m,10000,128,25,10,0.100000,reader_adaptive,8,64,10,1.000000,2.615,64,2313,211
sift1m,10000,128,25,10,0.100000,reader_adaptive,16,128,10,1.000000,4.943,128,4552,442
sift1m,10000,128,25,10,0.100000,reader_adaptive,32,256,10,1.000000,9.420,256,8793,893
sift1m,10000,128,25,10,0.100000,reader_adaptive,64,512,10,1.000000,17.855,512,16802,1690
sift1m,10000,128,25,10,0.500000,reader_adaptive,8,16,10,0.900000,0.731,16,590,306
sift1m,10000,128,25,10,0.500000,reader_adaptive,16,32,10,0.900000,1.278,32,1114,539
sift1m,10000,128,25,10,0.500000,reader_adaptive,32,64,10,1.000000,2.601,64,2313,1152
sift1m,10000,128,25,10,0.500000,reader_adaptive,64,128,10,1.000000,5.038,128,4552,2301
sift1m,10000,128,25,10,1.000000,reader_adaptive,8,8,10,0.800000,0.321,8,244,244
sift1m,10000,128,25,10,1.000000,reader_adaptive,16,16,10,1.000000,0.704,16,590,590
sift1m,10000,128,25,10,1.000000,reader_adaptive,32,32,10,1.000000,1.252,32,1114,1114
sift1m,10000,128,25,10,1.000000,reader_adaptive,64,64,10,1.000000,2.604,64,2313,2313
sift1m,10000,128,26,10,0.001000,reader_adaptive,8,64,2,0.222222,2.484,64,2264,3
sift1m,10000,128,26,10,0.001000,reader_adaptive,16,128,3,0.333333,4.679,128,4446,4
sift1m,10000,128,26,10,0.001000,reader_adaptive,32,256,5,0.555556,9.336,256,8848,8
sift1m,10000,128,26,10,0.001000,reader_adaptive,64,512,5,0.555556,17.663,512,16885,11
sift1m,10000,128,26,10,0.010000,reader_adaptive,8,64,10,0.700000,2.482,64,2264,22
sift1m,10000,128,26,10,0.010000,reader_adaptive,16,128,10,1.000000,4.719,128,4446,46
sift1m,10000,128,26,10,0.010000,reader_adaptive,32,256,10,1.000000,9.368,256,8848,97
sift1m,10000,128,26,10,0.010000,reader_adaptive,64,512,10,1.000000,17.553,512,16885,199
sift1m,10000,128,26,10,0.050000,reader_adaptive,8,64,10,1.000000,2.474,64,2264,117
sift1m,10000,128,26,10,0.050000,reader_adaptive,16,128,10,1.000000,4.715,128,4446,226
sift1m,10000,128,26,10,0.050000,reader_adaptive,32,256,10,1.000000,9.298,256,8848,443
sift1m,10000,128,26,10,0.050000,reader_adaptive,64,512,10,1.000000,17.725,512,16885,805
sift1m,10000,128,26,10,0.100000,reader_adaptive,8,64,10,1.000000,2.540,64,2264,210
sift1m,10000,128,26,10,0.100000,reader_adaptive,16,128,10,1.000000,4.753,128,4446,429
sift1m,10000,128,26,10,0.100000,reader_adaptive,32,256,10,1.000000,9.468,256,8848,885
sift1m,10000,128,26,10,0.100000,reader_adaptive,64,512,10,1.000000,17.916,512,16885,1675
sift1m,10000,128,26,10,0.500000,reader_adaptive,8,16,10,1.000000,0.724,16,579,326
sift1m,10000,128,26,10,0.500000,reader_adaptive,16,32,10,1.000000,1.376,32,1169,630
sift1m,10000,128,26,10,0.500000,reader_adaptive,32,64,10,1.000000,2.528,64,2264,1216
sift1m,10000,128,26,10,0.500000,reader_adaptive,64,128,10,1.000000,4.818,128,4446,2319
sift1m,10000,128,26,10,1.000000,reader_adaptive,8,8,10,0.800000,0.340,8,264,264
sift1m,10000,128,26,10,1.000000,reader_adaptive,16,16,10,0.900000,0.669,16,579,579
sift1m,10000,128,26,10,1.000000,reader_adaptive,32,32,10,0.900000,1.331,32,1169,1169
sift1m,10000,128,26,10,1.000000,reader_adaptive,64,64,10,1.000000,2.524,64,2264,2264
sift1m,10000,128,27,10,0.001000,reader_adaptive,8,64,1,0.142857,2.380,64,2240,1
sift1m,10000,128,27,10,0.001000,reader_adaptive,16,128,2,0.285714,4.643,128,4429,3
sift1m,10000,128,27,10,0.001000,reader_adaptive,32,256,3,0.428571,9.114,256,8653,7
sift1m,10000,128,27,10,0.001000,reader_adaptive,64,512,4,0.571429,17.691,512,16812,10
sift1m,10000,128,27,10,0.010000,reader_adaptive,8,64,10,0.900000,2.407,64,2240,23
sift1m,10000,128,27,10,0.010000,reader_adaptive,16,128,10,1.000000,4.735,128,4429,53
sift1m,10000,128,27,10,0.010000,reader_adaptive,32,256,10,1.000000,9.311,256,8653,111
sift1m,10000,128,27,10,0.010000,reader_adaptive,64,512,10,1.000000,19.402,512,16812,212
sift1m,10000,128,27,10,0.050000,reader_adaptive,8,64,10,1.000000,2.645,64,2240,117
sift1m,10000,128,27,10,0.050000,reader_adaptive,16,128,10,1.000000,5.136,128,4429,221
sift1m,10000,128,27,10,0.050000,reader_adaptive,32,256,10,1.000000,9.887,256,8653,433
sift1m,10000,128,27,10,0.050000,reader_adaptive,64,512,10,1.000000,18.738,512,16812,848
sift1m,10000,128,27,10,0.100000,reader_adaptive,8,64,10,1.000000,2.588,64,2240,212
sift1m,10000,128,27,10,0.100000,reader_adaptive,16,128,10,1.000000,5.321,128,4429,449
sift1m,10000,128,27,10,0.100000,reader_adaptive,32,256,10,1.000000,9.888,256,8653,893
sift1m,10000,128,27,10,0.100000,reader_adaptive,64,512,10,1.000000,18.878,512,16812,1724
sift1m,10000,128,27,10,0.500000,reader_adaptive,8,16,10,0.800000,0.825,16,607,297
sift1m,10000,128,27,10,0.500000,reader_adaptive,16,32,10,1.000000,1.405,32,1195,601
sift1m,10000,128,27,10,0.500000,reader_adaptive,32,64,10,1.000000,2.584,64,2240,1125
sift1m,10000,128,27,10,0.500000,reader_adaptive,64,128,10,1.000000,5.086,128,4429,2266
sift1m,10000,128,27,10,1.000000,reader_adaptive,8,8,10,0.700000,0.444,8,311,311
sift1m,10000,128,27,10,1.000000,reader_adaptive,16,16,10,0.900000,0.730,16,607,607
sift1m,10000,128,27,10,1.000000,reader_adaptive,32,32,10,1.000000,1.408,32,1195,1195
sift1m,10000,128,27,10,1.000000,reader_adaptive,64,64,10,1.000000,2.604,64,2240,2240
sift1m,10000,128,28,10,0.001000,reader_adaptive,8,64,3,0.300000,2.748,64,2383,5
sift1m,10000,128,28,10,0.001000,reader_adaptive,16,128,6,0.600000,5.132,128,4499,9
sift1m,10000,128,28,10,0.001000,reader_adaptive,32,256,10,0.900000,9.572,256,8857,21
sift1m,10000,128,28,10,0.001000,reader_adaptive,64,512,10,1.000000,17.654,512,16828,34
sift1m,10000,128,28,10,0.010000,reader_adaptive,8,64,10,0.900000,2.646,64,2383,30
sift1m,10000,128,28,10,0.010000,reader_adaptive,16,128,10,1.000000,4.873,128,4499,53
sift1m,10000,128,28,10,0.010000,reader_adaptive,32,256,10,1.000000,9.470,256,8857,108
sift1m,10000,128,28,10,0.010000,reader_adaptive,64,512,10,1.000000,17.957,512,16828,206
sift1m,10000,128,28,10,0.050000,reader_adaptive,8,64,10,1.000000,2.720,64,2383,92
sift1m,10000,128,28,10,0.050000,reader_adaptive,16,128,10,1.000000,5.069,128,4499,214
sift1m,10000,128,28,10,0.050000,reader_adaptive,32,256,10,1.000000,10.502,256,8857,430
sift1m,10000,128,28,10,0.050000,reader_adaptive,64,512,10,1.000000,19.013,512,16828,835
sift1m,10000,128,28,10,0.100000,reader_adaptive,8,64,10,1.000000,2.838,64,2383,236
sift1m,10000,128,28,10,0.100000,reader_adaptive,16,128,10,1.000000,5.197,128,4499,421
sift1m,10000,128,28,10,0.100000,reader_adaptive,32,256,10,1.000000,10.290,256,8857,831
sift1m,10000,128,28,10,0.100000,reader_adaptive,64,512,10,1.000000,19.166,512,16828,1521
sift1m,10000,128,28,10,0.500000,reader_adaptive,8,16,10,1.000000,0.760,16,558,280
sift1m,10000,128,28,10,0.500000,reader_adaptive,16,32,10,1.000000,1.447,32,1182,640
sift1m,10000,128,28,10,0.500000,reader_adaptive,32,64,10,1.000000,2.814,64,2383,1280
sift1m,10000,128,28,10,0.500000,reader_adaptive,64,128,10,1.000000,5.042,128,4499,2396
sift1m,10000,128,28,10,1.000000,reader_adaptive,8,8,10,1.000000,0.368,8,263,263
sift1m,10000,128,28,10,1.000000,reader_adaptive,16,16,10,1.000000,0.659,16,558,558
sift1m,10000,128,28,10,1.000000,reader_adaptive,32,32,10,1.000000,1.327,32,1182,1182
sift1m,10000,128,28,10,1.000000,reader_adaptive,64,64,10,1.000000,2.613,64,2383,2383
sift1m,10000,128,29,10,0.001000,reader_adaptive,8,64,3,0.300000,2.320,64,2190,9
sift1m,10000,128,29,10,0.001000,reader_adaptive,16,128,4,0.400000,4.573,128,4287,12
sift1m,10000,128,29,10,0.001000,reader_adaptive,32,256,6,0.600000,9.329,256,8691,16
sift1m,10000,128,29,10,0.001000,reader_adaptive,64,512,10,1.000000,18.169,512,16900,33
sift1m,10000,128,29,10,0.010000,reader_adaptive,8,64,5,0.500000,2.364,64,2190,5
sift1m,10000,128,29,10,0.010000,reader_adaptive,16,128,10,0.800000,4.511,128,4287,13
sift1m,10000,128,29,10,0.010000,reader_adaptive,32,256,10,1.000000,9.283,256,8691,47
sift1m,10000,128,29,10,0.010000,reader_adaptive,64,512,10,1.000000,17.976,512,16900,114
sift1m,10000,128,29,10,0.050000,reader_adaptive,8,64,10,1.000000,2.402,64,2190,116
sift1m,10000,128,29,10,0.050000,reader_adaptive,16,128,10,1.000000,4.506,128,4287,228
sift1m,10000,128,29,10,0.050000,reader_adaptive,32,256,10,1.000000,10.457,256,8691,493
sift1m,10000,128,29,10,0.050000,reader_adaptive,64,512,10,1.000000,19.790,512,16900,931
sift1m,10000,128,29,10,0.100000,reader_adaptive,8,64,10,1.000000,2.591,64,2190,258
sift1m,10000,128,29,10,0.100000,reader_adaptive,16,128,10,1.000000,4.872,128,4287,465
sift1m,10000,128,29,10,0.100000,reader_adaptive,32,256,10,1.000000,10.458,256,8691,944
sift1m,10000,128,29,10,0.100000,reader_adaptive,64,512,10,1.000000,19.853,512,16900,1732
sift1m,10000,128,29,10,0.500000,reader_adaptive,8,16,10,1.000000,0.609,16,457,237
sift1m,10000,128,29,10,0.500000,reader_adaptive,16,32,10,1.000000,1.178,32,1027,532
sift1m,10000,128,29,10,0.500000,reader_adaptive,32,64,10,1.000000,2.691,64,2190,1107
sift1m,10000,128,29,10,0.500000,reader_adaptive,64,128,10,1.000000,5.045,128,4287,2104
sift1m,10000,128,29,10,1.000000,reader_adaptive,8,8,10,1.000000,0.277,8,200,200
sift1m,10000,128,29,10,1.000000,reader_adaptive,16,16,10,1.000000,0.535,16,457,457
sift1m,10000,128,29,10,1.000000,reader_adaptive,32,32,10,1.000000,1.138,32,1027,1027
sift1m,10000,128,29,10,1.000000,reader_adaptive,64,64,10,1.000000,2.521,64,2190,2190
sift1m,10000,128,30,10,0.001000,reader_adaptive,8,64,3,0.428571,2.715,64,2288,4
sift1m,10000,128,30,10,0.001000,reader_adaptive,16,128,3,0.428571,5.213,128,4386,6
sift1m,10000,128,30,10,0.001000,reader_adaptive,32,256,5,0.714286,11.012,256,8753,12
sift1m,10000,128,30,10,0.001000,reader_adaptive,64,512,5,0.714286,20.551,512,16972,17
sift1m,10000,128,30,10,0.010000,reader_adaptive,8,64,10,0.700000,2.860,64,2288,24
sift1m,10000,128,30,10,0.010000,reader_adaptive,16,128,10,0.900000,4.998,128,4386,37
sift1m,10000,128,30,10,0.010000,reader_adaptive,32,256,10,1.000000,10.471,256,8753,76
sift1m,10000,128,30,10,0.010000,reader_adaptive,64,512,10,1.000000,20.688,512,16972,163
sift1m,10000,128,30,10,0.050000,reader_adaptive,8,64,10,1.000000,3.069,64,2288,115
sift1m,10000,128,30,10,0.050000,reader_adaptive,16,128,10,1.000000,5.357,128,4386,210
sift1m,10000,128,30,10,0.050000,reader_adaptive,32,256,10,1.000000,10.522,256,8753,451
sift1m,10000,128,30,10,0.050000,reader_adaptive,64,512,10,1.000000,19.710,512,16972,863
sift1m,10000,128,30,10,0.100000,reader_adaptive,8,64,10,1.000000,2.668,64,2288,181
sift1m,10000,128,30,10,0.100000,reader_adaptive,16,128,10,1.000000,5.347,128,4386,371
sift1m,10000,128,30,10,0.100000,reader_adaptive,32,256,10,1.000000,9.654,256,8753,735
sift1m,10000,128,30,10,0.100000,reader_adaptive,64,512,10,1.000000,51.832,512,16972,1532
sift1m,10000,128,30,10,0.500000,reader_adaptive,8,16,10,1.000000,0.910,16,575,281
sift1m,10000,128,30,10,0.500000,reader_adaptive,16,32,10,1.000000,1.441,32,1168,547
sift1m,10000,128,30,10,0.500000,reader_adaptive,32,64,10,1.000000,2.811,64,2288,1082
sift1m,10000,128,30,10,0.500000,reader_adaptive,64,128,10,1.000000,5.199,128,4386,2084
sift1m,10000,128,30,10,1.000000,reader_adaptive,8,8,10,1.000000,0.456,8,289,289
sift1m,10000,128,30,10,1.000000,reader_adaptive,16,16,10,1.000000,0.677,16,575,575
sift1m,10000,128,30,10,1.000000,reader_adaptive,32,32,10,1.000000,1.341,32,1168,1168
sift1m,10000,128,30,10,1.000000,reader_adaptive,64,64,10,1.000000,2.502,64,2288,2288
sift1m,10000,128,31,10,0.001000,reader_adaptive,8,64,4,0.400000,2.556,64,2272,7
sift1m,10000,128,31,10,0.001000,reader_adaptive,16,128,6,0.600000,4.971,128,4539,11
sift1m,10000,128,31,10,0.001000,reader_adaptive,32,256,7,0.700000,9.550,256,8867,19
sift1m,10000,128,31,10,0.001000,reader_adaptive,64,512,9,0.800000,17.773,512,16823,28
sift1m,10000,128,31,10,0.010000,reader_adaptive,8,64,10,0.900000,2.533,64,2272,24
sift1m,10000,128,31,10,0.010000,reader_adaptive,16,128,10,1.000000,4.938,128,4539,43
sift1m,10000,128,31,10,0.010000,reader_adaptive,32,256,10,1.000000,10.660,256,8867,82
sift1m,10000,128,31,10,0.010000,reader_adaptive,64,512,10,1.000000,20.262,512,16823,160
sift1m,10000,128,31,10,0.050000,reader_adaptive,8,64,10,1.000000,2.631,64,2272,102
sift1m,10000,128,31,10,0.050000,reader_adaptive,16,128,10,1.000000,4.969,128,4539,210
sift1m,10000,128,31,10,0.050000,reader_adaptive,32,256,10,1.000000,9.658,256,8867,406
sift1m,10000,128,31,10,0.050000,reader_adaptive,64,512,10,1.000000,19.037,512,16823,796
sift1m,10000,128,31,10,0.100000,reader_adaptive,8,64,10,1.000000,2.844,64,2272,211
sift1m,10000,128,31,10,0.100000,reader_adaptive,16,128,10,1.000000,5.570,128,4539,408
sift1m,10000,128,31,10,0.100000,reader_adaptive,32,256,10,1.000000,10.365,256,8867,764
sift1m,10000,128,31,10,0.100000,reader_adaptive,64,512,10,1.000000,19.275,512,16823,1504
sift1m,10000,128,31,10,0.500000,reader_adaptive,8,16,10,1.000000,0.878,16,550,259
sift1m,10000,128,31,10,0.500000,reader_adaptive,16,32,10,1.000000,1.618,32,1174,588
sift1m,10000,128,31,10,0.500000,reader_adaptive,32,64,10,1.000000,2.728,64,2272,1142
sift1m,10000,128,31,10,0.500000,reader_adaptive,64,128,10,1.000000,5.511,128,4539,2330
sift1m,10000,128,31,10,1.000000,reader_adaptive,8,8,10,1.000000,0.461,8,300,300
sift1m,10000,128,31,10,1.000000,reader_adaptive,16,16,10,1.000000,0.664,16,550,550
sift1m,10000,128,31,10,1.000000,reader_adaptive,32,32,10,1.000000,1.409,32,1174,1174
sift1m,10000,128,31,10,1.000000,reader_adaptive,64,64,10,1.000000,2.707,64,2272,2272
sift1m,10000,128,32,10,0.001000,reader_adaptive,8,64,0,0.000000,2.585,64,2188,0
sift1m,10000,128,32,10,0.001000,reader_adaptive,16,128,3,0.750000,5.022,128,4466,6
sift1m,10000,128,32,10,0.001000,reader_adaptive,32,256,3,0.750000,9.425,256,8820,7
sift1m,10000,128,32,10,0.001000,reader_adaptive,64,512,3,0.750000,17.906,512,16851,10
sift1m,10000,128,32,10,0.010000,reader_adaptive,8,64,10,0.900000,2.353,64,2188,27
sift1m,10000,128,32,10,0.010000,reader_adaptive,16,128,10,1.000000,4.745,128,4466,52
sift1m,10000,128,32,10,0.010000,reader_adaptive,32,256,10,1.000000,9.412,256,8820,93
sift1m,10000,128,32,10,0.010000,reader_adaptive,64,512,10,1.000000,20.160,512,16851,170
sift1m,10000,128,32,10,0.050000,reader_adaptive,8,64,10,1.000000,2.596,64,2188,139
sift1m,10000,128,32,10,0.050000,reader_adaptive,16,128,10,1.000000,5.209,128,4466,264
sift1m,10000,128,32,10,0.050000,reader_adaptive,32,256,10,1.000000,10.221,256,8820,494
sift1m,10000,128,32,10,0.050000,reader_adaptive,64,512,10,1.000000,19.850,512,16851,908
sift1m,10000,128,32,10,0.100000,reader_adaptive,8,64,10,1.000000,2.607,64,2188,217
sift1m,10000,128,32,10,0.100000,reader_adaptive,16,128,10,1.000000,5.096,128,4466,416
sift1m,10000,128,32,10,0.100000,reader_adaptive,32,256,10,1.000000,10.369,256,8820,807
sift1m,10000,128,32,10,0.100000,reader_adaptive,64,512,10,1.000000,19.576,512,16851,1622
sift1m,10000,128,32,10,0.500000,reader_adaptive,8,16,10,0.900000,0.920,16,631,304
sift1m,10000,128,32,10,0.500000,reader_adaptive,16,32,10,0.900000,1.598,32,1170,572
sift1m,10000,128,32,10,0.500000,reader_adaptive,32,64,10,1.000000,3.014,64,2188,1106
sift1m,10000,128,32,10,0.500000,reader_adaptive,64,128,10,1.000000,5.395,128,4466,2223
sift1m,10000,128,32,10,1.000000,reader_adaptive,8,8,10,0.600000,0.483,8,293,293
sift1m,10000,128,32,10,1.000000,reader_adaptive,16,16,10,0.900000,0.819,16,631,631
sift1m,10000,128,32,10,1.000000,reader_adaptive,32,32,10,0.900000,1.711,32,1170,1170
sift1m,10000,128,32,10,1.000000,reader_adaptive,64,64,10,1.000000,2.925,64,2188,2188
sift1m,10000,128,33,10,0.001000,reader_adaptive,8,64,1,0.125000,3.094,64,2308,1
sift1m,10000,128,33,10,0.001000,reader_adaptive,16,128,3,0.375000,5.748,128,4511,3
sift1m,10000,128,33,10,0.001000,reader_adaptive,32,256,4,0.500000,10.858,256,8750,8
sift1m,10000,128,33,10,0.001000,reader_adaptive,64,512,4,0.500000,20.461,512,16663,13
sift1m,10000,128,33,10,0.010000,reader_adaptive,8,64,10,0.700000,2.820,64,2308,18
sift1m,10000,128,33,10,0.010000,reader_adaptive,16,128,10,0.900000,5.080,128,4511,43
sift1m,10000,128,33,10,0.010000,reader_adaptive,32,256,10,1.000000,9.342,256,8750,90
sift1m,10000,128,33,10,0.010000,reader_adaptive,64,512,10,1.000000,17.435,512,16663,188
sift1m,10000,128,33,10,0.050000,reader_adaptive,8,64,10,1.000000,2.589,64,2308,116
sift1m,10000,128,33,10,0.050000,reader_adaptive,16,128,10,1.000000,4.844,128,4511,204
sift1m,10000,128,33,10,0.050000,reader_adaptive,32,256,10,1.000000,9.306,256,8750,406
sift1m,10000,128,33,10,0.050000,reader_adaptive,64,512,10,1.000000,19.098,512,16663,768
sift1m,10000,128,33,10,0.100000,reader_adaptive,8,64,10,0.900000,2.898,64,2308,288
sift1m,10000,128,33,10,0.100000,reader_adaptive,16,128,10,1.000000,5.337,128,4511,532
sift1m,10000,128,33,10,0.100000,reader_adaptive,32,256,10,1.000000,11.091,256,8750,1014
sift1m,10000,128,33,10,0.100000,reader_adaptive,64,512,10,1.000000,18.977,512,16663,1871
sift1m,10000,128,33,10,0.500000,reader_adaptive,8,16,10,0.800000,0.968,16,590,302
sift1m,10000,128,33,10,0.500000,reader_adaptive,16,32,10,0.900000,1.558,32,1143,589
sift1m,10000,128,33,10,0.500000,reader_adaptive,32,64,10,0.900000,2.849,64,2308,1196
sift1m,10000,128,33,10,0.500000,reader_adaptive,64,128,10,1.000000,5.449,128,4511,2337
sift1m,10000,128,33,10,1.000000,reader_adaptive,8,8,10,0.700000,0.448,8,303,303
sift1m,10000,128,33,10,1.000000,reader_adaptive,16,16,10,0.700000,0.684,16,590,590
sift1m,10000,128,33,10,1.000000,reader_adaptive,32,32,10,1.000000,1.336,32,1143,1143
sift1m,10000,128,33,10,1.000000,reader_adaptive,64,64,10,1.000000,2.648,64,2308,2308
sift1m,10000,128,34,10,0.001000,reader_adaptive,8,64,0,0.000000,2.421,64,2210,0
sift1m,10000,128,34,10,0.001000,reader_adaptive,16,128,0,0.000000,4.880,128,4454,0
sift1m,10000,128,34,10,0.001000,reader_adaptive,32,256,2,0.250000,9.764,256,8765,3
sift1m,10000,128,34,10,0.001000,reader_adaptive,64,512,2,0.250000,19.014,512,16899,5
sift1m,10000,128,34,10,0.010000,reader_adaptive,8,64,10,0.800000,2.635,64,2210,33
sift1m,10000,128,34,10,0.010000,reader_adaptive,16,128,10,1.000000,4.999,128,4454,64
sift1m,10000,128,34,10,0.010000,reader_adaptive,32,256,10,1.000000,9.741,256,8765,108
sift1m,10000,128,34,10,0.010000,reader_adaptive,64,512,10,1.000000,18.711,512,16899,197
sift1m,10000,128,34,10,0.050000,reader_adaptive,8,64,10,1.000000,2.570,64,2210,97
sift1m,10000,128,34,10,0.050000,reader_adaptive,16,128,10,1.000000,5.073,128,4454,218
sift1m,10000,128,34,10,0.050000,reader_adaptive,32,256,10,1.000000,9.395,256,8765,470
sift1m,10000,128,34,10,0.050000,reader_adaptive,64,512,10,1.000000,17.976,512,16899,924
sift1m,10000,128,34,10,0.100000,reader_adaptive,8,64,10,1.000000,2.456,64,2210,216
sift1m,10000,128,34,10,0.100000,reader_adaptive,16,128,10,1.000000,4.795,128,4454,447
sift1m,10000,128,34,10,0.100000,reader_adaptive,32,256,10,1.000000,9.409,256,8765,869
sift1m,10000,128,34,10,0.100000,reader_adaptive,64,512,10,1.000000,17.863,512,16899,1667
sift1m,10000,128,34,10,0.500000,reader_adaptive,8,16,10,1.000000,0.684,16,566,263
sift1m,10000,128,34,10,0.500000,reader_adaptive,16,32,10,1.000000,1.223,32,1098,538
sift1m,10000,128,34,10,0.500000,reader_adaptive,32,64,10,1.000000,2.423,64,2210,1078
sift1m,10000,128,34,10,0.500000,reader_adaptive,64,128,10,1.000000,4.824,128,4454,2178
sift1m,10000,128,34,10,1.000000,reader_adaptive,8,8,10,1.000000,0.410,8,318,318
sift1m,10000,128,34,10,1.000000,reader_adaptive,16,16,10,1.000000,0.645,16,566,566
sift1m,10000,128,34,10,1.000000,reader_adaptive,32,32,10,1.000000,1.202,32,1098,1098
sift1m,10000,128,34,10,1.000000,reader_adaptive,64,64,10,1.000000,2.400,64,2210,2210
sift1m,10000,128,35,10,0.001000,reader_adaptive,8,64,1,0.142857,2.492,64,2293,1
sift1m,10000,128,35,10,0.001000,reader_adaptive,16,128,3,0.428571,4.544,128,4373,4
sift1m,10000,128,35,10,0.001000,reader_adaptive,32,256,3,0.428571,8.926,256,8581,5
sift1m,10000,128,35,10,0.001000,reader_adaptive,64,512,3,0.428571,17.105,512,16575,12
sift1m,10000,128,35,10,0.010000,reader_adaptive,8,64,10,0.800000,2.526,64,2293,30
sift1m,10000,128,35,10,0.010000,reader_adaptive,16,128,10,0.900000,4.665,128,4373,57
sift1m,10000,128,35,10,0.010000,reader_adaptive,32,256,10,1.000000,9.204,256,8581,120
sift1m,10000,128,35,10,0.010000,reader_adaptive,64,512,10,1.000000,17.400,512,16575,206
sift1m,10000,128,35,10,0.050000,reader_adaptive,8,64,10,0.900000,2.484,64,2293,106
sift1m,10000,128,35,10,0.050000,reader_adaptive,16,128,10,1.000000,4.626,128,4373,193
sift1m,10000,128,35,10,0.050000,reader_adaptive,32,256,10,1.000000,9.061,256,8581,405
sift1m,10000,128,35,10,0.050000,reader_adaptive,64,512,10,1.000000,17.305,512,16575,812
sift1m,10000,128,35,10,0.100000,reader_adaptive,8,64,10,1.000000,2.518,64,2293,235
sift1m,10000,128,35,10,0.100000,reader_adaptive,16,128,10,1.000000,4.639,128,4373,463
sift1m,10000,128,35,10,0.100000,reader_adaptive,32,256,10,1.000000,9.050,256,8581,926
sift1m,10000,128,35,10,0.100000,reader_adaptive,64,512,10,1.000000,17.448,512,16575,1746
sift1m,10000,128,35,10,0.500000,reader_adaptive,8,16,10,1.000000,0.713,16,596,299
sift1m,10000,128,35,10,0.500000,reader_adaptive,16,32,10,1.000000,1.285,32,1156,582
sift1m,10000,128,35,10,0.500000,reader_adaptive,32,64,10,1.000000,2.500,64,2293,1130
sift1m,10000,128,35,10,0.500000,reader_adaptive,64,128,10,1.000000,4.694,128,4373,2161
sift1m,10000,128,35,10,1.000000,reader_adaptive,8,8,10,0.700000,0.356,8,288,288
sift1m,10000,128,35,10,1.000000,reader_adaptive,16,16,10,0.900000,0.676,16,596,596
sift1m,10000,128,35,10,1.000000,reader_adaptive,32,32,10,1.000000,1.283,32,1156,1156
sift1m,10000,128,35,10,1.000000,reader_adaptive,64,64,10,1.000000,2.528,64,2293,2293
sift1m,10000,128,36,10,0.001000,reader_adaptive,8,64,1,0.100000,2.471,64,2261,1
sift1m,10000,128,36,10,0.001000,reader_adaptive,16,128,2,0.200000,4.988,128,4648,3
sift1m,10000,128,36,10,0.001000,reader_adaptive,32,256,3,0.300000,9.067,256,8694,9
sift1m,10000,128,36,10,0.001000,reader_adaptive,64,512,7,0.700000,17.368,512,16644,16
sift1m,10000,128,36,10,0.010000,reader_adaptive,8,64,10,0.700000,2.507,64,2261,15
sift1m,10000,128,36,10,0.010000,reader_adaptive,16,128,10,0.900000,5.040,128,4648,37
sift1m,10000,128,36,10,0.010000,reader_adaptive,32,256,10,1.000000,9.217,256,8694,71
sift1m,10000,128,36,10,0.010000,reader_adaptive,64,512,10,1.000000,18.777,512,16644,144
sift1m,10000,128,36,10,0.050000,reader_adaptive,8,64,10,0.900000,2.831,64,2261,127
sift1m,10000,128,36,10,0.050000,reader_adaptive,16,128,10,1.000000,5.321,128,4648,253
sift1m,10000,128,36,10,0.050000,reader_adaptive,32,256,10,1.000000,9.712,256,8694,469
sift1m,10000,128,36,10,0.050000,reader_adaptive,64,512,10,1.000000,17.668,512,16644,876
sift1m,10000,128,36,10,0.100000,reader_adaptive,8,64,10,1.000000,2.585,64,2261,223
sift1m,10000,128,36,10,0.100000,reader_adaptive,16,128,10,1.000000,5.031,128,4648,463
sift1m,10000,128,36,10,0.100000,reader_adaptive,32,256,10,1.000000,9.274,256,8694,915
sift1m,10000,128,36,10,0.100000,reader_adaptive,64,512,10,1.000000,19.169,512,16644,1820
sift1m,10000,128,36,10,0.500000,reader_adaptive,8,16,10,0.900000,0.952,16,584,298
sift1m,10000,128,36,10,0.500000,reader_adaptive,16,32,10,1.000000,1.597,32,1184,617
sift1m,10000,128,36,10,0.500000,reader_adaptive,32,64,10,1.000000,2.949,64,2261,1192
sift1m,10000,128,36,10,0.500000,reader_adaptive,64,128,10,1.000000,5.787,128,4648,2380
sift1m,10000,128,36,10,1.000000,reader_adaptive,8,8,10,0.800000,0.539,8,304,304
sift1m,10000,128,36,10,1.000000,reader_adaptive,16,16,10,1.000000,0.877,16,584,584
sift1m,10000,128,36,10,1.000000,reader_adaptive,32,32,10,1.000000,1.532,32,1184,1184
sift1m,10000,128,36,10,1.000000,reader_adaptive,64,64,10,1.000000,2.827,64,2261,2261
sift1m,10000,128,37,10,0.001000,reader_adaptive,8,64,2,0.200000,2.642,64,2277,2
sift1m,10000,128,37,10,0.001000,reader_adaptive,16,128,3,0.300000,4.684,128,4301,5
sift1m,10000,128,37,10,0.001000,reader_adaptive,32,256,6,0.600000,9.889,256,8451,12
sift1m,10000,128,37,10,0.001000,reader_adaptive,64,512,7,0.700000,18.530,512,16802,17
sift1m,10000,128,37,10,0.010000,reader_adaptive,8,64,10,0.600000,2.600,64,2277,17
sift1m,10000,128,37,10,0.010000,reader_adaptive,16,128,10,0.800000,4.676,128,4301,36
sift1m,10000,128,37,10,0.010000,reader_adaptive,32,256,10,1.000000,9.118,256,8451,67
sift1m,10000,128,37,10,0.010000,reader_adaptive,64,512,10,1.000000,18.904,512,16802,120
sift1m,10000,128,37,10,0.050000,reader_adaptive,8,64,10,0.800000,2.721,64,2277,100
sift1m,10000,128,37,10,0.050000,reader_adaptive,16,128,10,0.900000,4.846,128,4301,191
sift1m,10000,128,37,10,0.050000,reader_adaptive,32,256,10,1.000000,9.256,256,8451,349
sift1m,10000,128,37,10,0.050000,reader_adaptive,64,512,10,1.000000,18.409,512,16802,730
sift1m,10000,128,37,10,0.100000,reader_adaptive,8,64,10,1.000000,2.684,64,2277,193
sift1m,10000,128,37,10,0.100000,reader_adaptive,16,128,10,1.000000,4.873,128,4301,387
sift1m,10000,128,37,10,0.100000,reader_adaptive,32,256,10,1.000000,9.297,256,8451,773
sift1m,10000,128,37,10,0.100000,reader_adaptive,64,512,10,1.000000,18.905,512,16802,1550
sift1m,10000,128,37,10,0.500000,reader_adaptive,8,16,10,1.000000,0.710,16,552,275
sift1m,10000,128,37,10,0.500000,reader_adaptive,16,32,10,1.000000,1.208,32,1078,521
sift1m,10000,128,37,10,0.500000,reader_adaptive,32,64,10,1.000000,2.705,64,2277,1117
sift1m,10000,128,37,10,0.500000,reader_adaptive,64,128,10,1.000000,4.959,128,4301,2069
sift1m,10000,128,37,10,1.000000,reader_adaptive,8,8,10,0.700000,0.383,8,259,259
sift1m,10000,128,37,10,1.000000,reader_adaptive,16,16,10,1.000000,0.682,16,552,552
sift1m,10000,128,37,10,1.000000,reader_adaptive,32,32,10,1.000000,1.257,32,1078,1078
sift1m,10000,128,37,10,1.000000,reader_adaptive,64,64,10,1.000000,2.618,64,2277,2277
sift1m,10000,128,38,10,0.001000,reader_adaptive,8,64,0,0.000000,2.599,64,2290,0
sift1m,10000,128,38,10,0.001000,reader_adaptive,16,128,2,0.200000,4.940,128,4463,2
sift1m,10000,128,38,10,0.001000,reader_adaptive,32,256,4,0.400000,10.189,256,8888,7
sift1m,10000,128,38,10,0.001000,reader_adaptive,64,512,6,0.600000,23.201,512,16925,16
sift1m,10000,128,38,10,0.010000,reader_adaptive,8,64,10,0.700000,2.679,64,2290,20
sift1m,10000,128,38,10,0.010000,reader_adaptive,16,128,10,0.800000,5.142,128,4463,40
sift1m,10000,128,38,10,0.010000,reader_adaptive,32,256,10,1.000000,10.464,256,8888,72
sift1m,10000,128,38,10,0.010000,reader_adaptive,64,512,10,1.000000,20.622,512,16925,129
sift1m,10000,128,38,10,0.050000,reader_adaptive,8,64,10,1.000000,2.737,64,2290,122
sift1m,10000,128,38,10,0.050000,reader_adaptive,16,128,10,1.000000,5.111,128,4463,235
sift1m,10000,128,38,10,0.050000,reader_adaptive,32,256,10,1.000000,10.068,256,8888,444
sift1m,10000,128,38,10,0.050000,reader_adaptive,64,512,10,1.000000,18.860,512,16925,803
sift1m,10000,128,38,10,0.100000,reader_adaptive,8,64,10,1.000000,2.864,64,2290,247
sift1m,10000,128,38,10,0.100000,reader_adaptive,16,128,10,1.000000,5.266,128,4463,464
sift1m,10000,128,38,10,0.100000,reader_adaptive,32,256,10,1.000000,10.133,256,8888,870
sift1m,10000,128,38,10,0.100000,reader_adaptive,64,512,10,1.000000,18.782,512,16925,1603
sift1m,10000,128,38,10,0.500000,reader_adaptive,8,16,10,1.000000,0.719,16,555,264
sift1m,10000,128,38,10,0.500000,reader_adaptive,16,32,10,1.000000,1.342,32,1181,577
sift1m,10000,128,38,10,0.500000,reader_adaptive,32,64,10,1.000000,2.892,64,2290,1152
sift1m,10000,128,38,10,0.500000,reader_adaptive,64,128,10,1.000000,5.680,128,4463,2267
sift1m,10000,128,38,10,1.000000,reader_adaptive,8,8,10,1.000000,0.402,8,260,260
sift1m,10000,128,38,10,1.000000,reader_adaptive,16,16,10,1.000000,0.659,16,555,555
sift1m,10000,128,38,10,1.000000,reader_adaptive,32,32,10,1.000000,1.604,32,1181,1181
sift1m,10000,128,38,10,1.000000,reader_adaptive,64,64,10,1.000000,2.707,64,2290,2290
sift1m,10000,128,39,10,0.001000,reader_adaptive,8,64,5,0.500000,2.283,64,2094,10
sift1m,10000,128,39,10,0.001000,reader_adaptive,16,128,7,0.700000,4.593,128,4274,14
sift1m,10000,128,39,10,0.001000,reader_adaptive,32,256,9,0.900000,9.265,256,8619,19
sift1m,10000,128,39,10,0.001000,reader_adaptive,64,512,10,1.000000,17.967,512,16871,40
sift1m,10000,128,39,10,0.010000,reader_adaptive,8,64,10,1.000000,2.261,64,2094,36
sift1m,10000,128,39,10,0.010000,reader_adaptive,16,128,10,1.000000,4.552,128,4274,68
sift1m,10000,128,39,10,0.010000,reader_adaptive,32,256,10,1.000000,9.209,256,8619,117
sift1m,10000,128,39,10,0.010000,reader_adaptive,64,512,10,1.000000,17.872,512,16871,198
sift1m,10000,128,39,10,0.050000,reader_adaptive,8,64,10,1.000000,2.228,64,2094,95
sift1m,10000,128,39,10,0.050000,reader_adaptive,16,128,10,1.000000,5.039,128,4274,203
sift1m,10000,128,39,10,0.050000,reader_adaptive,32,256,10,1.000000,9.659,256,8619,386
sift1m,10000,128,39,10,0.050000,reader_adaptive,64,512,10,1.000000,18.738,512,16871,849
sift1m,10000,128,39,10,0.100000,reader_adaptive,8,64,10,1.000000,2.450,64,2094,215
sift1m,10000,128,39,10,0.100000,reader_adaptive,16,128,10,1.000000,4.876,128,4274,417
sift1m,10000,128,39,10,0.100000,reader_adaptive,32,256,10,1.000000,9.973,256,8619,891
sift1m,10000,128,39,10,0.100000,reader_adaptive,64,512,10,1.000000,19.224,512,16871,1762
sift1m,10000,128,39,10,0.500000,reader_adaptive,8,16,10,1.000000,0.762,16,560,265
sift1m,10000,128,39,10,0.500000,reader_adaptive,16,32,10,1.000000,1.277,32,1050,515
sift1m,10000,128,39,10,0.500000,reader_adaptive,32,64,10,1.000000,2.560,64,2094,1066
sift1m,10000,128,39,10,0.500000,reader_adaptive,64,128,10,1.000000,4.895,128,4274,2159
sift1m,10000,128,39,10,1.000000,reader_adaptive,8,8,10,1.000000,0.392,8,295,295
sift1m,10000,128,39,10,1.000000,reader_adaptive,16,16,10,1.000000,0.665,16,560,560
sift1m,10000,128,39,10,1.000000,reader_adaptive,32,32,10,1.000000,1.198,32,1050,1050
sift1m,10000,128,39,10,1.000000,reader_adaptive,64,64,10,1.000000,2.341,64,2094,2094
sift1m,10000,128,40,10,0.001000,reader_adaptive,8,64,0,0.000000,2.627,64,2311,0
sift1m,10000,128,40,10,0.001000,reader_adaptive,16,128,1,0.111111,5.056,128,4462,2
sift1m,10000,128,40,10,0.001000,reader_adaptive,32,256,2,0.222222,10.151,256,8793,3
sift1m,10000,128,40,10,0.001000,reader_adaptive,64,512,4,0.444444,18.721,512,16864,10
sift1m,10000,128,40,10,0.010000,reader_adaptive,8,64,10,0.900000,2.709,64,2311,30
sift1m,10000,128,40,10,0.010000,reader_adaptive,16,128,10,1.000000,5.117,128,4462,64
sift1m,10000,128,40,10,0.010000,reader_adaptive,32,256,10,1.000000,10.187,256,8793,129
sift1m,10000,128,40,10,0.010000,reader_adaptive,64,512,10,1.000000,19.611,512,16864,229
sift1m,10000,128,40,10,0.050000,reader_adaptive,8,64,10,1.000000,2.703,64,2311,120
sift1m,10000,128,40,10,0.050000,reader_adaptive,16,128,10,1.000000,5.033,128,4462,228
sift1m,10000,128,40,10,0.050000,reader_adaptive,32,256,10,1.000000,9.732,256,8793,423
sift1m,10000,128,40,10,0.050000,reader_adaptive,64,512,10,1.000000,18.605,512,16864,857
sift1m,10000,128,40,10,0.100000,reader_adaptive,8,64,10,1.000000,2.646,64,2311,221
sift1m,10000,128,40,10,0.100000,reader_adaptive,16,128,10,1.000000,5.056,128,4462,403
sift1m,10000,128,40,10,0.100000,reader_adaptive,32,256,10,1.000000,10.088,256,8793,813
sift1m,10000,128,40,10,0.100000,reader_adaptive,64,512,10,1.000000,19.141,512,16864,1653
sift1m,10000,128,40,10,0.500000,reader_adaptive,8,16,10,1.000000,0.702,16,547,274
sift1m,10000,128,40,10,0.500000,reader_adaptive,16,32,10,1.000000,1.390,32,1173,605
sift1m,10000,128,40,10,0.500000,reader_adaptive,32,64,10,1.000000,2.790,64,2311,1188
sift1m,10000,128,40,10,0.500000,reader_adaptive,64,128,10,1.000000,5.108,128,4462,2261
sift1m,10000,128,40,10,1.000000,reader_adaptive,8,8,10,1.000000,0.374,8,278,278
sift1m,10000,128,40,10,1.000000,reader_adaptive,16,16,10,1.000000,0.640,16,547,547
sift1m,10000,128,40,10,1.000000,reader_adaptive,32,32,10,1.000000,1.366,32,1173,1173
sift1m,10000,128,40,10,1.000000,reader_adaptive,64,64,10,1.000000,2.678,64,2311,2311
sift1m,10000,128,41,10,0.001000,reader_adaptive,8,64,2,0.222222,2.450,64,2150,2
sift1m,10000,128,41,10,0.001000,reader_adaptive,16,128,3,0.333333,4.834,128,4308,3
sift1m,10000,128,41,10,0.001000,reader_adaptive,32,256,6,0.666667,9.641,256,8512,12
sift1m,10000,128,41,10,0.001000,reader_adaptive,64,512,7,0.777778,18.168,512,16738,20
sift1m,10000,128,41,10,0.010000,reader_adaptive,8,64,10,0.700000,2.424,64,2150,14
sift1m,10000,128,41,10,0.010000,reader_adaptive,16,128,10,1.000000,4.760,128,4308,37
sift1m,10000,128,41,10,0.010000,reader_adaptive,32,256,10,1.000000,9.349,256,8512,80
sift1m,10000,128,41,10,0.010000,reader_adaptive,64,512,10,1.000000,19.454,512,16738,161
sift1m,10000,128,41,10,0.050000,reader_adaptive,8,64,10,1.000000,2.593,64,2150,60
sift1m,10000,128,41,10,0.050000,reader_adaptive,16,128,10,1.000000,4.940,128,4308,164
sift1m,10000,128,41,10,0.050000,reader_adaptive,32,256,10,1.000000,9.208,256,8512,392
sift1m,10000,128,41,10,0.050000,reader_adaptive,64,512,10,1.000000,18.008,512,16738,799
sift1m,10000,128,41,10,0.100000,reader_adaptive,8,64,10,1.000000,2.355,64,2150,206
sift1m,10000,128,41,10,0.100000,reader_adaptive,16,128,10,1.000000,5.047,128,4308,420
sift1m,10000,128,41,10,0.100000,reader_adaptive,32,256,10,1.000000,9.745,256,8512,825
sift1m,10000,128,41,10,0.100000,reader_adaptive,64,512,10,1.000000,18.861,512,16738,1656
sift1m,10000,128,41,10,0.500000,reader_adaptive,8,16,10,1.000000,0.709,16,538,252
sift1m,10000,128,41,10,0.500000,reader_adaptive,16,32,10,1.000000,1.273,32,1055,502
sift1m,10000,128,41,10,0.500000,reader_adaptive,32,64,10,1.000000,2.498,64,2150,1059
sift1m,10000,128,41,10,0.500000,reader_adaptive,64,128,10,1.000000,4.897,128,4308,2144
sift1m,10000,128,41,10,1.000000,reader_adaptive,8,8,10,1.000000,0.379,8,272,272
sift1m,10000,128,41,10,1.000000,reader_adaptive,16,16,10,1.000000,0.625,16,538,538
sift1m,10000,128,41,10,1.000000,reader_adaptive,32,32,10,1.000000,1.234,32,1055,1055
sift1m,10000,128,41,10,1.000000,reader_adaptive,64,64,10,1.000000,2.412,64,2150,2150
sift1m,10000,128,42,10,0.001000,reader_adaptive,8,64,1,0.100000,2.419,64,2156,1
sift1m,10000,128,42,10,0.001000,reader_adaptive,16,128,2,0.200000,4.695,128,4287,2
sift1m,10000,128,42,10,0.001000,reader_adaptive,32,256,2,0.200000,9.280,256,8606,3
sift1m,10000,128,42,10,0.001000,reader_adaptive,64,512,4,0.400000,18.042,512,16905,11
sift1m,10000,128,42,10,0.010000,reader_adaptive,8,64,10,0.600000,2.294,64,2156,22
sift1m,10000,128,42,10,0.010000,reader_adaptive,16,128,10,1.000000,4.553,128,4287,45
sift1m,10000,128,42,10,0.010000,reader_adaptive,32,256,10,1.000000,9.108,256,8606,81
sift1m,10000,128,42,10,0.010000,reader_adaptive,64,512,10,1.000000,17.767,512,16905,148
sift1m,10000,128,42,10,0.050000,reader_adaptive,8,64,10,0.900000,2.243,64,2156,98
sift1m,10000,128,42,10,0.050000,reader_adaptive,16,128,10,1.000000,4.489,128,4287,224
sift1m,10000,128,42,10,0.050000,reader_adaptive,32,256,10,1.000000,9.030,256,8606,443
sift1m,10000,128,42,10,0.050000,reader_adaptive,64,512,10,1.000000,17.980,512,16905,860
sift1m,10000,128,42,10,0.100000,reader_adaptive,8,64,10,1.000000,2.501,64,2156,198
sift1m,10000,128,42,10,0.100000,reader_adaptive,16,128,10,1.000000,4.699,128,4287,392
sift1m,10000,128,42,10,0.100000,reader_adaptive,32,256,10,1.000000,9.350,256,8606,812
sift1m,10000,128,42,10,0.100000,reader_adaptive,64,512,10,1.000000,18.151,512,16905,1708
sift1m,10000,128,42,10,0.500000,reader_adaptive,8,16,10,1.000000,0.640,16,512,232
sift1m,10000,128,42,10,0.500000,reader_adaptive,16,32,10,1.000000,1.210,32,1063,496
sift1m,10000,128,42,10,0.500000,reader_adaptive,32,64,10,1.000000,2.379,64,2156,1024
sift1m,10000,128,42,10,0.500000,reader_adaptive,64,128,10,1.000000,4.756,128,4287,2046
sift1m,10000,128,42,10,1.000000,reader_adaptive,8,8,10,0.800000,0.343,8,269,269
sift1m,10000,128,42,10,1.000000,reader_adaptive,16,16,10,1.000000,0.556,16,512,512
sift1m,10000,128,42,10,1.000000,reader_adaptive,32,32,10,1.000000,1.125,32,1063,1063
sift1m,10000,128,42,10,1.000000,reader_adaptive,64,64,10,1.000000,2.281,64,2156,2156
sift1m,10000,128,43,10,0.001000,reader_adaptive,8,64,4,0.400000,2.696,64,2328,15
sift1m,10000,128,43,10,0.001000,reader_adaptive,16,128,5,0.500000,4.939,128,4585,20
sift1m,10000,128,43,10,0.001000,reader_adaptive,32,256,7,0.700000,10.434,256,8970,29
sift1m,10000,128,43,10,0.001000,reader_adaptive,64,512,10,0.900000,22.590,512,16909,39
sift1m,10000,128,43,10,0.010000,reader_adaptive,8,64,10,0.700000,2.845,64,2328,22
sift1m,10000,128,43,10,0.010000,reader_adaptive,16,128,10,1.000000,5.585,128,4585,41
sift1m,10000,128,43,10,0.010000,reader_adaptive,32,256,10,1.000000,10.883,256,8970,86
sift1m,10000,128,43,10,0.010000,reader_adaptive,64,512,10,1.000000,19.799,512,16909,179
sift1m,10000,128,43,10,0.050000,reader_adaptive,8,64,10,1.000000,3.008,64,2328,101
sift1m,10000,128,43,10,0.050000,reader_adaptive,16,128,10,1.000000,5.541,128,4585,191
sift1m,10000,128,43,10,0.050000,reader_adaptive,32,256,10,1.000000,10.512,256,8970,393
sift1m,10000,128,43,10,0.050000,reader_adaptive,64,512,10,1.000000,19.271,512,16909,785
sift1m,10000,128,43,10,0.100000,reader_adaptive,8,64,10,1.000000,2.708,64,2328,242
sift1m,10000,128,43,10,0.100000,reader_adaptive,16,128,10,1.000000,5.046,128,4585,507
sift1m,10000,128,43,10,0.100000,reader_adaptive,32,256,10,1.000000,9.830,256,8970,1014
sift1m,10000,128,43,10,0.100000,reader_adaptive,64,512,10,1.000000,18.459,512,16909,1837
sift1m,10000,128,43,10,0.500000,reader_adaptive,8,16,10,0.900000,0.718,16,567,264
sift1m,10000,128,43,10,0.500000,reader_adaptive,16,32,10,1.000000,1.401,32,1206,542
sift1m,10000,128,43,10,0.500000,reader_adaptive,32,64,10,1.000000,2.639,64,2328,1111
sift1m,10000,128,43,10,0.500000,reader_adaptive,64,128,10,1.000000,5.206,128,4585,2197
sift1m,10000,128,43,10,1.000000,reader_adaptive,8,8,10,0.700000,0.348,8,261,261
sift1m,10000,128,43,10,1.000000,reader_adaptive,16,16,10,1.000000,0.673,16,567,567
sift1m,10000,128,43,10,1.000000,reader_adaptive,32,32,10,1.000000,1.360,32,1206,1206
sift1m,10000,128,43,10,1.000000,reader_adaptive,64,64,10,1.000000,2.611,64,2328,2328
sift1m,10000,128,44,10,0.001000,reader_adaptive,8,64,1,0.200000,2.272,64,2056,1
sift1m,10000,128,44,10,0.001000,reader_adaptive,16,128,1,0.200000,4.493,128,4207,1
sift1m,10000,128,44,10,0.001000,reader_adaptive,32,256,2,0.400000,9.031,256,8478,3
sift1m,10000,128,44,10,0.001000,reader_adaptive,64,512,4,0.800000,17.746,512,16658,9
sift1m,10000,128,44,10,0.010000,reader_adaptive,8,64,10,0.700000,2.455,64,2056,22
sift1m,10000,128,44,10,0.010000,reader_adaptive,16,128,10,0.900000,4.863,128,4207,48
sift1m,10000,128,44,10,0.010000,reader_adaptive,32,256,10,1.000000,9.453,256,8478,94
sift1m,10000,128,44,10,0.010000,reader_adaptive,64,512,10,1.000000,18.230,512,16658,199
sift1m,10000,128,44,10,0.050000,reader_adaptive,8,64,10,1.000000,2.361,64,2056,88
sift1m,10000,128,44,10,0.050000,reader_adaptive,16,128,10,1.000000,4.984,128,4207,196
sift1m,10000,128,44,10,0.050000,reader_adaptive,32,256,10,1.000000,9.739,256,8478,445
sift1m,10000,128,44,10,0.050000,reader_adaptive,64,512,10,1.000000,18.777,512,16658,891
sift1m,10000,128,44,10,0.100000,reader_adaptive,8,64,10,1.000000,2.348,64,2056,196
sift1m,10000,128,44,10,0.100000,reader_adaptive,16,128,10,1.000000,4.691,128,4207,395
sift1m,10000,128,44,10,0.100000,reader_adaptive,32,256,10,1.000000,9.230,256,8478,842
sift1m,10000,128,44,10,0.100000,reader_adaptive,64,512,10,1.000000,18.740,512,16658,1650
sift1m,10000,128,44,10,0.500000,reader_adaptive,8,16,10,1.000000,0.685,16,500,250
sift1m,10000,128,44,10,0.500000,reader_adaptive,16,32,10,1.000000,1.122,32,984,511
sift1m,10000,128,44,10,0.500000,reader_adaptive,32,64,10,1.000000,2.321,64,2056,1014
sift1m,10000,128,44,10,0.500000,reader_adaptive,64,128,10,1.000000,5.138,128,4207,2101
sift1m,10000,128,44,10,1.000000,reader_adaptive,8,8,10,0.900000,0.375,8,246,246
sift1m,10000,128,44,10,1.000000,reader_adaptive,16,16,10,1.000000,0.600,16,500,500
sift1m,10000,128,44,10,1.000000,reader_adaptive,32,32,10,1.000000,1.109,32,984,984
sift1m,10000,128,44,10,1.000000,reader_adaptive,64,64,10,1.000000,2.465,64,2056,2056
sift1m,10000,128,45,10,0.001000,reader_adaptive,8,64,0,0.000000,2.531,64,2126,0
sift1m,10000,128,45,10,0.001000,reader_adaptive,16,128,1,0.100000,4.882,128,4345,1
sift1m,10000,128,45,10,0.001000,reader_adaptive,32,256,3,0.300000,9.691,256,8685,6
sift1m,10000,128,45,10,0.001000,reader_adaptive,64,512,4,0.400000,19.410,512,16866,10
sift1m,10000,128,45,10,0.010000,reader_adaptive,8,64,10,0.800000,2.505,64,2126,22
sift1m,10000,128,45,10,0.010000,reader_adaptive,16,128,10,1.000000,5.117,128,4345,49
sift1m,10000,128,45,10,0.010000,reader_adaptive,32,256,10,1.000000,9.415,256,8685,106
sift1m,10000,128,45,10,0.010000,reader_adaptive,64,512,10,1.000000,18.079,512,16866,222
sift1m,10000,128,45,10,0.050000,reader_adaptive,8,64,10,1.000000,2.287,64,2126,109
sift1m,10000,128,45,10,0.050000,reader_adaptive,16,128,10,1.000000,4.637,128,4345,219
sift1m,10000,128,45,10,0.050000,reader_adaptive,32,256,10,1.000000,9.874,256,8685,410
sift1m,10000,128,45,10,0.050000,reader_adaptive,64,512,10,1.000000,19.582,512,16866,797
sift1m,10000,128,45,10,0.100000,reader_adaptive,8,64,10,1.000000,2.421,64,2126,208
sift1m,10000,128,45,10,0.100000,reader_adaptive,16,128,10,1.000000,4.966,128,4345,436
sift1m,10000,128,45,10,0.100000,reader_adaptive,32,256,10,1.000000,9.683,256,8685,865
sift1m,10000,128,45,10,0.100000,reader_adaptive,64,512,10,1.000000,18.616,512,16866,1598
sift1m,10000,128,45,10,0.500000,reader_adaptive,8,16,10,0.900000,0.646,16,510,256
sift1m,10000,128,45,10,0.500000,reader_adaptive,16,32,10,0.900000,1.121,32,1029,543
sift1m,10000,128,45,10,0.500000,reader_adaptive,32,64,10,1.000000,2.293,64,2126,1124
sift1m,10000,128,45,10,0.500000,reader_adaptive,64,128,10,1.000000,4.741,128,4345,2226
sift1m,10000,128,45,10,1.000000,reader_adaptive,8,8,10,0.800000,0.314,8,263,263
sift1m,10000,128,45,10,1.000000,reader_adaptive,16,16,10,1.000000,0.559,16,510,510
sift1m,10000,128,45,10,1.000000,reader_adaptive,32,32,10,1.000000,1.132,32,1029,1029
sift1m,10000,128,45,10,1.000000,reader_adaptive,64,64,10,1.000000,2.365,64,2126,2126
sift1m,10000,128,46,10,0.001000,reader_adaptive,8,64,1,0.125000,2.442,64,2226,1
sift1m,10000,128,46,10,0.001000,reader_adaptive,16,128,1,0.125000,4.548,128,4321,1
sift1m,10000,128,46,10,0.001000,reader_adaptive,32,256,1,0.125000,8.640,256,8378,1
sift1m,10000,128,46,10,0.001000,reader_adaptive,64,512,2,0.250000,17.358,512,16665,2
sift1m,10000,128,46,10,0.010000,reader_adaptive,8,64,10,1.000000,2.417,64,2226,16
sift1m,10000,128,46,10,0.010000,reader_adaptive,16,128,10,1.000000,4.548,128,4321,34
sift1m,10000,128,46,10,0.010000,reader_adaptive,32,256,10,1.000000,8.694,256,8378,60
sift1m,10000,128,46,10,0.010000,reader_adaptive,64,512,10,1.000000,17.430,512,16665,114
sift1m,10000,128,46,10,0.050000,reader_adaptive,8,64,10,1.000000,2.428,64,2226,124
sift1m,10000,128,46,10,0.050000,reader_adaptive,16,128,10,1.000000,4.544,128,4321,227
sift1m,10000,128,46,10,0.050000,reader_adaptive,32,256,10,1.000000,8.984,256,8378,435
sift1m,10000,128,46,10,0.050000,reader_adaptive,64,512,10,1.000000,17.668,512,16665,879
sift1m,10000,128,46,10,0.100000,reader_adaptive,8,64,10,1.000000,2.497,64,2226,225
sift1m,10000,128,46,10,0.100000,reader_adaptive,16,128,10,1.000000,4.632,128,4321,442
sift1m,10000,128,46,10,0.100000,reader_adaptive,32,256,10,1.000000,8.807,256,8378,800
sift1m,10000,128,46,10,0.100000,reader_adaptive,64,512,10,1.000000,17.602,512,16665,1586
sift1m,10000,128,46,10,0.500000,reader_adaptive,8,16,10,1.000000,0.726,16,582,306
sift1m,10000,128,46,10,0.500000,reader_adaptive,16,32,10,1.000000,1.242,32,1107,558
sift1m,10000,128,46,10,0.500000,reader_adaptive,32,64,10,1.000000,2.461,64,2226,1135
sift1m,10000,128,46,10,0.500000,reader_adaptive,64,128,10,1.000000,4.661,128,4321,2198
sift1m,10000,128,46,10,1.000000,reader_adaptive,8,8,10,1.000000,0.388,8,311,311
sift1m,10000,128,46,10,1.000000,reader_adaptive,16,16,10,1.000000,0.669,16,582,582
sift1m,10000,128,46,10,1.000000,reader_adaptive,32,32,10,1.000000,1.227,32,1107,1107
sift1m,10000,128,46,10,1.000000,reader_adaptive,64,64,10,1.000000,2.433,64,2226,2226
sift1m,10000,128,47,10,0.001000,reader_adaptive,8,64,2,0.200000,2.397,64,2254,2
sift1m,10000,128,47,10,0.001000,reader_adaptive,16,128,2,0.200000,4.614,128,4381,2
sift1m,10000,128,47,10,0.001000,reader_adaptive,32,256,5,0.500000,8.985,256,8671,8
sift1m,10000,128,47,10,0.001000,reader_adaptive,64,512,7,0.700000,17.168,512,16559,25
sift1m,10000,128,47,10,0.010000,reader_adaptive,8,64,10,0.700000,2.435,64,2254,25
sift1m,10000,128,47,10,0.010000,reader_adaptive,16,128,10,1.000000,4.621,128,4381,48
sift1m,10000,128,47,10,0.010000,reader_adaptive,32,256,10,1.000000,9.053,256,8671,78
sift1m,10000,128,47,10,0.010000,reader_adaptive,64,512,10,1.000000,17.173,512,16559,152
sift1m,10000,128,47,10,0.050000,reader_adaptive,8,64,10,0.800000,2.436,64,2254,110
sift1m,10000,128,47,10,0.050000,reader_adaptive,16,128,10,0.900000,4.657,128,4381,211
sift1m,10000,128,47,10,0.050000,reader_adaptive,32,256,10,0.900000,8.998,256,8671,435
sift1m,10000,128,47,10,0.050000,reader_adaptive,64,512,10,1.000000,17.369,512,16559,868
sift1m,10000,128,47,10,0.100000,reader_adaptive,8,64,10,1.000000,2.486,64,2254,194
sift1m,10000,128,47,10,0.100000,reader_adaptive,16,128,10,1.000000,4.673,128,4381,395
sift1m,10000,128,47,10,0.100000,reader_adaptive,32,256,10,1.000000,9.127,256,8671,828
sift1m,10000,128,47,10,0.100000,reader_adaptive,64,512,10,1.000000,18.717,512,16559,1671
sift1m,10000,128,47,10,0.500000,reader_adaptive,8,16,10,0.800000,0.811,16,598,287
sift1m,10000,128,47,10,0.500000,reader_adaptive,16,32,10,1.000000,1.397,32,1124,539
sift1m,10000,128,47,10,0.500000,reader_adaptive,32,64,10,1.000000,2.644,64,2254,1067
sift1m,10000,128,47,10,0.500000,reader_adaptive,64,128,10,1.000000,4.959,128,4381,2105
sift1m,10000,128,47,10,1.000000,reader_adaptive,8,8,10,0.500000,0.438,8,309,309
sift1m,10000,128,47,10,1.000000,reader_adaptive,16,16,10,0.700000,0.703,16,598,598
sift1m,10000,128,47,10,1.000000,reader_adaptive,32,32,10,1.000000,1.280,32,1124,1124
sift1m,10000,128,47,10,1.000000,reader_adaptive,64,64,10,1.000000,2.632,64,2254,2254
sift1m,10000,128,48,10,0.001000,reader_adaptive,8,64,1,0.142857,2.642,64,2282,1
sift1m,10000,128,48,10,0.001000,reader_adaptive,16,128,2,0.285714,5.320,128,4460,2
sift1m,10000,128,48,10,0.001000,reader_adaptive,32,256,3,0.428571,10.041,256,8762,4
sift1m,10000,128,48,10,0.001000,reader_adaptive,64,512,5,0.714286,18.781,512,16889,9
sift1m,10000,128,48,10,0.010000,reader_adaptive,8,64,10,0.600000,2.665,64,2282,22
sift1m,10000,128,48,10,0.010000,reader_adaptive,16,128,10,1.000000,5.420,128,4460,47
sift1m,10000,128,48,10,0.010000,reader_adaptive,32,256,10,1.000000,9.585,256,8762,99
sift1m,10000,128,48,10,0.010000,reader_adaptive,64,512,10,1.000000,18.377,512,16889,190
sift1m,10000,128,48,10,0.050000,reader_adaptive,8,64,10,1.000000,2.611,64,2282,120
sift1m,10000,128,48,10,0.050000,reader_adaptive,16,128,10,1.000000,5.090,128,4460,247
sift1m,10000,128,48,10,0.050000,reader_adaptive,32,256,10,1.000000,9.806,256,8762,500
sift1m,10000,128,48,10,0.050000,reader_adaptive,64,512,10,1.000000,20.549,512,16889,872
sift1m,10000,128,48,10,0.100000,reader_adaptive,8,64,10,1.000000,2.913,64,2282,180
sift1m,10000,128,48,10,0.100000,reader_adaptive,16,128,10,1.000000,5.483,128,4460,375
sift1m,10000,128,48,10,0.100000,reader_adaptive,32,256,10,1.000000,10.407,256,8762,774
sift1m,10000,128,48,10,0.100000,reader_adaptive,64,512,10,1.000000,19.185,512,16889,1554
sift1m,10000,128,48,10,0.500000,reader_adaptive,8,16,10,1.000000,0.756,16,563,296
sift1m,10000,128,48,10,0.500000,reader_adaptive,16,32,10,1.000000,1.409,32,1179,606
sift1m,10000,128,48,10,0.500000,reader_adaptive,32,64,10,1.000000,2.672,64,2282,1181
sift1m,10000,128,48,10,0.500000,reader_adaptive,64,128,10,1.000000,5.436,128,4460,2294
sift1m,10000,128,48,10,1.000000,reader_adaptive,8,8,10,1.000000,0.507,8,277,277
sift1m,10000,128,48,10,1.000000,reader_adaptive,16,16,10,1.000000,0.779,16,563,563
sift1m,10000,128,48,10,1.000000,reader_adaptive,32,32,10,1.000000,1.502,32,1179,1179
sift1m,10000,128,48,10,1.000000,reader_adaptive,64,64,10,1.000000,2.895,64,2282,2282
sift1m,10000,128,49,10,0.001000,reader_adaptive,8,64,1,0.100000,2.516,64,2203,1
sift1m,10000,128,49,10,0.001000,reader_adaptive,16,128,2,0.200000,5.209,128,4416,3
sift1m,10000,128,49,10,0.001000,reader_adaptive,32,256,5,0.500000,10.170,256,8759,9
sift1m,10000,128,49,10,0.001000,reader_adaptive,64,512,8,0.800000,18.970,512,16860,18
sift1m,10000,128,49,10,0.010000,reader_adaptive,8,64,10,0.900000,2.567,64,2203,33
sift1m,10000,128,49,10,0.010000,reader_adaptive,16,128,10,1.000000,4.728,128,4416,73
sift1m,10000,128,49,10,0.010000,reader_adaptive,32,256,10,1.000000,10.360,256,8759,129
sift1m,10000,128,49,10,0.010000,reader_adaptive,64,512,10,1.000000,20.520,512,16860,215
sift1m,10000,128,49,10,0.050000,reader_adaptive,8,64,10,1.000000,2.914,64,2203,162
sift1m,10000,128,49,10,0.050000,reader_adaptive,16,128,10,1.000000,5.400,128,4416,280
sift1m,10000,128,49,10,0.050000,reader_adaptive,32,256,10,1.000000,10.904,256,8759,500
sift1m,10000,128,49,10,0.050000,reader_adaptive,64,512,10,1.000000,19.787,512,16860,982
sift1m,10000,128,49,10,0.100000,reader_adaptive,8,64,10,1.000000,2.921,64,2203,232
sift1m,10000,128,49,10,0.100000,reader_adaptive,16,128,10,1.000000,5.212,128,4416,475
sift1m,10000,128,49,10,0.100000,reader_adaptive,32,256,10,1.000000,10.595,256,8759,855
sift1m,10000,128,49,10,0.100000,reader_adaptive,64,512,10,1.000000,19.183,512,16860,1620
sift1m,10000,128,49,10,0.500000,reader_adaptive,8,16,10,1.000000,0.845,16,608,311
sift1m,10000,128,49,10,0.500000,reader_adaptive,16,32,10,1.000000,1.444,32,1173,590
sift1m,10000,128,49,10,0.500000,reader_adaptive,32,64,10,1.000000,2.629,64,2203,1104
sift1m,10000,128,49,10,0.500000,reader_adaptive,64,128,10,1.000000,5.224,128,4416,2169
sift1m,10000,128,49,10,1.000000,reader_adaptive,8,8,10,1.000000,0.509,8,320,320
sift1m,10000,128,49,10,1.000000,reader_adaptive,16,16,10,1.000000,0.835,16,608,608
sift1m,10000,128,49,10,1.000000,reader_adaptive,32,32,10,1.000000,1.435,32,1173,1173
sift1m,10000,128,49,10,1.000000,reader_adaptive,64,64,10,1.000000,2.681,64,2203,2203
